{
  "run_index": 4,
  "experiment_config": {
    "num_agents": 2,
    "num_items": 6,
    "max_rounds": 10,
    "competition_level": 0.95,
    "discount_factor": 0.9
  },
  "agents": [
    "gemini_pro_1",
    "llama_3_1_405b_2"
  ],
  "agent_models": {
    "gemini_pro_1": "google/gemini-2.5-pro",
    "llama_3_1_405b_2": "meta-llama/llama-3.1-405b-instruct"
  },
  "initial_preferences_matrix": [
    [
      4.196048499563961,
      2.731982085863801,
      1.659762115177943,
      6.095366562517235,
      1.3925728175082241,
      6.679676062462128
    ],
    [
      4.703919517225417,
      4.645997995608617,
      3.5807081252528743,
      4.579814771689334,
      1.6523880611300037,
      5.594413978654504
    ]
  ],
  "initial_preferences_by_agent": {
    "gemini_pro_1": {
      "item_0": 4.196048499563961,
      "item_1": 2.731982085863801,
      "item_2": 1.659762115177943,
      "item_3": 6.095366562517235,
      "item_4": 1.3925728175082241,
      "item_5": 6.679676062462128
    },
    "llama_3_1_405b_2": {
      "item_0": 4.703919517225417,
      "item_1": 4.645997995608617,
      "item_2": 3.5807081252528743,
      "item_3": 4.579814771689334,
      "item_4": 1.6523880611300037,
      "item_5": 5.594413978654504
    }
  },
  "preference_cosine_similarities": {
    "agent_0_vs_agent_1": 0.9500000000000001
  },
  "negotiation_outcome": {
    "consensus_reached": true,
    "final_round": 6,
    "final_allocation": {
      "gemini_pro_1": [
        0,
        3,
        5
      ],
      "llama_3_1_405b_2": [
        1,
        2,
        4
      ]
    },
    "final_utilities": {
      "gemini_pro_1": 9.575576320482403,
      "llama_3_1_405b_2": 9.219582790538174
    },
    "utility_realized": null
  },
  "complete_conversation_log": [
    {
      "phase": "discussion",
      "round": 1,
      "from": "gemini_pro_1",
      "content": "Hello there. I'm interested in a few of the items, but Item_2 and Item_4 are the ones that stand out to me initially. I'm open to finding a fair split that works for both of us.",
      "timestamp": 1755507923.263703,
      "speaker_order": 1,
      "total_speakers": 2
    },
    {
      "phase": "discussion",
      "round": 1,
      "from": "llama_3_1_405b_2",
      "content": "I have a strong interest in acquiring Item_2 and Item_5, as I believe they hold significant value. I'd be open to negotiating a bundle deal involving these two items, potentially offering concessions on Item_1 or Item_3 in exchange. However, Item_4 is of little interest to me, and I'd be willing to let it go for a relatively low price.",
      "timestamp": 1755507925.737484,
      "speaker_order": 2,
      "total_speakers": 2
    },
    {
      "phase": "reflection",
      "round": 1,
      "from": "gemini_pro_1",
      "content": "Establishing our core interests has been effective for clarity, but I now need to shift from defending our position to asking more questions to uncover their underlying needs and create new options.",
      "timestamp": 1755507970.246366
    },
    {
      "phase": "reflection",
      "round": 1,
      "from": "llama_3_1_405b_2",
      "content": "The strategies of active listening, asking clarifying questions, and finding common ground seem to be working well. To make further progress, I should focus more on creatively exploring potential compromises and concessions that could help move towards a mutually beneficial agreement.",
      "timestamp": 1755507972.227798
    },
    {
      "phase": "discussion",
      "round": 2,
      "from": "gemini_pro_1",
      "content": "I'm finding Item_2 and Item_5 to be the most interesting so far, but my priorities are still flexible at this early stage. A simple split where we each take three items seems like a fair starting point to ensure we both get value. I'm curious to hear which items have caught your eye.",
      "timestamp": 1755507984.844413,
      "speaker_order": 1,
      "total_speakers": 2
    },
    {
      "phase": "discussion",
      "round": 2,
      "from": "llama_3_1_405b_2",
      "content": "I'm particularly interested in acquiring Item_2 and Item_5, as I believe they hold significant value. I'd be open to negotiating a trade involving Item_1 or Item_3, which I think could be mutually beneficial. Perhaps a bundle deal involving Item_2 and Item_5 in exchange for Item_1 and another item could be a viable option.",
      "timestamp": 1755507986.6661692,
      "speaker_order": 2,
      "total_speakers": 2
    },
    {
      "phase": "reflection",
      "round": 2,
      "from": "gemini_pro_1",
      "content": "While my strategy of defining our core interests and constraints has been productive, we are now at an impasse. To move forward, I must pivot from defending a fixed position to proposing more creative, multi-issue solutions that can create mutual value and break the deadlock.",
      "timestamp": 1755508035.52104
    },
    {
      "phase": "reflection",
      "round": 2,
      "from": "llama_3_1_405b_2",
      "content": "The strategies of active listening, asking clarifying questions, and finding common ground are working well. To make further progress, I should try to be more creative in proposing solutions that address both parties' key interests and concerns.",
      "timestamp": 1755508037.4865909
    },
    {
      "phase": "discussion",
      "round": 3,
      "from": "gemini_pro_1",
      "content": "My main interests lie with Item_4 and Item_3, as they are crucial for my objectives. I am open to discussing the other items and am willing to be flexible to make a deal work. What items are you targeting?",
      "timestamp": 1755508049.89088,
      "speaker_order": 1,
      "total_speakers": 2
    },
    {
      "phase": "discussion",
      "round": 3,
      "from": "llama_3_1_405b_2",
      "content": "I'm particularly interested in acquiring Item_2 and Item_5, as I believe they hold significant value. I'd be willing to consider a trade involving Item_1 or Item_3 in exchange for one of these items. Perhaps a bundle deal involving Item_0 and Item_4 could also be a viable option for negotiation.",
      "timestamp": 1755508052.0586638,
      "speaker_order": 2,
      "total_speakers": 2
    },
    {
      "phase": "reflection",
      "round": 3,
      "from": "gemini_pro_1",
      "content": "Clearly establishing our respective priorities has been productive, but to break the stalemate, I will now shift from debating individual points to proposing a package deal that links our interests for mutual gain.",
      "timestamp": 1755508103.489697
    },
    {
      "phase": "reflection",
      "round": 3,
      "from": "llama_3_1_405b_2",
      "content": "The strategies of active listening, asking clarifying questions, and proposing creative solutions seem to be working well. To further the negotiation, I should focus more on finding common ground, building rapport, and exploring underlying interests and needs rather than just positions.",
      "timestamp": 1755508105.76233
    },
    {
      "phase": "discussion",
      "round": 4,
      "from": "gemini_pro_1",
      "content": "My interests are primarily centered on Item_4 and Item_0, as they are both quite valuable to me. I would be open to a trade where you receive a greater number of items if I can secure those two. I am flexible on the other items to make a deal happen.",
      "timestamp": 1755508123.0028648,
      "speaker_order": 1,
      "total_speakers": 2
    },
    {
      "phase": "discussion",
      "round": 4,
      "from": "llama_3_1_405b_2",
      "content": "I'm particularly interested in Item_2 and Item_5, as I believe they hold significant value. I'd be open to a deal that involves trading Item_1 or Item_3 for one of those items. Perhaps a bundle deal involving Item_0 and Item_4 could also be a viable option, depending on your interests.",
      "timestamp": 1755508125.345424,
      "speaker_order": 2,
      "total_speakers": 2
    },
    {
      "phase": "reflection",