{
  "run_index": 0,
  "experiment_config": {
    "num_agents": 2,
    "num_items": 6,
    "max_rounds": 10,
    "competition_level": 0.95,
    "discount_factor": 0.9
  },
  "agents": [
    "gemini_pro_1",
    "gemini_pro_2"
  ],
  "agent_models": {
    "gemini_pro_1": "google/gemini-2.5-pro",
    "gemini_pro_2": "google/gemini-2.5-pro"
  },
  "initial_preferences_matrix": [
    [
      6.869088268713707,
      7.095710210443487,
      1.3575766172502313,
      4.801432020373295,
      9.303560349133607,
      0.017471148349708088
    ],
    [
      4.862706093202723,
      7.092673242451369,
      3.425713737156747,
      6.624932183780534,
      8.415757814911533,
      2.9299549897569874
    ]
  ],
  "initial_preferences_by_agent": {
    "gemini_pro_1": {
      "item_0": 6.869088268713707,
      "item_1": 7.095710210443487,
      "item_2": 1.3575766172502313,
      "item_3": 4.801432020373295,
      "item_4": 9.303560349133607,
      "item_5": 0.017471148349708088
    },
    "gemini_pro_2": {
      "item_0": 4.862706093202723,
      "item_1": 7.092673242451369,
      "item_2": 3.425713737156747,
      "item_3": 6.624932183780534,
      "item_4": 8.415757814911533,
      "item_5": 2.9299549897569874
    }
  },
  "preference_cosine_similarities": {
    "agent_0_vs_agent_1": 0.9500000000000002
  },
  "negotiation_outcome": {
    "consensus_reached": true,
    "final_round": 2,
    "final_allocation": {
      "gemini_pro_1": [
        1,
        3,
        5
      ],
      "gemini_pro_2": [
        0,
        2,
        4
      ]
    },
    "final_utilities": {
      "gemini_pro_1": 11.354657166353709,
      "gemini_pro_2": 9.12936662912897
    },
    "utility_realized": null
  },
  "complete_conversation_log": [
    {
      "phase": "discussion",
      "round": 1,
      "from": "gemini_pro_1",
      "content": "Hello, I'm still evaluating all the items, but Item_2 and Item_5 have initially caught my attention. I am open to any deal structure as long as it feels balanced and fair for both of us. Which items are you most interested in so we can find a good starting point?",
      "timestamp": 1755506591.335954,
      "speaker_order": 1,
      "total_speakers": 2
    },
    {
      "phase": "discussion",
      "round": 1,
      "from": "gemini_pro_2",
      "content": "I'm still evaluating all the items, but my initial interest is in Item_1, Item_3, and Item_5. I'm curious to hear what you are interested in so we can work towards a mutually beneficial deal.",
      "timestamp": 1755506607.1668348,
      "speaker_order": 2,
      "total_speakers": 2
    },
    {
      "phase": "reflection",
      "round": 1,
      "from": "gemini_pro_1",
      "content": "Clearly articulating my core interests has established a baseline, but now I must pivot from positional statements to asking probing questions that uncover their underlying needs and create opportunities for mutual gain.",
      "timestamp": 1755506683.155414
    },
    {
      "phase": "reflection",
      "round": 1,
      "from": "gemini_pro_2",
      "content": "Establishing our core interests has been a solid foundation, but to break the stalemate, I must now pivot from defending a fixed position to proposing creative, multi-part solutions that can create mutual gain.",
      "timestamp": 1755506697.405535
    },
    {
      "phase": "discussion",
      "round": 2,
      "from": "gemini_pro_1",
      "content": "After reviewing the items, I'm most interested in Item_2 and Item_5 at the moment. As a starting point, perhaps we could consider a simple trade. I would be happy to take Item_2 and Item_5 if you would take Item_0 and Item_3.",
      "timestamp": 1755506720.066748,
      "speaker_order": 1,
      "total_speakers": 2
    },
    {
      "phase": "discussion",
      "round": 2,
      "from": "gemini_pro_2",
      "content": "My main interests are aligning with Item_4 and Item_1 at the moment. I'm open to discussing a package deal that would be mutually beneficial, as I see potential for both of us to walk away with something we value. What items are you currently focused on acquiring?",
      "timestamp": 1755506732.702548,
      "speaker_order": 2,
      "total_speakers": 2
    }
  ],
  "all_proposals": [],
  "all_votes": [],
  "round_summaries": [],
  "timestamp": "2025-08-18T01:46:22.088283",
  "duration_seconds": 205.369225025177,
  "metrics": {
    "mean_utility": 10.242011897741339,
    "max_utility": 11.354657166353709,
    "min_utility": 9.12936662912897,
    "utility_spread": 2.2252905372247387
  }
}