{
  "run_index": 5,
  "experiment_config": {
    "num_agents": 2,
    "num_items": 6,
    "max_rounds": 10,
    "competition_level": 0.95,
    "discount_factor": 0.9
  },
  "agents": [
    "gemini_pro_1",
    "gemini_pro_2"
  ],
  "agent_models": {
    "gemini_pro_1": "google/gemini-2.5-pro",
    "gemini_pro_2": "google/gemini-2.5-pro"
  },
  "initial_preferences_matrix": [
    [
      1.5607049062476142,
      9.9851256315823,
      7.850386730465408,
      7.086946859136114,
      8.913102393298356,
      6.539338597234343
    ],
    [
      5.0022169479045,
      6.91333817251252,
      8.850037439489821,
      4.7710562646496335,
      9.035201488911643,
      8.981137971336178
    ]
  ],
  "initial_preferences_by_agent": {
    "gemini_pro_1": {
      "item_0": 1.5607049062476142,
      "item_1": 9.9851256315823,
      "item_2": 7.850386730465408,
      "item_3": 7.086946859136114,
      "item_4": 8.913102393298356,
      "item_5": 6.539338597234343
    },
    "gemini_pro_2": {
      "item_0": 5.0022169479045,
      "item_1": 6.91333817251252,
      "item_2": 8.850037439489821,
      "item_3": 4.7710562646496335,
      "item_4": 9.035201488911643,
      "item_5": 8.981137971336178
    }
  },
  "preference_cosine_similarities": {
    "agent_0_vs_agent_1": 0.9500000000000001
  },
  "negotiation_outcome": {
    "consensus_reached": true,
    "final_round": 1,
    "final_allocation": {
      "gemini_pro_1": [
        0,
        1,
        2
      ],
      "gemini_pro_2": [
        3,
        4,
        5
      ]
    },
    "final_utilities": {
      "gemini_pro_1": 10.591151473213065,
      "gemini_pro_2": 16.243615956158457
    },
    "utility_realized": null
  },
  "complete_conversation_log": [
    {
      "phase": "discussion",
      "round": 1,
      "from": "gemini_pro_1",
      "content": "Hello! I'm interested in a few of the items here, with Item_2 and Item_4 standing out to me the most. I'm open to any deal that feels balanced, but perhaps a simple split where we each take three items would be a good place to start our discussion.",
      "timestamp": 1755507055.4130418,
      "speaker_order": 1,
      "total_speakers": 2
    },
    {
      "phase": "discussion",
      "round": 1,
      "from": "gemini_pro_2",
      "content": "I see potential value across the board, but Item_2 and Item_5 are particularly interesting to me. I'm open to discussing a fair split of all the items, or perhaps a trade centered on those two.",
      "timestamp": 1755507066.914152,
      "speaker_order": 2,
      "total_speakers": 2
    }
  ],
  "all_proposals": [],
  "all_votes": [],
  "round_summaries": [],
  "timestamp": "2025-08-18T01:51:42.487398",
  "duration_seconds": 58.10753679275513,
  "metrics": {
    "mean_utility": 13.417383714685762,
    "max_utility": 16.243615956158457,
    "min_utility": 10.591151473213065,
    "utility_spread": 5.652464482945392
  }
}