{
  "run_index": 6,
  "experiment_config": {
    "num_agents": 2,
    "num_items": 6,
    "max_rounds": 10,
    "competition_level": 0.95,
    "discount_factor": 0.9
  },
  "agents": [
    "gemini_pro_1",
    "gemini_pro_2"
  ],
  "agent_models": {
    "gemini_pro_1": "google/gemini-2.5-pro",
    "gemini_pro_2": "google/gemini-2.5-pro"
  },
  "initial_preferences_matrix": [
    [
      6.880802785407311,
      9.684157649211132,
      6.376206891004115,
      7.4929572882875615,
      0.5248524871927629,
      2.3559468179215335
    ],
    [
      4.810431307877312,
      7.994163192800729,
      8.414373495524835,
      7.547372631835795,
      3.864266596536297,
      3.7430962201903566
    ]
  ],
  "initial_preferences_by_agent": {
    "gemini_pro_1": {
      "item_0": 6.880802785407311,
      "item_1": 9.684157649211132,
      "item_2": 6.376206891004115,
      "item_3": 7.4929572882875615,
      "item_4": 0.5248524871927629,
      "item_5": 2.3559468179215335
    },
    "gemini_pro_2": {
      "item_0": 4.810431307877312,
      "item_1": 7.994163192800729,
      "item_2": 8.414373495524835,
      "item_3": 7.547372631835795,
      "item_4": 3.864266596536297,
      "item_5": 3.7430962201903566
    }
  },
  "preference_cosine_similarities": {
    "agent_0_vs_agent_1": 0.95
  },
  "negotiation_outcome": {
    "consensus_reached": true,
    "final_round": 1,
    "final_allocation": {
      "gemini_pro_1": [
        0,
        1,
        2
      ],
      "gemini_pro_2": [
        3,
        4,
        5
      ]
    },
    "final_utilities": {
      "gemini_pro_1": 15.054305100591638,
      "gemini_pro_2": 20.486240603022242
    },
    "utility_realized": null
  },
  "complete_conversation_log": [
    {
      "phase": "discussion",
      "round": 1,
      "from": "gemini_pro_1",
      "content": "Hello! For me, Item_1, Item_3, and Item_4 hold the most interest, but I'm flexible. I think a fair outcome would be for each of us to get three items, so I'm open to any proposals along those lines.",
      "timestamp": 1755507115.286666,
      "speaker_order": 1,
      "total_speakers": 2
    },
    {
      "phase": "discussion",
      "round": 1,
      "from": "gemini_pro_2",
      "content": "Hello! I'm interested in a few of the items, particularly Item_0 and Item_5, but my preferences are pretty flexible at this stage. I'm aiming for a fair deal, so perhaps a simple 3-3 split would be a good place to start our discussion.",
      "timestamp": 1755507126.620152,
      "speaker_order": 2,
      "total_speakers": 2
    }
  ],
  "all_proposals": [],
  "all_votes": [],
  "round_summaries": [],
  "timestamp": "2025-08-18T01:52:52.063351",
  "duration_seconds": 69.57406115531921,
  "metrics": {
    "mean_utility": 17.77027285180694,
    "max_utility": 20.486240603022242,
    "min_utility": 15.054305100591638,
    "utility_spread": 5.431935502430605
  }
}