{
  "run_index": 3,
  "experiment_config": {
    "num_agents": 2,
    "num_items": 6,
    "max_rounds": 10,
    "competition_level": 0.95,
    "discount_factor": 0.9
  },
  "agents": [
    "gemini_pro_1",
    "gemini_pro_2"
  ],
  "agent_models": {
    "gemini_pro_1": "google/gemini-2.5-pro",
    "gemini_pro_2": "google/gemini-2.5-pro"
  },
  "initial_preferences_matrix": [
    [
      6.6997554669257315,
      6.0430822782839675,
      0.22228907317897173,
      4.961178035300403,
      4.485984341302018,
      4.035689032583819
    ],
    [
      5.3609006751436805,
      6.628453081723121,
      1.7218376423614112,
      7.129786699432505,
      3.4596491322740173,
      2.00890678653209
    ]
  ],
  "initial_preferences_by_agent": {
    "gemini_pro_1": {
      "item_0": 6.6997554669257315,
      "item_1": 6.0430822782839675,
      "item_2": 0.22228907317897173,
      "item_3": 4.961178035300403,
      "item_4": 4.485984341302018,
      "item_5": 4.035689032583819
    },
    "gemini_pro_2": {
      "item_0": 5.3609006751436805,
      "item_1": 6.628453081723121,
      "item_2": 1.7218376423614112,
      "item_3": 7.129786699432505,
      "item_4": 3.4596491322740173,
      "item_5": 2.00890678653209
    }
  },
  "preference_cosine_similarities": {
    "agent_0_vs_agent_1": 0.95
  },
  "negotiation_outcome": {
    "consensus_reached": true,
    "final_round": 1,
    "final_allocation": {
      "gemini_pro_1": [
        0,
        1,
        2
      ],
      "gemini_pro_2": [
        3,
        4,
        5
      ]
    },
    "final_utilities": {
      "gemini_pro_1": 5.045239860371359,
      "gemini_pro_2": 9.936729838776534
    },
    "utility_realized": null
  },
  "complete_conversation_log": [
    {
      "phase": "discussion",
      "round": 1,
      "from": "gemini_pro_1",
      "content": "Hello! I'm open to finding a deal that works for both of us. For me, Item_0 and Item_3 hold some particular interest, but I'm flexible. Perhaps we could consider a simple 3-3 split to start the conversation?",
      "timestamp": 1755506921.887291,
      "speaker_order": 1,
      "total_speakers": 2
    },
    {
      "phase": "discussion",
      "round": 1,
      "from": "gemini_pro_2",
      "content": "Hello, I'm looking forward to finding a deal that works for both of us. Based on my initial assessment, Item_0 and Item_1 hold the most significance for my interests. I'm open to discussing any package, but a deal that includes those two items would be a great starting point for me.",
      "timestamp": 1755506935.667628,
      "speaker_order": 2,
      "total_speakers": 2
    }
  ],
  "all_proposals": [],
  "all_votes": [],
  "round_summaries": [],
  "timestamp": "2025-08-18T01:49:31.075751",
  "duration_seconds": 60.10003089904785,
  "metrics": {
    "mean_utility": 7.490984849573946,
    "max_utility": 9.936729838776534,
    "min_utility": 5.045239860371359,
    "utility_spread": 4.8914899784051755
  }
}