{
  "run_index": 2,
  "experiment_config": {
    "num_agents": 2,
    "num_items": 6,
    "max_rounds": 10,
    "competition_level": 0.95,
    "discount_factor": 0.9
  },
  "agents": [
    "gemini_pro_1",
    "gemini_pro_2"
  ],
  "agent_models": {
    "gemini_pro_1": "google/gemini-2.5-pro",
    "gemini_pro_2": "google/gemini-2.5-pro"
  },
  "initial_preferences_matrix": [
    [
      5.05448004407536,
      1.7118275918801107,
      6.926250801998407,
      1.418468365298654,
      4.857377202698034,
      0.39679946248352693
    ],
    [
      4.826865225483919,
      2.862534024283626,
      5.795617667782212,
      3.125175906704248,
      4.5756092106185156,
      2.535715048287984
    ]
  ],
  "initial_preferences_by_agent": {
    "gemini_pro_1": {
      "item_0": 5.05448004407536,
      "item_1": 1.7118275918801107,
      "item_2": 6.926250801998407,
      "item_3": 1.418468365298654,
      "item_4": 4.857377202698034,
      "item_5": 0.39679946248352693
    },
    "gemini_pro_2": {
      "item_0": 4.826865225483919,
      "item_1": 2.862534024283626,
      "item_2": 5.795617667782212,
      "item_3": 3.125175906704248,
      "item_4": 4.5756092106185156,
      "item_5": 2.535715048287984
    }
  },
  "preference_cosine_similarities": {
    "agent_0_vs_agent_1": 0.9500000000000001
  },
  "negotiation_outcome": {
    "consensus_reached": true,
    "final_round": 1,
    "final_allocation": {
      "gemini_pro_1": [
        1,
        3,
        5
      ],
      "gemini_pro_2": [
        0,
        2,
        4
      ]
    },
    "final_utilities": {
      "gemini_pro_1": 10.047653456958539,
      "gemini_pro_2": 20.220641697304398
    },
    "utility_realized": null
  },
  "complete_conversation_log": [
    {
      "phase": "discussion",
      "round": 1,
      "from": "gemini_pro_1",
      "content": "Hello there. I'm interested in a few items, but Item_2 and Item_5 are the ones that catch my eye the most. I'm open to discussing any deal that would allow me to walk away with those two.",
      "timestamp": 1755506851.896777,
      "speaker_order": 1,
      "total_speakers": 2
    },
    {
      "phase": "discussion",
      "round": 1,
      "from": "gemini_pro_2",
      "content": "Based on my initial review, Item_4 and Item_5 hold the most significance for my interests. I am open to discussing a trade where I might take both of those in exchange for a package of other items. What are your priorities?",
      "timestamp": 1755506864.656961,
      "speaker_order": 2,
      "total_speakers": 2
    }
  ],
  "all_proposals": [],
  "all_votes": [],
  "round_summaries": [],
  "timestamp": "2025-08-18T01:48:30.973203",
  "duration_seconds": 70.66213870048523,
  "metrics": {
    "mean_utility": 15.134147577131468,
    "max_utility": 20.220641697304398,
    "min_utility": 10.047653456958539,
    "utility_spread": 10.172988240345859
  }
}