{
  "run_index": 4,
  "experiment_config": {
    "num_agents": 2,
    "num_items": 6,
    "max_rounds": 10,
    "competition_level": 0.95,
    "discount_factor": 0.9
  },
  "agents": [
    "gemini_pro_1",
    "gemini_pro_2"
  ],
  "agent_models": {
    "gemini_pro_1": "google/gemini-2.5-pro",
    "gemini_pro_2": "google/gemini-2.5-pro"
  },
  "initial_preferences_matrix": [
    [
      5.197904867802976,
      1.054931618086874,
      1.4264177474644069,
      3.0633608654811137,
      2.5245885556822656,
      3.0859048197903505
    ],
    [
      4.102349735689847,
      1.114647779672973,
      1.621513214153397,
      4.61817506934736,
      3.15273329890648,
      1.864943080312457
    ]
  ],
  "initial_preferences_by_agent": {
    "gemini_pro_1": {
      "item_0": 5.197904867802976,
      "item_1": 1.054931618086874,
      "item_2": 1.4264177474644069,
      "item_3": 3.0633608654811137,
      "item_4": 2.5245885556822656,
      "item_5": 3.0859048197903505
    },
    "gemini_pro_2": {
      "item_0": 4.102349735689847,
      "item_1": 1.114647779672973,
      "item_2": 1.621513214153397,
      "item_3": 4.61817506934736,
      "item_4": 3.15273329890648,
      "item_5": 1.864943080312457
    }
  },
  "preference_cosine_similarities": {
    "agent_0_vs_agent_1": 0.9500000000000001
  },
  "negotiation_outcome": {
    "consensus_reached": true,
    "final_round": 1,
    "final_allocation": {
      "gemini_pro_1": [
        0,
        1,
        2
      ],
      "gemini_pro_2": [
        3,
        4,
        5
      ]
    },
    "final_utilities": {
      "gemini_pro_1": 16.56085719134972,
      "gemini_pro_2": 11.2734638875521
    },
    "utility_realized": null
  },
  "complete_conversation_log": [
    {
      "phase": "discussion",
      "round": 1,
      "from": "gemini_pro_1",
      "content": "Hello, it's a pleasure to negotiate with you. My initial assessment suggests that Item_2, Item_4, and Item_5 hold the most potential value for me. I believe a fair outcome is possible, so perhaps we could explore a deal where we each end up with three items.",
      "timestamp": 1755506982.0751889,
      "speaker_order": 1,
      "total_speakers": 2
    },
    {
      "phase": "discussion",
      "round": 1,
      "from": "gemini_pro_2",
      "content": "Hello, it's a pleasure to negotiate with you. Looking over the items, I have a particular interest in Item_3 and Item_4. I am, however, open to discussing any potential package that might be mutually beneficial.",
      "timestamp": 1755506998.388698,
      "speaker_order": 2,
      "total_speakers": 2
    }
  ],
  "all_proposals": [],
  "all_votes": [],
  "round_summaries": [],
  "timestamp": "2025-08-18T01:50:44.377969",
  "duration_seconds": 73.30064988136292,
  "metrics": {
    "mean_utility": 13.91716053945091,
    "max_utility": 16.56085719134972,
    "min_utility": 11.2734638875521,
    "utility_spread": 5.287393303797618
  }
}