{
  "run_index": 9,
  "experiment_config": {
    "num_agents": 2,
    "num_items": 6,
    "max_rounds": 10,
    "competition_level": 0.95,
    "discount_factor": 0.9
  },
  "agents": [
    "gemini_pro_1",
    "gemini_pro_2"
  ],
  "agent_models": {
    "gemini_pro_1": "google/gemini-2.5-pro",
    "gemini_pro_2": "google/gemini-2.5-pro"
  },
  "initial_preferences_matrix": [
    [
      8.30474165508724,
      2.79238446950987,
      8.963473507721584,
      4.82158485327393,
      1.5539557859356379,
      2.550890793148637
    ],
    [
      6.169244114918012,
      4.934152720378963,
      7.7679649977765735,
      6.060392254216475,
      3.742279845442278,
      3.974893242180912
    ]
  ],
  "initial_preferences_by_agent": {
    "gemini_pro_1": {
      "item_0": 8.30474165508724,
      "item_1": 2.79238446950987,
      "item_2": 8.963473507721584,
      "item_3": 4.82158485327393,
      "item_4": 1.5539557859356379,
      "item_5": 2.550890793148637
    },
    "gemini_pro_2": {
      "item_0": 6.169244114918012,
      "item_1": 4.934152720378963,
      "item_2": 7.7679649977765735,
      "item_3": 6.060392254216475,
      "item_4": 3.742279845442278,
      "item_5": 3.974893242180912
    }
  },
  "preference_cosine_similarities": {
    "agent_0_vs_agent_1": 0.9500000000000002
  },
  "negotiation_outcome": {
    "consensus_reached": true,
    "final_round": 2,
    "final_allocation": {
      "gemini_pro_1": [
        3,
        4,
        5
      ],
      "gemini_pro_2": [
        0,
        1,
        2
      ]
    },
    "final_utilities": {
      "gemini_pro_1": 18.693522985202993,
      "gemini_pro_2": 21.756352944188905
    },
    "utility_realized": null
  },
  "complete_conversation_log": [
    {
      "phase": "discussion",
      "round": 1,
      "from": "gemini_pro_1",
      "content": "Hello. I'm open to discussing any configuration, but I'm initially most interested in Item_5 and Item_3. I'm confident we can construct a deal that benefits us both, so I'm keen to learn what items you value most.",
      "timestamp": 1755507316.467946,
      "speaker_order": 1,
      "total_speakers": 2
    },
    {
      "phase": "discussion",
      "round": 1,
      "from": "gemini_pro_2",
      "content": "I see potential value across the board, but Item_2 and Item_4 catch my eye initially. I'm curious to know which items you prioritize so we can start working towards a fair trade for both of us.",
      "timestamp": 1755507329.327337,
      "speaker_order": 2,
      "total_speakers": 2
    },
    {
      "phase": "reflection",
      "round": 1,
      "from": "gemini_pro_1",
      "content": "My strategy of clearly anchoring our discussion on my primary interests has been effective for establishing a baseline, but has not yet created movement. I will now shift to asking more open-ended questions to better understand their constraints and introduce new, tradable options to expand the potential for a solution.",
      "timestamp": 1755507394.027185
    },
    {
      "phase": "reflection",
      "round": 1,
      "from": "gemini_pro_2",
      "content": "Clearly articulating our positions has successfully defined the disagreement, but to break the impasse, I will now shift from defending a stance to proposing creative options that address our underlying interests.",
      "timestamp": 1755507411.668544
    },
    {
      "phase": "discussion",
      "round": 2,
      "from": "gemini_pro_1",
      "content": "I'm interested in a variety of items, particularly Item_2 and Item_5, as they would be a great combination for my collection. I'm open to different arrangements, but perhaps a deal where I take those two and one other could work for both of us. What are your priorities in this negotiation?",
      "timestamp": 1755507423.045001,
      "speaker_order": 1,
      "total_speakers": 2
    },
    {
      "phase": "discussion",
      "round": 2,
      "from": "gemini_pro_2",
      "content": "My primary interests are Item_2 and Item_5, as they are the most significant for my needs. I'm willing to be flexible on the other items to make a deal happen. What items are you targeting?",
      "timestamp": 1755507437.4187431,
      "speaker_order": 2,
      "total_speakers": 2
    }
  ],
  "all_proposals": [],
  "all_votes": [],
  "round_summaries": [],
  "timestamp": "2025-08-18T01:58:12.389589",
  "duration_seconds": 190.05685806274414,
  "metrics": {
    "mean_utility": 20.224937964695947,
    "max_utility": 21.756352944188905,
    "min_utility": 18.693522985202993,
    "utility_spread": 3.062829958985912
  }
}