{
  "run_index": 5,
  "experiment_config": {
    "num_agents": 2,
    "num_items": 6,
    "max_rounds": 10,
    "competition_level": 0.95,
    "discount_factor": 0.9
  },
  "agents": [
    "qwen_3_235b_a22b_2507_1",
    "qwen_3_235b_a22b_2507_2"
  ],
  "agent_models": {
    "qwen_3_235b_a22b_2507_1": "qwen/qwen3-235b-a22b-2507",
    "qwen_3_235b_a22b_2507_2": "qwen/qwen3-235b-a22b-2507"
  },
  "initial_preferences_matrix": [
    [
      0.12275620728456671,
      9.04650256540274,
      2.2034486800627064,
      6.991850044376529,
      0.08651546716947012,
      3.440061485392585
    ],
    [
      0.2621387099408742,
      7.52763297351425,
      3.657532791328892,
      6.113956682835866,
      1.6541754113769396,
      6.09988977050343
    ]
  ],
  "initial_preferences_by_agent": {
    "qwen_3_235b_a22b_2507_1": {
      "item_0": 0.12275620728456671,
      "item_1": 9.04650256540274,
      "item_2": 2.2034486800627064,
      "item_3": 6.991850044376529,
      "item_4": 0.08651546716947012,
      "item_5": 3.440061485392585
    },
    "qwen_3_235b_a22b_2507_2": {
      "item_0": 0.2621387099408742,
      "item_1": 7.52763297351425,
      "item_2": 3.657532791328892,
      "item_3": 6.113956682835866,
      "item_4": 1.6541754113769396,
      "item_5": 6.09988977050343
    }
  },
  "preference_cosine_similarities": {
    "agent_0_vs_agent_1": 0.9500000000000002
  },
  "negotiation_outcome": {
    "consensus_reached": true,
    "final_round": 1,
    "final_allocation": {
      "qwen_3_235b_a22b_2507_1": [
        0,
        1,
        2
      ],
      "qwen_3_235b_a22b_2507_2": [
        3,
        4,
        5
      ]
    },
    "final_utilities": {
      "qwen_3_235b_a22b_2507_1": 14.861557312245,
      "qwen_3_235b_a22b_2507_2": 16.55921245448361
    },
    "utility_realized": null
  },
  "complete_conversation_log": [
    {
      "phase": "discussion",
      "round": 1,
      "from": "qwen_3_235b_a22b_2507_1",
      "content": "I'm particularly interested in Item_0 and Item_3\u2014they're my top priorities. I'd be open to trading Item_1 or Item_5 if it helps me secure either of those.",
      "timestamp": 1755506708.7095838,
      "speaker_order": 1,
      "total_speakers": 2
    },
    {
      "phase": "discussion",
      "round": 1,
      "from": "qwen_3_235b_a22b_2507_2",
      "content": "I'm particularly interested in Item_0 and Item_3\u2014they're my top priorities. I'd be open to trading Item_1 and Item_5 in exchange for those, depending on the value you place on them. Let me know what you're looking for so we can find a mutually beneficial arrangement.",
      "timestamp": 1755506713.1555882,
      "speaker_order": 2,
      "total_speakers": 2
    }
  ],
  "all_proposals": [],
  "all_votes": [],
  "round_summaries": [],
  "timestamp": "2025-08-18T01:45:37.406681",
  "duration_seconds": 29.44621205329895,
  "metrics": {
    "mean_utility": 15.710384883364306,
    "max_utility": 16.55921245448361,
    "min_utility": 14.861557312245,
    "utility_spread": 1.6976551422386095
  }
}