{
  "run_index": 3,
  "experiment_config": {
    "num_agents": 2,
    "num_items": 6,
    "max_rounds": 10,
    "competition_level": 0.95,
    "discount_factor": 0.9
  },
  "agents": [
    "qwen_3_235b_a22b_2507_1",
    "qwen_3_235b_a22b_2507_2"
  ],
  "agent_models": {
    "qwen_3_235b_a22b_2507_1": "qwen/qwen3-235b-a22b-2507",
    "qwen_3_235b_a22b_2507_2": "qwen/qwen3-235b-a22b-2507"
  },
  "initial_preferences_matrix": [
    [
      9.783341005229609,
      7.612737561213123,
      0.33908582629784023,
      0.49815658088086856,
      9.71370063326766,
      7.806263809923993
    ],
    [
      10.0,
      7.79487734868306,
      4.146205093415376,
      3.3463260247104576,
      6.905732489189349,
      8.058496594043506
    ]
  ],
  "initial_preferences_by_agent": {
    "qwen_3_235b_a22b_2507_1": {
      "item_0": 9.783341005229609,
      "item_1": 7.612737561213123,
      "item_2": 0.33908582629784023,
      "item_3": 0.49815658088086856,
      "item_4": 9.71370063326766,
      "item_5": 7.806263809923993
    },
    "qwen_3_235b_a22b_2507_2": {
      "item_0": 10.0,
      "item_1": 7.79487734868306,
      "item_2": 4.146205093415376,
      "item_3": 3.3463260247104576,
      "item_4": 6.905732489189349,
      "item_5": 8.058496594043506
    }
  },
  "preference_cosine_similarities": {
    "agent_0_vs_agent_1": 0.9499422647343398
  },
  "negotiation_outcome": {
    "consensus_reached": true,
    "final_round": 1,
    "final_allocation": {
      "qwen_3_235b_a22b_2507_1": [
        0,
        1,
        2
      ],
      "qwen_3_235b_a22b_2507_2": [
        3,
        4,
        5
      ]
    },
    "final_utilities": {
      "qwen_3_235b_a22b_2507_1": 17.58008946641226,
      "qwen_3_235b_a22b_2507_2": 12.039886532146198
    },
    "utility_realized": null
  },
  "complete_conversation_log": [
    {
      "phase": "discussion",
      "round": 1,
      "from": "qwen_3_235b_a22b_2507_1",
      "content": "I'm particularly interested in Item_0 and Item_3\u2014they\u2019re high priority for me. I could see a deal where I take those in exchange for giving up Item_1 and Item_4, depending on what you value. Let\u2019s explore trades that balance our priorities.",
      "timestamp": 1755506672.7954528,
      "speaker_order": 1,
      "total_speakers": 2
    },
    {
      "phase": "discussion",
      "round": 1,
      "from": "qwen_3_235b_a22b_2507_2",
      "content": "I'm particularly interested in Item_0 and Item_3\u2014they\u2019re high priority for me. That said, I\u2019m open to creative deals; maybe we can find a bundle that works if you're willing to include those in a trade.",
      "timestamp": 1755506674.7177112,
      "speaker_order": 2,
      "total_speakers": 2
    }
  ],
  "all_proposals": [],
  "all_votes": [],
  "round_summaries": [],
  "timestamp": "2025-08-18T01:44:46.111237",
  "duration_seconds": 15.60667085647583,
  "metrics": {
    "mean_utility": 14.80998799927923,
    "max_utility": 17.58008946641226,
    "min_utility": 12.039886532146198,
    "utility_spread": 5.540202934266063
  }
}