{
  "run_index": 4,
  "experiment_config": {
    "num_agents": 2,
    "num_items": 6,
    "max_rounds": 10,
    "competition_level": 0.95,
    "discount_factor": 0.9
  },
  "agents": [
    "qwen_3_235b_a22b_2507_1",
    "qwen_3_235b_a22b_2507_2"
  ],
  "agent_models": {
    "qwen_3_235b_a22b_2507_1": "qwen/qwen3-235b-a22b-2507",
    "qwen_3_235b_a22b_2507_2": "qwen/qwen3-235b-a22b-2507"
  },
  "initial_preferences_matrix": [
    [
      9.136257830493207,
      5.518582780192316,
      5.724039772627295,
      5.215421440998021,
      0.5700913098847893,
      9.683957486077349
    ],
    [
      6.316572681355873,
      5.685148062303091,
      8.496885731658754,
      6.9173667284660105,
      3.005936954440999,
      8.166551681737872
    ]
  ],
  "initial_preferences_by_agent": {
    "qwen_3_235b_a22b_2507_1": {
      "item_0": 9.136257830493207,
      "item_1": 5.518582780192316,
      "item_2": 5.724039772627295,
      "item_3": 5.215421440998021,
      "item_4": 0.5700913098847893,
      "item_5": 9.683957486077349
    },
    "qwen_3_235b_a22b_2507_2": {
      "item_0": 6.316572681355873,
      "item_1": 5.685148062303091,
      "item_2": 8.496885731658754,
      "item_3": 6.9173667284660105,
      "item_4": 3.005936954440999,
      "item_5": 8.166551681737872
    }
  },
  "preference_cosine_similarities": {
    "agent_0_vs_agent_1": 0.95
  },
  "negotiation_outcome": {
    "consensus_reached": true,
    "final_round": 1,
    "final_allocation": {
      "qwen_3_235b_a22b_2507_1": [
        0,
        1,
        2
      ],
      "qwen_3_235b_a22b_2507_2": [
        3,
        4,
        5
      ]
    },
    "final_utilities": {
      "qwen_3_235b_a22b_2507_1": 15.093306966538668,
      "qwen_3_235b_a22b_2507_2": 13.551520499360224
    },
    "utility_realized": null
  },
  "complete_conversation_log": [
    {
      "phase": "discussion",
      "round": 1,
      "from": "qwen_3_235b_a22b_2507_1",
      "content": "I'm particularly interested in securing Item_0 and Item_2\u2014they're high priority for me. That said, I'm open to trading either Item_1 or Item_3 if it helps craft a mutually beneficial deal.",
      "timestamp": 1755506687.3791811,
      "speaker_order": 1,
      "total_speakers": 2
    },
    {
      "phase": "discussion",
      "round": 1,
      "from": "qwen_3_235b_a22b_2507_2",
      "content": "I'm particularly interested in Item_0 and Item_3\u2014they're high priority for me. That said, I'm open to creative deals; maybe we can work out a package that bundles lower-value items for me with ones you value less. Let\u2019s explore what matters most to you.",
      "timestamp": 1755506689.764257,
      "speaker_order": 2,
      "total_speakers": 2
    }
  ],
  "all_proposals": [],
  "all_votes": [],
  "round_summaries": [],
  "timestamp": "2025-08-18T01:45:07.959911",
  "duration_seconds": 21.847329139709473,
  "metrics": {
    "mean_utility": 14.322413732949446,
    "max_utility": 15.093306966538668,
    "min_utility": 13.551520499360224,
    "utility_spread": 1.5417864671784436
  }
}