{
  "run_index": 6,
  "experiment_config": {
    "num_agents": 2,
    "num_items": 6,
    "max_rounds": 10,
    "competition_level": 0.95,
    "discount_factor": 0.9
  },
  "agents": [
    "gemini_pro_1",
    "qwen_3_235b_a22b_2507_2"
  ],
  "agent_models": {
    "gemini_pro_1": "google/gemini-2.5-pro",
    "qwen_3_235b_a22b_2507_2": "qwen/qwen3-235b-a22b-2507"
  },
  "initial_preferences_matrix": [
    [
      0.26185068853533,
      2.557504119312568,
      4.046477922606499,
      3.1659617786498275,
      6.939172438543344,
      2.222027009901937
    ],
    [
      2.567254200759275,
      2.5071022557554934,
      4.243769492634454,
      3.8392014198531275,
      5.536169242116372,
      3.1339489548604536
    ]
  ],
  "initial_preferences_by_agent": {
    "gemini_pro_1": {
      "item_0": 0.26185068853533,
      "item_1": 2.557504119312568,
      "item_2": 4.046477922606499,
      "item_3": 3.1659617786498275,
      "item_4": 6.939172438543344,
      "item_5": 2.222027009901937
    },
    "qwen_3_235b_a22b_2507_2": {
      "item_0": 2.567254200759275,
      "item_1": 2.5071022557554934,
      "item_2": 4.243769492634454,
      "item_3": 3.8392014198531275,
      "item_4": 5.536169242116372,
      "item_5": 3.1339489548604536
    }
  },
  "preference_cosine_similarities": {
    "agent_0_vs_agent_1": 0.95
  },
  "negotiation_outcome": {
    "consensus_reached": false,
    "final_round": 10,
    "final_allocation": null,
    "final_utilities": null,
    "utility_realized": null
  },
  "complete_conversation_log": [
    {
      "phase": "discussion",
      "round": 1,
      "from": "gemini_pro_1",
      "content": "My main interests are in Item_2, Item_4, and Item_0, as they seem to hold the most value. However, I am flexible and believe we can find a deal that works for both of us. I'm open to hearing which items you're focused on so we can find a mutually beneficial arrangement.",
      "timestamp": 1755511351.9697149,
      "speaker_order": 1,
      "total_speakers": 2
    },
    {
      "phase": "discussion",
      "round": 1,
      "from": "qwen_3_235b_a22b_2507_2",
      "content": "I'm particularly interested in Item_0 and Item_3\u2014they hold the highest value for me. A deal that includes Item_0 and Item_1 in exchange for Item_2 and Item_4 could work, as it appears balanced and might appeal to mutual gains.",
      "timestamp": 1755511353.094561,
      "speaker_order": 2,
      "total_speakers": 2
    },
    {
      "phase": "reflection",
      "round": 1,
      "from": "gemini_pro_1",
      "content": "My strategy of clearly articulating my position has successfully established a foundation for the negotiation. To break the current impasse, I will now shift focus from defending my position to asking questions that uncover their core interests, allowing us to generate more creative, mutually beneficial options.",
      "timestamp": 1755511391.597766
    },
    {
      "phase": "reflection",
      "round": 1,
      "from": "qwen_3_235b_a22b_2507_2",
      "content": "So far, emphasizing mutual gains and active listening has helped build rapport, but rigid positions on key terms are stalling progress. I should explore more creative trade-offs and probe underlying interests to unlock a breakthrough.",
      "timestamp": 1755511394.003615
    },
    {
      "phase": "discussion",
      "round": 2,
      "from": "gemini_pro_1",
      "content": "I'm most interested in Item_2 and Item_4 at the moment. However, I'm flexible and open to different arrangements. A deal where we each get three items could be a fair way to start the conversation.",
      "timestamp": 1755511403.679965,
      "speaker_order": 1,
      "total_speakers": 2
    },
    {
      "phase": "discussion",
      "round": 2,
      "from": "qwen_3_235b_a22b_2507_2",
      "content": "I'm particularly interested in Item_0 and Item_3\u2014they\u2019re high priority for me. That said, I could be flexible on Item_1 if you're open to giving up Item_3. Let\u2019s explore trades where we both get strong value.",
      "timestamp": 1755511405.482854,
      "speaker_order": 2,
      "total_speakers": 2
    },
    {
      "phase": "reflection",
      "round": 2,
      "from": "gemini_pro_1",
      "content": "My strategy of clearly articulating my position has established a firm baseline, but to break the impasse, I must now pivot to asking more diagnostic questions to uncover their underlying interests and find room for a creative trade.",
      "timestamp": 1755511452.405623
    },
    {
      "phase": "reflection",
      "round": 2,
      "from": "qwen_3_235b_a22b_2507_2",
      "content": "So far, active listening and reframing proposals to highlight mutual benefits have helped build incremental trust. To break the deadlock, I should experiment with controlled concessions that signal flexibility while probing underlying interests to uncover new trade-offs.",
      "timestamp": 1755511453.474195
    },
    {
      "phase": "discussion",
      "round": 3,
      "from": "gemini_pro_1",
      "content": "My focus is primarily on acquiring Item_2 and Item_0, as they hold the most value for me. I am quite flexible on the other items and am willing to trade them to help you get what you want. Perhaps we could start by discussing a simple deal where we each end up with two items?",
      "timestamp": 1755511469.371582,
      "speaker_order": 1,
      "total_speakers": 2
    },
    {
      "phase": "discussion",
      "round": 3,
      "from": "qwen_3_235b_a22b_2507_2",
      "content": "I'm particularly interested in Item_0 and Item_3\u2014they're high priority for me. That said, I could see a deal where I take those in exchange for giving up Item_1 and Item_5, if that aligns with your priorities.",
      "timestamp": 1755511470.447096,
      "speaker_order": 2,
      "total_speakers": 2
    },
    {
      "phase": "reflection",
      "round": 3,
      "from": "gemini_pro_1",
      "content": "My strategy of anchoring on objective criteria has been effective, but we are now at an impasse on core issues. I will shift from defending my position to proposing a creative package deal that links multiple issues to create new value and break the deadlock.",
      "timestamp": 1755511525.008513
    },
    {
      "phase": "reflection",
      "round": 3,
      "from": "qwen_3_235b_a22b_2507_2",
      "content": "Collaborative problem-solving and active listening have built trust and kept communication open, but more emphasis on aligning interests through data-driven trade-offs could accelerate consensus. I should explore integrative bargaining tactics more assertively while maintaining rapport.",
      "timestamp": 1755511526.458494
    },
    {
      "phase": "discussion",
      "round": 4,
      "from": "gemini_pro_1",
      "content": "I'm seeing a lot of potential in Item_1 and Item_4, they seem to complement each other well. I would be open to a deal where I receive those two items. What items are you currently focused on?",
      "timestamp": 1755511540.529258,
      "speaker_order": 1,
      "total_speakers": 2
    },
    {
      "phase": "discussion",
      "round": 4,
      "from": "qwen_3_235b_a22b_2507_2",
      "content": "I'm particularly interested in Item_0 and Item_3\u2014they're high priority for me. That said, I could be flexible on Item_1 if we can find a balanced exchange that includes one of my priority items.",
      "timestamp": 1755511542.739723,
      "speaker_order": 2,
      "total_speakers": 2
    },
    {
      "phase": "reflection",
      "round": 4,
      "from": "gemini_pro_1",
      "content": "My strategy of making incremental concessions has clearly led to a stalemate. I need to pivot from this positional bargaining to exploring your underlying interests, so we can expand the pie rather than just fighting over the same slice.",
      "timestamp": 1755511599.036045
    },
    {
      "phase": "reflection",
      "round": 4,
      "from": "qwen_3_235b_a22b_2507_2",