{
  "run_index": 2,
  "experiment_config": {
    "num_agents": 2,
    "num_items": 6,
    "max_rounds": 10,
    "competition_level": 0.95,
    "discount_factor": 0.9
  },
  "agents": [
    "gemini_pro_1",
    "qwen_3_235b_a22b_2507_2"
  ],
  "agent_models": {
    "gemini_pro_1": "google/gemini-2.5-pro",
    "qwen_3_235b_a22b_2507_2": "qwen/qwen3-235b-a22b-2507"
  },
  "initial_preferences_matrix": [
    [
      6.827094088554611,
      0.33533716900415955,
      0.24237993431088123,
      6.86360202743857,
      5.670717226559886,
      7.432442296674947
    ],
    [
      6.171631624040925,
      2.9317261884806984,
      3.3927933726437374,
      6.4969920589252075,
      6.114585325605329,
      6.594961421959052
    ]
  ],
  "initial_preferences_by_agent": {
    "gemini_pro_1": {
      "item_0": 6.827094088554611,
      "item_1": 0.33533716900415955,
      "item_2": 0.24237993431088123,
      "item_3": 6.86360202743857,
      "item_4": 5.670717226559886,
      "item_5": 7.432442296674947
    },
    "qwen_3_235b_a22b_2507_2": {
      "item_0": 6.171631624040925,
      "item_1": 2.9317261884806984,
      "item_2": 3.3927933726437374,
      "item_3": 6.4969920589252075,
      "item_4": 6.114585325605329,
      "item_5": 6.594961421959052
    }
  },
  "preference_cosine_similarities": {
    "agent_0_vs_agent_1": 0.95
  },
  "negotiation_outcome": {
    "consensus_reached": false,
    "final_round": 10,
    "final_allocation": null,
    "final_utilities": null,
    "utility_realized": null
  },
  "complete_conversation_log": [
    {
      "phase": "discussion",
      "round": 1,
      "from": "gemini_pro_1",
      "content": "Greetings. My main interests lie with Item_0 and Item_1, though I could also be persuaded on some of the others. To start things off fairly, how would you feel about a straightforward 3-3 split?",
      "timestamp": 1755508055.4449542,
      "speaker_order": 1,
      "total_speakers": 2
    },
    {
      "phase": "discussion",
      "round": 1,
      "from": "qwen_3_235b_a22b_2507_2",
      "content": "I\u2019m particularly interested in Item_0 and Item_3\u2014they\u2019re my top priorities. I\u2019d be open to trading Item_1 or Item_5 if it helps me secure one of those, but I\u2019d prefer not to give up both. A deal that includes Item_0 in exchange for Item_1 and perhaps Item_2 could work, depending on your preferences.",
      "timestamp": 1755508057.5407228,
      "speaker_order": 2,
      "total_speakers": 2
    },
    {
      "phase": "reflection",
      "round": 1,
      "from": "gemini_pro_1",
      "content": "My strategy of clearly anchoring my position has established a baseline, but to break the impasse, I must now pivot to asking more open-ended questions to uncover their underlying interests and find room for creative trade-offs.",
      "timestamp": 1755508103.059136
    },
    {
      "phase": "reflection",
      "round": 1,
      "from": "qwen_3_235b_a22b_2507_2",
      "content": "So far, clarifying interests and active listening have helped build mutual understanding. To move forward, I should explore trade-offs more explicitly and propose integrative solutions that address both parties\u2019 priorities.",
      "timestamp": 1755508105.363243
    },
    {
      "phase": "discussion",
      "round": 2,
      "from": "gemini_pro_1",
      "content": "I'm primarily focused on getting Item_4, as it's the most valuable piece for my collection. However, I am willing to be flexible and could potentially build a package around Item_1 or Item_5. What items are at the top of your list?",
      "timestamp": 1755508117.75582,
      "speaker_order": 1,
      "total_speakers": 2
    },
    {
      "phase": "discussion",
      "round": 2,
      "from": "qwen_3_235b_a22b_2507_2",
      "content": "I'm particularly interested in Item_0 and Item_3\u2014they're high priority for me. That said, I could be flexible on Item_1 if we can find a balanced exchange that includes one of my top choices.",
      "timestamp": 1755508118.91277,
      "speaker_order": 2,
      "total_speakers": 2
    },
    {
      "phase": "reflection",
      "round": 2,
      "from": "gemini_pro_1",
      "content": "My strategy of transparently sharing my rationale has established a collaborative tone, but we are now deadlocked on our initial positions. I will pivot from defending my stance to brainstorming novel, multi-part solutions that address your core interests.",
      "timestamp": 1755508164.158411
    },
    {
      "phase": "reflection",
      "round": 2,
      "from": "qwen_3_235b_a22b_2507_2",
      "content": "So far, active listening and reframing shared interests have kept dialogue constructive, but rigid positions on key trade-offs are stalling progress. I should experiment with calibrated questions and incremental trade packages to unlock creative compromises.",
      "timestamp": 1755508165.4347851
    },
    {
      "phase": "discussion",
      "round": 3,
      "from": "gemini_pro_1",
      "content": "My main interests are converging on Item_2 and Item_0 for now, as I see a strong pairing between them. However, I'm very flexible on the other items and want to find a deal that benefits us both. What items are at the top of your list so we can start building a fair trade?",
      "timestamp": 1755508183.193066,
      "speaker_order": 1,
      "total_speakers": 2
    },
    {
      "phase": "discussion",
      "round": 3,
      "from": "qwen_3_235b_a22b_2507_2",
      "content": "I'm particularly interested in Item_0 and Item_3\u2014they're high priority for me. I could be flexible on Item_1 and Item_5 if you're willing to accommodate on those. A clean split where I get 0 and 3, and you take 1, 4, and 5 might work, but I'm open to adjusting if you value something differently.",
      "timestamp": 1755508186.375722,
      "speaker_order": 2,
      "total_speakers": 2
    },
    {
      "phase": "reflection",
      "round": 3,
      "from": "gemini_pro_1",
      "content": "My current strategy of firm, principled negotiation has successfully anchored the discussion, but it has now led to an impasse. I must pivot to break the deadlock by introducing new, tradable variables or proposing a package deal that addresses their underlying interests more directly.",
      "timestamp": 1755508240.058927
    },
    {
      "phase": "reflection",
      "round": 3,
      "from": "qwen_3_235b_a22b_2507_2",
      "content": "The collaborative framing and active listening have helped maintain constructive dialogue, but progress is stalled due to rigid positional bargaining. I should shift toward interest-based negotiation, probing underlying priorities to uncover tradeable concessions and generate integrative solutions.",
      "timestamp": 1755508242.9232671
    },
    {
      "phase": "discussion",
      "round": 4,
      "from": "gemini_pro_1",
      "content": "My primary interests are Item_0 and Item_1, as they are the most valuable to me. However, I am also very focused on Item_2. I am open to a deal where we split these top three items in a way that benefits us both.",
      "timestamp": 1755508263.58241,
      "speaker_order": 1,
      "total_speakers": 2
    },
    {
      "phase": "discussion",
      "round": 4,
      "from": "qwen_3_235b_a22b_2507_2",
      "content": "I'm particularly interested in Item_2 and Item_4\u2014they're high priority for me. That said, I could be flexible on Item_0 or Item_5 if it helps craft a balanced deal.",
      "timestamp": 1755508266.59744,
      "speaker_order": 2,
      "total_speakers": 2
    },
    {
      "phase": "reflection",
      "round": 4,
      "from": "gemini_pro_1",
      "content": "My strategy of proposing logical, data-driven compromises has kept the dialogue from breaking down, but it has not been enough to secure an agreement. I must now shift from debating our conflicting positions to asking direct questions about their underlying interests to uncover a new, creative path forward.",