{
  "run_index": 9,
  "experiment_config": {
    "num_agents": 2,
    "num_items": 6,
    "max_rounds": 10,
    "competition_level": 0.95,
    "discount_factor": 0.9
  },
  "agents": [
    "qwen_3_235b_a22b_2507_1",
    "qwen_3_235b_a22b_2507_2"
  ],
  "agent_models": {
    "qwen_3_235b_a22b_2507_1": "qwen/qwen3-235b-a22b-2507",
    "qwen_3_235b_a22b_2507_2": "qwen/qwen3-235b-a22b-2507"
  },
  "initial_preferences_matrix": [
    [
      2.3513746887958744,
      2.4426591955317702,
      0.9100755272125383,
      6.009491688818409,
      7.627153198972207,
      6.365590505756971
    ],
    [
      4.934322108147385,
      3.5228990773247784,
      2.159668448054418,
      6.613073030384432,
      6.492882090215435,
      4.451877129850045
    ]
  ],
  "initial_preferences_by_agent": {
    "qwen_3_235b_a22b_2507_1": {
      "item_0": 2.3513746887958744,
      "item_1": 2.4426591955317702,
      "item_2": 0.9100755272125383,
      "item_3": 6.009491688818409,
      "item_4": 7.627153198972207,
      "item_5": 6.365590505756971
    },
    "qwen_3_235b_a22b_2507_2": {
      "item_0": 4.934322108147385,
      "item_1": 3.5228990773247784,
      "item_2": 2.159668448054418,
      "item_3": 6.613073030384432,
      "item_4": 6.492882090215435,
      "item_5": 4.451877129850045
    }
  },
  "preference_cosine_similarities": {
    "agent_0_vs_agent_1": 0.95
  },
  "negotiation_outcome": {
    "consensus_reached": true,
    "final_round": 1,
    "final_allocation": {
      "qwen_3_235b_a22b_2507_1": [
        0,
        1,
        2
      ],
      "qwen_3_235b_a22b_2507_2": [
        3,
        4,
        5
      ]
    },
    "final_utilities": {
      "qwen_3_235b_a22b_2507_1": 17.607009980807792,
      "qwen_3_235b_a22b_2507_2": 20.87852290555044
    },
    "utility_realized": null
  },
  "complete_conversation_log": [
    {
      "phase": "discussion",
      "round": 1,
      "from": "qwen_3_235b_a22b_2507_1",
      "content": "I'm particularly interested in Item_0 and Item_3\u2014they're my top priorities. I'm open to trading Item_1 or Item_5 in exchange for either of those, especially if it helps balance our needs. A package deal involving Item_0 + Item_3 for Item_1 + Item_5 could work, but I'm flexible on structure.",
      "timestamp": 1755506790.689146,
      "speaker_order": 1,
      "total_speakers": 2
    },
    {
      "phase": "discussion",
      "round": 1,
      "from": "qwen_3_235b_a22b_2507_2",
      "content": "I'm particularly interested in Item_0 and Item_3\u2014they're my top priorities. I'd be open to trading Item_1 or Item_5 in exchange for either of those, depending on what the other party values.",
      "timestamp": 1755506792.4122481,
      "speaker_order": 2,
      "total_speakers": 2
    }
  ],
  "all_proposals": [],
  "all_votes": [],
  "round_summaries": [],
  "timestamp": "2025-08-18T01:46:51.666224",
  "duration_seconds": 24.6834979057312,
  "metrics": {
    "mean_utility": 19.242766443179114,
    "max_utility": 20.87852290555044,
    "min_utility": 17.607009980807792,
    "utility_spread": 3.271512924742648
  }
}