{
  "run_index": 7,
  "experiment_config": {
    "num_agents": 2,
    "num_items": 6,
    "max_rounds": 10,
    "competition_level": 0.95,
    "discount_factor": 0.9
  },
  "agents": [
    "qwen_3_235b_a22b_2507_1",
    "qwen_3_235b_a22b_2507_2"
  ],
  "agent_models": {
    "qwen_3_235b_a22b_2507_1": "qwen/qwen3-235b-a22b-2507",
    "qwen_3_235b_a22b_2507_2": "qwen/qwen3-235b-a22b-2507"
  },
  "initial_preferences_matrix": [
    [
      9.345478185821296,
      5.767682956752775,
      4.221003112245352,
      4.902454836734512,
      9.97562357453485,
      8.360653722572437
    ],
    [
      9.444709690185734,
      9.04144816338374,
      2.8994242794919756,
      4.639527872678276,
      5.708019563549345,
      9.919927564548686
    ]
  ],
  "initial_preferences_by_agent": {
    "qwen_3_235b_a22b_2507_1": {
      "item_0": 9.345478185821296,
      "item_1": 5.767682956752775,
      "item_2": 4.221003112245352,
      "item_3": 4.902454836734512,
      "item_4": 9.97562357453485,
      "item_5": 8.360653722572437
    },
    "qwen_3_235b_a22b_2507_2": {
      "item_0": 9.444709690185734,
      "item_1": 9.04144816338374,
      "item_2": 2.8994242794919756,
      "item_3": 4.639527872678276,
      "item_4": 5.708019563549345,
      "item_5": 9.919927564548686
    }
  },
  "preference_cosine_similarities": {
    "agent_0_vs_agent_1": 0.9500000000000002
  },
  "negotiation_outcome": {
    "consensus_reached": true,
    "final_round": 1,
    "final_allocation": {
      "qwen_3_235b_a22b_2507_1": [
        0,
        1,
        2
      ],
      "qwen_3_235b_a22b_2507_2": [
        3,
        4,
        5
      ]
    },
    "final_utilities": {
      "qwen_3_235b_a22b_2507_1": 13.042090454314332,
      "qwen_3_235b_a22b_2507_2": 11.809676361479275
    },
    "utility_realized": null
  },
  "complete_conversation_log": [
    {
      "phase": "discussion",
      "round": 1,
      "from": "qwen_3_235b_a22b_2507_1",
      "content": "I'm particularly interested in Item_0 and Item_3\u2014they're my top priorities. I'd be open to trading Item_1 or Item_5 in exchange for either of those, depending on what the other party values.",
      "timestamp": 1755506753.718621,
      "speaker_order": 1,
      "total_speakers": 2
    },
    {
      "phase": "discussion",
      "round": 1,
      "from": "qwen_3_235b_a22b_2507_2",
      "content": "I'm highly interested in Item_0 and Item_2\u2014they're my top priorities. I\u2019d be open to trading away Item_4 or Item_5 in exchange for either of them, or possibly bundling Item_1 with another item to make a deal more balanced. Let\u2019s explore combinations that could work for both of us.",
      "timestamp": 1755506757.0228322,
      "speaker_order": 2,
      "total_speakers": 2
    }
  ],
  "all_proposals": [],
  "all_votes": [],
  "round_summaries": [],
  "timestamp": "2025-08-18T01:46:14.472114",
  "duration_seconds": 21.620938062667847,
  "metrics": {
    "mean_utility": 12.425883407896803,
    "max_utility": 13.042090454314332,
    "min_utility": 11.809676361479275,
    "utility_spread": 1.2324140928350573
  }
}