{
  "run_index": 6,
  "experiment_config": {
    "num_agents": 2,
    "num_items": 6,
    "max_rounds": 10,
    "competition_level": 0.95,
    "discount_factor": 0.9
  },
  "agents": [
    "qwen_3_235b_a22b_2507_1",
    "qwen_3_235b_a22b_2507_2"
  ],
  "agent_models": {
    "qwen_3_235b_a22b_2507_1": "qwen/qwen3-235b-a22b-2507",
    "qwen_3_235b_a22b_2507_2": "qwen/qwen3-235b-a22b-2507"
  },
  "initial_preferences_matrix": [
    [
      1.8732095713304642,
      1.9449732433181477,
      5.999025351101622,
      2.6880377627379923,
      0.7969455254954538,
      5.250982298663188
    ],
    [
      2.1863588649285957,
      3.565825963314269,
      5.5865436888365,
      3.2059489915117907,
      2.3701607886441023,
      3.756741019755812
    ]
  ],
  "initial_preferences_by_agent": {
    "qwen_3_235b_a22b_2507_1": {
      "item_0": 1.8732095713304642,
      "item_1": 1.9449732433181477,
      "item_2": 5.999025351101622,
      "item_3": 2.6880377627379923,
      "item_4": 0.7969455254954538,
      "item_5": 5.250982298663188
    },
    "qwen_3_235b_a22b_2507_2": {
      "item_0": 2.1863588649285957,
      "item_1": 3.565825963314269,
      "item_2": 5.5865436888365,
      "item_3": 3.2059489915117907,
      "item_4": 2.3701607886441023,
      "item_5": 3.756741019755812
    }
  },
  "preference_cosine_similarities": {
    "agent_0_vs_agent_1": 0.95
  },
  "negotiation_outcome": {
    "consensus_reached": true,
    "final_round": 1,
    "final_allocation": {
      "qwen_3_235b_a22b_2507_1": [
        0,
        1,
        2
      ],
      "qwen_3_235b_a22b_2507_2": [
        3,
        4,
        5
      ]
    },
    "final_utilities": {
      "qwen_3_235b_a22b_2507_1": 10.953394047992365,
      "qwen_3_235b_a22b_2507_2": 14.617212758253453
    },
    "utility_realized": null
  },
  "complete_conversation_log": [
    {
      "phase": "discussion",
      "round": 1,
      "from": "qwen_3_235b_a22b_2507_1",
      "content": "I'm particularly interested in Item_0 and Item_3\u2014they're high priority for me. I'm open to trading Item_1 or Item_5 in exchange for either of those, especially if it helps balance the distribution. A package deal involving Item_0 plus another mid-tier item could also be compelling.",
      "timestamp": 1755506741.672069,
      "speaker_order": 1,
      "total_speakers": 2
    },
    {
      "phase": "discussion",
      "round": 1,
      "from": "qwen_3_235b_a22b_2507_2",
      "content": "I'm particularly interested in Item_0 and Item_3\u2014they're high priority for me. I'm open to trading Item_1 or Item_5 if it helps create a win-win deal.",
      "timestamp": 1755506742.930441,
      "speaker_order": 2,
      "total_speakers": 2
    }
  ],
  "all_proposals": [],
  "all_votes": [],
  "round_summaries": [],
  "timestamp": "2025-08-18T01:45:52.850007",
  "duration_seconds": 15.441402196884155,
  "metrics": {
    "mean_utility": 12.78530340312291,
    "max_utility": 14.617212758253453,
    "min_utility": 10.953394047992365,
    "utility_spread": 3.663818710261088
  }
}