{
  "run_index": 2,
  "experiment_config": {
    "num_agents": 2,
    "num_items": 6,
    "max_rounds": 10,
    "competition_level": 0.95,
    "discount_factor": 0.9
  },
  "agents": [
    "qwen_3_235b_a22b_2507_1",
    "qwen_3_235b_a22b_2507_2"
  ],
  "agent_models": {
    "qwen_3_235b_a22b_2507_1": "qwen/qwen3-235b-a22b-2507",
    "qwen_3_235b_a22b_2507_2": "qwen/qwen3-235b-a22b-2507"
  },
  "initial_preferences_matrix": [
    [
      8.258609574492167,
      7.654777625497228,
      9.749519359245955,
      6.591181784213419,
      1.7201593707808305,
      2.7536001918855613
    ],
    [
      7.206101667880084,
      7.631202221740168,
      6.910353849214735,
      8.487016443312056,
      5.2579865310763765,
      4.271570031955403
    ]
  ],
  "initial_preferences_by_agent": {
    "qwen_3_235b_a22b_2507_1": {
      "item_0": 8.258609574492167,
      "item_1": 7.654777625497228,
      "item_2": 9.749519359245955,
      "item_3": 6.591181784213419,
      "item_4": 1.7201593707808305,
      "item_5": 2.7536001918855613
    },
    "qwen_3_235b_a22b_2507_2": {
      "item_0": 7.206101667880084,
      "item_1": 7.631202221740168,
      "item_2": 6.910353849214735,
      "item_3": 8.487016443312056,
      "item_4": 5.2579865310763765,
      "item_5": 4.271570031955403
    }
  },
  "preference_cosine_similarities": {
    "agent_0_vs_agent_1": 0.95
  },
  "negotiation_outcome": {
    "consensus_reached": true,
    "final_round": 1,
    "final_allocation": {
      "qwen_3_235b_a22b_2507_1": [
        0,
        1,
        2
      ],
      "qwen_3_235b_a22b_2507_2": [
        3,
        4,
        5
      ]
    },
    "final_utilities": {
      "qwen_3_235b_a22b_2507_1": 17.08483739609938,
      "qwen_3_235b_a22b_2507_2": 10.708206086551986
    },
    "utility_realized": null
  },
  "complete_conversation_log": [
    {
      "phase": "discussion",
      "round": 1,
      "from": "qwen_3_235b_a22b_2507_1",
      "content": "I'm particularly interested in Item_0 and Item_3\u2014they hold the highest value for me due to their strategic utility. A deal that includes Item_0 and Item_3 in exchange for a combination of Item_1, Item_2, and Item_4 could be viable, depending on your priorities.",
      "timestamp": 1755506639.2123709,
      "speaker_order": 1,
      "total_speakers": 2
    },
    {
      "phase": "discussion",
      "round": 1,
      "from": "qwen_3_235b_a22b_2507_2",
      "content": "I'm particularly interested in Item_0 and Item_3\u2014they're high priority for me. That said, I'm open to creative deals; maybe we can find a package that bundles less critical items for me with ones you value more. Let\u2019s explore what matters most to you.",
      "timestamp": 1755506640.803916,
      "speaker_order": 2,
      "total_speakers": 2
    }
  ],
  "all_proposals": [],
  "all_votes": [],
  "round_summaries": [],
  "timestamp": "2025-08-18T01:44:30.502561",
  "duration_seconds": 32.904669761657715,
  "metrics": {
    "mean_utility": 13.896521741325683,
    "max_utility": 17.08483739609938,
    "min_utility": 10.708206086551986,
    "utility_spread": 6.376631309547395
  }
}