{
  "run_index": 6,
  "experiment_config": {
    "num_agents": 2,
    "num_items": 6,
    "max_rounds": 10,
    "competition_level": 0.95,
    "discount_factor": 0.9
  },
  "agents": [
    "qwen_3_235b_a22b_2507_1",
    "claude_4_sonnet_2"
  ],
  "agent_models": {
    "qwen_3_235b_a22b_2507_1": "qwen/qwen3-235b-a22b-2507",
    "claude_4_sonnet_2": "anthropic/claude-sonnet-4"
  },
  "initial_preferences_matrix": [
    [
      4.662989092812405,
      0.7465004216113014,
      4.998969920458116,
      8.857669299809904,
      1.254596564236965,
      2.50125416703445
    ],
    [
      5.4866064013914055,
      2.231418875430035,
      4.40282673258227,
      7.072730400375189,
      1.8501464355169661,
      5.066112948690785
    ]
  ],
  "initial_preferences_by_agent": {
    "qwen_3_235b_a22b_2507_1": {
      "item_0": 4.662989092812405,
      "item_1": 0.7465004216113014,
      "item_2": 4.998969920458116,
      "item_3": 8.857669299809904,
      "item_4": 1.254596564236965,
      "item_5": 2.50125416703445
    },
    "claude_4_sonnet_2": {
      "item_0": 5.4866064013914055,
      "item_1": 2.231418875430035,
      "item_2": 4.40282673258227,
      "item_3": 7.072730400375189,
      "item_4": 1.8501464355169661,
      "item_5": 5.066112948690785
    }
  },
  "preference_cosine_similarities": {
    "agent_0_vs_agent_1": 0.9499999999999998
  },
  "negotiation_outcome": {
    "consensus_reached": true,
    "final_round": 3,
    "final_allocation": {
      "qwen_3_235b_a22b_2507_1": [
        2,
        4
      ],
      "claude_4_sonnet_2": [
        1,
        5
      ]
    },
    "final_utilities": {
      "qwen_3_235b_a22b_2507_1": 11.424170317046254,
      "claude_4_sonnet_2": 8.746653685228683
    },
    "utility_realized": null
  },
  "complete_conversation_log": [
    {
      "phase": "discussion",
      "round": 1,
      "from": "qwen_3_235b_a22b_2507_1",
      "content": "I'm particularly interested in securing Item_0 and Item_2\u2014these are high priority for me, though I could be flexible if significant concessions are made on other items. That said, I\u2019m open to creative bundling that might allow us both to walk away satisfied. Let\u2019s explore options where I get Item_0, and possibly Item_2, in exchange for giving you stronger consideration on the remaining items.",
      "timestamp": 1755569338.138657,
      "speaker_order": 1,
      "total_speakers": 2
    },
    {
      "phase": "discussion",
      "round": 1,
      "from": "claude_4_sonnet_2",
      "content": "I appreciate you sharing your priorities. I'm most interested in Item_1, Item_3, and Item_5, which happen to be different from your stated preferences - this could work well for both of us. Perhaps we could explore a trade where you get Item_0 and Item_2, while I focus on securing my preferred items, leaving us to negotiate the remaining pieces.",
      "timestamp": 1755569342.3416839,
      "speaker_order": 2,
      "total_speakers": 2
    },
    {
      "phase": "reflection",
      "round": 1,
      "from": "qwen_3_235b_a22b_2507_1",
      "content": "Both agents proposed identical allocations, indicating alignment on a potential deal\u2014this transparency helped clarify priorities and build trust. However, consensus failed despite agreement on distribution, suggesting either a technical or communication gap in voting mechanics. Next round, I\u2019ll confirm mutual intent to accept the deal explicitly and explore slight value-creating adjustments (e.g., swapping lower-priority items) to incentivize buy-in while preserving my core priorities (Item_0, Item_2).",
      "timestamp": 1755569363.727232
    },
    {
      "phase": "reflection",
      "round": 1,
      "from": "claude_4_sonnet_2",
      "content": "Looking at Round 1, I see that both my counterpart and I proposed the exact same allocation, which suggests our stated priorities align well - they want Items 0, 2, and 4 while I want Items 1, 3, and 5. However, consensus wasn't reached despite identical proposals, which indicates there may be hidden preferences or strategic considerations at play.\n\nFor Round 2, I should probe deeper into their true valuations and consider whether they might be withholding information about their actual priorities. I may need to explore slight modifications to the allocation or offer additional value through creative deal structuring to build the trust needed for consensus.\n\nThe key insight is that matching proposals doesn't guarantee agreement - I need to focus on understanding their underlying concerns and demonstrating genuine commitment to a mutually beneficial outcome.",
      "timestamp": 1755569370.326661
    },
    {
      "phase": "discussion",
      "round": 2,
      "from": "qwen_3_235b_a22b_2507_1",
      "content": "I'm primarily focused on securing Item_0 and Item_2, which are high priority for me. I\u2019m open to trading Item_1 or Item_3 in exchange for those, depending on what the other party values. Let\u2019s explore a balanced split that respects both our priorities\u2014perhaps a package deal involving Item_0 and Item_2 for a combination of mid-value items.",
      "timestamp": 1755569371.8179688,
      "speaker_order": 1,
      "total_speakers": 2
    },
    {
      "phase": "discussion",
      "round": 2,
      "from": "claude_4_sonnet_2",
      "content": "I appreciate your transparency about Item_0 and Item_2. My core interests center on Item_1 and Item_5, which have significant strategic value for my objectives. I'm willing to explore a deal where you take Item_0 and Item_2, I secure Item_1 and Item_5, and we negotiate fairly on the remaining items - this could create mutual gains while respecting both our priorities.",
      "timestamp": 1755569375.746398,
      "speaker_order": 2,
      "total_speakers": 2
    },
    {
      "phase": "reflection",
      "round": 2,
      "from": "qwen_3_235b_a22b_2507_1",
      "content": "My initial proposal prioritized securing high-value items (0, 2) while conceding less critical ones, which helped clarify my stance but failed to secure agreement due to overlapping interest in Item 4. Claude\u2019s counter-proposal revealing interest in Item 3 and willingness to cede Item 4 suggests they prioritize control over Items 1, 3, and 5. To build consensus, I should adjust by retaining Item 0 and 2, conceding Item 4, and offering a trade on Item 3 or 5 to reduce conflict, signaling flexibility without sacrificing core interests.",
      "timestamp": 1755569400.590554
    },
    {
      "phase": "reflection",
      "round": 2,
      "from": "claude_4_sonnet_2",
      "content": "Looking at the proposals, I can see that qwen prioritizes Items 0 and 2 (which they kept in both proposals), while I successfully secured Item 1 in both scenarios. The key difference is Items 3, 4, and 5 - qwen gave me Item 4 in their proposal but kept it in mine, suggesting Item 4 has moderate value to them.\n\nMy strategy of offering Item 4 to qwen while keeping Items 3 and 5 didn't achieve consensus, likely because qwen values Item 4 enough to prefer their own allocation. For the next round, I should consider whether Items 3 or 5 might be less critical to me than Item 4 is to qwen, and potentially offer one of those instead to create a mutually acceptable deal.\n\nThe time pressure means I need to find a compromise quickly - perhaps offering qwen Items 0, 2, and 4 while I take Items 1, 3, and 5 could be the path to consensus.",
      "timestamp": 1755569409.291102
    },
    {
      "phase": "discussion",
      "round": 3,
      "from": "qwen_3_235b_a22b_2507_1",
      "content": "I'm particularly interested in securing Item_2 and Item_4\u2014these are high priority for me. I could be flexible on the other items if you're open to giving me those two; in return, I\u2019d be willing to concede Item_0 and Item_5 to you. Let\u2019s find a split that works before the value starts eroding too much.",
      "timestamp": 1755569410.971041,