{
  "run_index": 4,
  "experiment_config": {
    "num_agents": 2,
    "num_items": 6,
    "max_rounds": 10,
    "competition_level": 0.95,
    "discount_factor": 0.9
  },
  "agents": [
    "qwen_3_235b_a22b_2507_1",
    "claude_4_sonnet_2"
  ],
  "agent_models": {
    "qwen_3_235b_a22b_2507_1": "qwen/qwen3-235b-a22b-2507",
    "claude_4_sonnet_2": "anthropic/claude-sonnet-4"
  },
  "initial_preferences_matrix": [
    [
      7.678345390876544,
      8.219105559973467,
      6.432285787804798,
      4.252369123609446,
      3.4961979191048407,
      3.5102703352386397
    ],
    [
      8.072692273890198,
      8.316173885230533,
      3.1179043118308734,
      3.4919725158736568,
      3.35175478390404,
      6.560217783269305
    ]
  ],
  "initial_preferences_by_agent": {
    "qwen_3_235b_a22b_2507_1": {
      "item_0": 7.678345390876544,
      "item_1": 8.219105559973467,
      "item_2": 6.432285787804798,
      "item_3": 4.252369123609446,
      "item_4": 3.4961979191048407,
      "item_5": 3.5102703352386397
    },
    "claude_4_sonnet_2": {
      "item_0": 8.072692273890198,
      "item_1": 8.316173885230533,
      "item_2": 3.1179043118308734,
      "item_3": 3.4919725158736568,
      "item_4": 3.35175478390404,
      "item_5": 6.560217783269305
    }
  },
  "preference_cosine_similarities": {
    "agent_0_vs_agent_1": 0.95
  },
  "negotiation_outcome": {
    "consensus_reached": true,
    "final_round": 1,
    "final_allocation": {
      "qwen_3_235b_a22b_2507_1": [
        2,
        4
      ],
      "claude_4_sonnet_2": [
        0,
        1,
        3,
        5
      ]
    },
    "final_utilities": {
      "qwen_3_235b_a22b_2507_1": 5.424612520737552,
      "claude_4_sonnet_2": 18.63906579568853
    },
    "utility_realized": null
  },
  "complete_conversation_log": [
    {
      "phase": "discussion",
      "round": 1,
      "from": "qwen_3_235b_a22b_2507_1",
      "content": "I'm particularly interested in securing Item_2 and Item_4, as they hold the highest value for me. I\u2019m open to trading Item_0 or Item_1 in exchange for those, and I\u2019d like to understand your priorities to explore a mutually beneficial arrangement.",
      "timestamp": 1755569185.613961,
      "speaker_order": 1,
      "total_speakers": 2
    },
    {
      "phase": "discussion",
      "round": 1,
      "from": "claude_4_sonnet_2",
      "content": "I appreciate your openness about Item_2 and Item_4. I'm actually most interested in Item_0, Item_1, and Item_5, which seems like it could create a mutually beneficial arrangement since our primary interests don't directly overlap. Would you be open to exploring a deal where you focus on Items 2 and 4, while I prioritize the items I mentioned?",
      "timestamp": 1755569189.357406,
      "speaker_order": 2,
      "total_speakers": 2
    }
  ],
  "all_proposals": [],
  "all_votes": [],
  "round_summaries": [],
  "timestamp": "2025-08-18T19:06:57.072687",
  "duration_seconds": 32.80934500694275,
  "metrics": {
    "mean_utility": 12.031839158213042,
    "max_utility": 18.63906579568853,
    "min_utility": 5.424612520737552,
    "utility_spread": 13.214453274950978
  }
}