{
  "run_index": 3,
  "experiment_config": {
    "num_agents": 2,
    "num_items": 6,
    "max_rounds": 10,
    "competition_level": 0.95,
    "discount_factor": 0.9
  },
  "agents": [
    "qwen_3_235b_a22b_2507_1",
    "claude_4_sonnet_2"
  ],
  "agent_models": {
    "qwen_3_235b_a22b_2507_1": "qwen/qwen3-235b-a22b-2507",
    "claude_4_sonnet_2": "anthropic/claude-sonnet-4"
  },
  "initial_preferences_matrix": [
    [
      8.654280310809593,
      3.1183674131670824,
      4.751819830448242,
      7.307573037835194,
      6.561469734266446,
      9.25533402012845
    ],
    [
      9.305242228497145,
      3.563977819858952,
      6.065659794467611,
      4.248422320347561,
      9.650953574559392,
      6.4841032255621665
    ]
  ],
  "initial_preferences_by_agent": {
    "qwen_3_235b_a22b_2507_1": {
      "item_0": 8.654280310809593,
      "item_1": 3.1183674131670824,
      "item_2": 4.751819830448242,
      "item_3": 7.307573037835194,
      "item_4": 6.561469734266446,
      "item_5": 9.25533402012845
    },
    "claude_4_sonnet_2": {
      "item_0": 9.305242228497145,
      "item_1": 3.563977819858952,
      "item_2": 6.065659794467611,
      "item_3": 4.248422320347561,
      "item_4": 9.650953574559392,
      "item_5": 6.4841032255621665
    }
  },
  "preference_cosine_similarities": {
    "agent_0_vs_agent_1": 0.9500000000000001
  },
  "negotiation_outcome": {
    "consensus_reached": true,
    "final_round": 5,
    "final_allocation": {
      "qwen_3_235b_a22b_2507_1": [
        0,
        2,
        4
      ],
      "claude_4_sonnet_2": [
        1,
        3,
        5
      ]
    },
    "final_utilities": {
      "qwen_3_235b_a22b_2507_1": 15.703106321620181,
      "claude_4_sonnet_2": 10.811521186577082
    },
    "utility_realized": null
  },
  "complete_conversation_log": [
    {
      "phase": "discussion",
      "round": 1,
      "from": "qwen_3_235b_a22b_2507_1",
      "content": "I value Item_0 and Item_2 the most\u2014they\u2019re critical to my strategy\u2014but I\u2019m open to trading one if I can secure strong value in return. I\u2019m curious about your priorities; perhaps we can structure a deal where we both walk away ahead. For now, I\u2019m signaling flexibility on Items 1, 3, and 4, but my real interest lies in maximizing value on the core items.",
      "timestamp": 1755568550.923669,
      "speaker_order": 1,
      "total_speakers": 2
    },
    {
      "phase": "discussion",
      "round": 1,
      "from": "claude_4_sonnet_2",
      "content": "I'm particularly interested in Item_1 and Item_4, as they align perfectly with my core objectives. However, I notice you mentioned Item_0 and Item_2 as critical to your strategy - perhaps we can find a mutually beneficial arrangement where I focus on the items you didn't prioritize. I'm willing to be flexible on the remaining items if we can establish a framework that gives each of us our top priorities.",
      "timestamp": 1755568554.898272,
      "speaker_order": 2,
      "total_speakers": 2
    },
    {
      "phase": "reflection",
      "round": 1,
      "from": "qwen_3_235b_a22b_2507_1",
      "content": "The initial proposal aligned with my core priorities but underestimated Claude\u2019s willingness to expand the offer, as their counter included additional items (3, 5), revealing a broader interest beyond just Item_1 and Item_4. To build consensus, I should explore incremental concessions\u2014such as releasing Item_2 or Item_5\u2014while seeking reciprocal adjustments to secure Item_0\u2019s retention, balancing firmness on critical items with flexibility to enable mutual gains. With limited rounds likely remaining, pivoting to targeted, value-preserving trades rather than maximalist claims will increase the odds of closing a deal.",
      "timestamp": 1755568592.4215739
    },
    {
      "phase": "reflection",
      "round": 1,
      "from": "claude_4_sonnet_2",
      "content": "Looking at Round 1, I can see that qwen and I have some alignment - they want Items 0 and 2, while I want Items 1 and 4. However, my proposal to also take Item 3 (giving them Item 5 as compensation) wasn't accepted, suggesting they may value Item 5 more than I initially thought, or they're concerned about me getting too many high-value items.\n\nThe key insight is that qwen seems willing to trade but wants to ensure fairness - their proposal was more conservative, only allocating 2 items each. For Round 2, I should focus on the core items we both clearly want (Items 0,2 for them; Items 1,4 for me) and negotiate more carefully around the remaining items, possibly proposing a more balanced 3-3 split or offering them a choice between Items 3 and 5.\n\nI need to demonstrate that my proposals create mutual value rather than appearing greedy, and should ask more directly about their preferences for the remaining items to find a win-win solution.",
      "timestamp": 1755568600.905814
    },
    {
      "phase": "discussion",
      "round": 2,
      "from": "qwen_3_235b_a22b_2507_1",
      "content": "I'm particularly interested in securing Item_2 and Item_4, which are high priority for me, but I could be flexible if the right trade-off is offered. I noticed from the previous proposals that Item_1 and Item_5 seem to be contested\u2014perhaps we can explore a balanced exchange where we each get a mix of high and lower priority items. Let's aim for a deal that feels fair and moves us closer to consensus this round.",
      "timestamp": 1755568602.783765,
      "speaker_order": 1,
      "total_speakers": 2
    },
    {
      "phase": "discussion",
      "round": 2,
      "from": "claude_4_sonnet_2",
      "content": "I appreciate your directness about Items 2 and 4. I'm most interested in Items 0, 1, and 5, which seem to complement your priorities well - this could create a mutually beneficial trade structure. Given we're already in Round 2 with time pressure mounting, I'd be open to exploring a deal where you take Items 2 and 4, I secure Items 0, 1, and 5, leaving Item 3 as our main point of negotiation.",
      "timestamp": 1755568607.6097841,
      "speaker_order": 2,
      "total_speakers": 2
    },
    {
      "phase": "reflection",
      "round": 2,
      "from": "qwen_3_235b_a22b_2507_1",
      "content": "The initial bid to claim Items 2 and 4 set a clear anchor, but left no room for compromise, likely contributing to the lack of consensus. Claude\u2019s counter-proposal, which added Item 3 to my allocation, signals flexibility and suggests that Item 3 may be low priority for them\u2014potentially a bargaining chip. In the next round, I should consider offering Item 3 back in exchange for securing Item 2 and 4 more firmly, or explore bundling with less contested items to create mutual gain and build consensus under time pressure.",
      "timestamp": 1755568634.9877849
    },
    {
      "phase": "reflection",
      "round": 2,
      "from": "claude_4_sonnet_2",
      "content": "Looking at this round, I can see that qwen and I have largely complementary preferences - they want Items 2 and 4, while I want Items 0, 1, and 5. The key sticking point is Item 3, which neither of us explicitly claimed as high priority.\n\nMy strategy of offering them an additional item (Item 3) didn't secure their agreement, suggesting they may have been hoping for a more favorable split or had concerns about Item 3's value. Since we're running out of time and our core interests don't conflict, I should focus on finding a mutually acceptable resolution for Item 3.\n\nIn the next round, I'll propose splitting Item 3 or explore if there's a different configuration that works better for both of us, emphasizing the time pressure and our aligned interests on the other items.",
      "timestamp": 1755568641.6975849
    },
    {
      "phase": "discussion",
      "round": 3,
      "from": "qwen_3_235b_a22b_2507_1",