{
  "run_index": 6,
  "experiment_config": {
    "num_agents": 2,
    "num_items": 6,
    "max_rounds": 10,
    "competition_level": 0.95,
    "discount_factor": 0.9
  },
  "agents": [
    "qwen_3_235b_a22b_2507_1",
    "claude_4_sonnet_2"
  ],
  "agent_models": {
    "qwen_3_235b_a22b_2507_1": "qwen/qwen3-235b-a22b-2507",
    "claude_4_sonnet_2": "anthropic/claude-sonnet-4"
  },
  "initial_preferences_matrix": [
    [
      6.269411294078124,
      8.698645660783313,
      8.271397648102838,
      0.6593808388771527,
      7.284598532616707,
      6.0198384633028486
    ],
    [
      4.750157155861157,
      6.366956078361411,
      7.057737304375579,
      2.681855637943938,
      7.616417592520611,
      9.747340261958335
    ]
  ],
  "initial_preferences_by_agent": {
    "qwen_3_235b_a22b_2507_1": {
      "item_0": 6.269411294078124,
      "item_1": 8.698645660783313,
      "item_2": 8.271397648102838,
      "item_3": 0.6593808388771527,
      "item_4": 7.284598532616707,
      "item_5": 6.0198384633028486
    },
    "claude_4_sonnet_2": {
      "item_0": 4.750157155861157,
      "item_1": 6.366956078361411,
      "item_2": 7.057737304375579,
      "item_3": 2.681855637943938,
      "item_4": 7.616417592520611,
      "item_5": 9.747340261958335
    }
  },
  "preference_cosine_similarities": {
    "agent_0_vs_agent_1": 0.9500000000000001
  },
  "negotiation_outcome": {
    "consensus_reached": true,
    "final_round": 1,
    "final_allocation": {
      "qwen_3_235b_a22b_2507_1": [
        0,
        2,
        4
      ],
      "claude_4_sonnet_2": [
        1,
        3,
        5
      ]
    },
    "final_utilities": {
      "qwen_3_235b_a22b_2507_1": 14.859087575766466,
      "claude_4_sonnet_2": 17.669427067104028
    },
    "utility_realized": null
  },
  "complete_conversation_log": [
    {
      "phase": "discussion",
      "round": 1,
      "from": "qwen_3_235b_a22b_2507_1",
      "content": "I'm primarily interested in securing Item_0 and Item_2\u2014these are high priority for me. That said, I\u2019m open to trading Item_4 or Item_5 if it means reaching a mutually beneficial agreement early. How do you see the distribution of items aligning with your priorities?",
      "timestamp": 1755569172.016074,
      "speaker_order": 1,
      "total_speakers": 2
    },
    {
      "phase": "discussion",
      "round": 1,
      "from": "claude_4_sonnet_2",
      "content": "I appreciate your openness about Items 0 and 2. My primary interests lie with Items 1, 3, and 5, which seem to complement your preferences well. I'd be willing to discuss a trade where you get Items 0 and 2, while I focus on securing Items 1, 3, and 5 - this could leave Item 4 as a potential compromise point between us.",
      "timestamp": 1755569176.4123468,
      "speaker_order": 2,
      "total_speakers": 2
    }
  ],
  "all_proposals": [],
  "all_votes": [],
  "round_summaries": [],
  "timestamp": "2025-08-18T19:06:32.636435",
  "duration_seconds": 24.505645990371704,
  "metrics": {
    "mean_utility": 16.264257321435245,
    "max_utility": 17.669427067104028,
    "min_utility": 14.859087575766466,
    "utility_spread": 2.8103394913375617
  }
}