{
  "run_index": 6,
  "experiment_config": {
    "num_agents": 2,
    "num_items": 6,
    "max_rounds": 10,
    "competition_level": 0.95,
    "discount_factor": 0.9
  },
  "agents": [
    "claude_4_sonnet_1",
    "llama_3_1_405b_2"
  ],
  "agent_models": {
    "claude_4_sonnet_1": "anthropic/claude-sonnet-4",
    "llama_3_1_405b_2": "meta-llama/llama-3.1-405b-instruct"
  },
  "initial_preferences_matrix": [
    [
      5.973252847448726,
      5.898311512498539,
      4.608342471254506,
      2.14564029210357,
      1.7002573076338112,
      7.134995719716912
    ],
    [
      4.618748870384888,
      8.768486664658095,
      3.6607289411499178,
      1.472791874119822,
      2.5687845332645503,
      5.451747786414982
    ]
  ],
  "initial_preferences_by_agent": {
    "claude_4_sonnet_1": {
      "item_0": 5.973252847448726,
      "item_1": 5.898311512498539,
      "item_2": 4.608342471254506,
      "item_3": 2.14564029210357,
      "item_4": 1.7002573076338112,
      "item_5": 7.134995719716912
    },
    "llama_3_1_405b_2": {
      "item_0": 4.618748870384888,
      "item_1": 8.768486664658095,
      "item_2": 3.6607289411499178,
      "item_3": 1.472791874119822,
      "item_4": 2.5687845332645503,
      "item_5": 5.451747786414982
    }
  },
  "preference_cosine_similarities": {
    "agent_0_vs_agent_1": 0.9499999999999998
  },
  "negotiation_outcome": {
    "consensus_reached": true,
    "final_round": 5,
    "final_allocation": {
      "claude_4_sonnet_1": [
        0,
        1,
        3,
        5
      ],
      "llama_3_1_405b_2": [
        2,
        4
      ]
    },
    "final_utilities": {
      "claude_4_sonnet_1": 9.736690729688299,
      "llama_3_1_405b_2": 2.3839721474828823
    },
    "utility_realized": null
  },
  "complete_conversation_log": [
    {
      "phase": "discussion",
      "round": 1,
      "from": "claude_4_sonnet_1",
      "content": "I'm particularly interested in Items 2, 4, and 5, as they align well with my strategic objectives. I'd be open to exploring a deal where I focus on these higher-priority items while potentially conceding Items 0, 1, and 3 if you have strong preferences for them. What items are you most drawn to, and do you see any potential for a mutually beneficial arrangement?",
      "timestamp": 1755507040.966789,
      "speaker_order": 1,
      "total_speakers": 2
    },
    {
      "phase": "discussion",
      "round": 1,
      "from": "llama_3_1_405b_2",
      "content": "I am most interested in Item_2 and Item_4. I would be open to a trade involving Item_1 or Item_3 if it meant securing those two items. What items are you most keen on?",
      "timestamp": 1755507043.025491,
      "speaker_order": 2,
      "total_speakers": 2
    },
    {
      "phase": "reflection",
      "round": 1,
      "from": "claude_4_sonnet_1",
      "content": "I notice I don't have context about what negotiation just occurred or what positions were taken in Round 1. Without knowing the specific issues, participants, or outcomes from the first round, I cannot effectively analyze what strategies worked or suggest meaningful changes.\n\nCould you provide details about the negotiation topic, the parties involved, their positions, and what happened in Round 1? This would allow me to give you strategic insights for the next round.",
      "timestamp": 1755507071.170014
    },
    {
      "phase": "reflection",
      "round": 1,
      "from": "llama_3_1_405b_2",
      "content": "Upon reflection, I notice that active listening and open-ended questioning have been effective in building rapport and gathering information, but a more direct and clear articulation of my own interests and needs may be necessary to drive the negotiation forward. I should try to strike a better balance between empathy and assertiveness in the next round.",
      "timestamp": 1755507073.3120692
    },
    {
      "phase": "discussion",
      "round": 2,
      "from": "claude_4_sonnet_1",
      "content": "I'm particularly interested in Items 1, 3, and 5, as they align well with my current priorities and would provide significant value to me. I'd be willing to consider a trade where I focus on these items while you take the lead on Items 0, 2, and 4 - though I'm open to discussing alternative arrangements if you have strong preferences for any of the items I mentioned.",
      "timestamp": 1755507077.256045,
      "speaker_order": 1,
      "total_speakers": 2
    },
    {
      "phase": "discussion",
      "round": 2,
      "from": "llama_3_1_405b_2",
      "content": "I have a strong interest in acquiring Item_2 and Item_5, as I believe they hold significant value. I'm open to negotiating a trade involving Item_1 or Item_3 in exchange for one of these items. A potential deal could be Item_1 and a minor concession in exchange for Item_5.",
      "timestamp": 1755507079.3409321,
      "speaker_order": 2,
      "total_speakers": 2
    },
    {
      "phase": "reflection",
      "round": 2,
      "from": "claude_4_sonnet_1",
      "content": "My direct approach in Round 1 may have been too aggressive, potentially triggering defensive responses from other parties. I should shift to a more collaborative tone while still advocating for my interests, perhaps by identifying shared goals and framing my proposals as mutually beneficial rather than purely self-serving.",
      "timestamp": 1755507108.125107
    },
    {
      "phase": "reflection",
      "round": 2,
      "from": "llama_3_1_405b_2",
      "content": "Upon reflection, I notice that actively listening to and acknowledging the other party's concerns has helped build trust and keep the conversation constructive. However, I may need to adapt my approach to be more flexible and creative in finding mutually beneficial solutions, as simply presenting logical arguments has not yet led to a consensus.",
      "timestamp": 1755507110.0987709
    },
    {
      "phase": "discussion",
      "round": 3,
      "from": "claude_4_sonnet_1",
      "content": "I'm particularly interested in Items 2, 4, and 5, as they align well with my strategic objectives. I'd be open to trading Items 0 and 3 if you have strong preferences for those, and Item 1 could be negotiable depending on what you're offering in return. What items are you most drawn to, and do you see potential for a mutually beneficial exchange?",
      "timestamp": 1755507113.992356,
      "speaker_order": 1,
      "total_speakers": 2
    },
    {
      "phase": "discussion",
      "round": 3,
      "from": "llama_3_1_405b_2",
      "content": "I have a strong interest in Item_2 and Item_5, as they hold significant value for me. I'd be open to negotiating a bundle deal for these two items, potentially offering concessions on Item_0 or Item_1 in exchange. However, I'm not particularly keen on Item_3 and Item_4, so those could be used as leverage in our discussion.",
      "timestamp": 1755507116.4826849,
      "speaker_order": 2,
      "total_speakers": 2
    },
    {
      "phase": "reflection",
      "round": 3,
      "from": "claude_4_sonnet_1",
      "content": "My direct approach and clear reasoning about mutual benefit seem to be resonating, but I may need to show more flexibility on the specific split while maintaining focus on the core principle that equal division maximizes total utility for both parties.\n\nI should consider offering a small concession from 50-50 (like 48-52) to demonstrate good faith while emphasizing that we're running out of time and need to reach agreement soon.",
      "timestamp": 1755507142.953223
    },
    {
      "phase": "reflection",
      "round": 3,
      "from": "llama_3_1_405b_2",
      "content": "The strategies of active listening, asking clarifying questions, and finding common ground seem to be working well. To make further progress, I should focus more on addressing underlying interests and exploring creative solutions that could satisfy both parties.",