{
  "run_index": 4,
  "experiment_config": {
    "num_agents": 2,
    "num_items": 6,
    "max_rounds": 10,
    "competition_level": 0.95,
    "discount_factor": 0.9
  },
  "agents": [
    "claude_4_sonnet_1",
    "llama_3_1_405b_2"
  ],
  "agent_models": {
    "claude_4_sonnet_1": "anthropic/claude-sonnet-4",
    "llama_3_1_405b_2": "meta-llama/llama-3.1-405b-instruct"
  },
  "initial_preferences_matrix": [
    [
      2.0685294691979994,
      6.169875564533076,
      3.7554793516510676,
      5.465454638921059,
      0.88896191233507,
      4.173002457992851
    ],
    [
      4.525687774049893,
      4.267818052557501,
      3.1292302992335808,
      6.056661627444326,
      0.722748629902526,
      4.339525589116447
    ]
  ],
  "initial_preferences_by_agent": {
    "claude_4_sonnet_1": {
      "item_0": 2.0685294691979994,
      "item_1": 6.169875564533076,
      "item_2": 3.7554793516510676,
      "item_3": 5.465454638921059,
      "item_4": 0.88896191233507,
      "item_5": 4.173002457992851
    },
    "llama_3_1_405b_2": {
      "item_0": 4.525687774049893,
      "item_1": 4.267818052557501,
      "item_2": 3.1292302992335808,
      "item_3": 6.056661627444326,
      "item_4": 0.722748629902526,
      "item_5": 4.339525589116447
    }
  },
  "preference_cosine_similarities": {
    "agent_0_vs_agent_1": 0.9500000000000001
  },
  "negotiation_outcome": {
    "consensus_reached": true,
    "final_round": 1,
    "final_allocation": {
      "claude_4_sonnet_1": [
        0,
        1,
        2
      ],
      "llama_3_1_405b_2": [
        3,
        4,
        5
      ]
    },
    "final_utilities": {
      "claude_4_sonnet_1": 6.036058254229417,
      "llama_3_1_405b_2": 17.9332396781244
    },
    "utility_realized": null
  },
  "complete_conversation_log": [
    {
      "phase": "discussion",
      "round": 1,
      "from": "claude_4_sonnet_1",
      "content": "I'm particularly interested in Items 2, 4, and 5, as they align well with my strategic objectives. I'd be open to trading Items 0 and 1, which have lower priority for me, in exchange for securing at least two of my preferred items. Perhaps we could explore a deal where I take Items 2 and 4, while you get Items 1, 3, and 5, leaving Item 0 for further negotiation?",
      "timestamp": 1755506908.936872,
      "speaker_order": 1,
      "total_speakers": 2
    },
    {
      "phase": "discussion",
      "round": 1,
      "from": "llama_3_1_405b_2",
      "content": "I'm particularly interested in Item_2 and Item_5, as I believe they hold significant value. I'd be willing to consider a trade involving Item_1 or Item_3 in exchange for one of these items. Perhaps a bundle deal involving Item_0 and Item_4 could also be enticing, but only if it means securing both Item_2 and Item_5.",
      "timestamp": 1755506910.912064,
      "speaker_order": 2,
      "total_speakers": 2
    }
  ],
  "all_proposals": [],
  "all_votes": [],
  "round_summaries": [],
  "timestamp": "2025-08-18T01:48:58.008814",
  "duration_seconds": 34.246078968048096,
  "metrics": {
    "mean_utility": 11.98464896617691,
    "max_utility": 17.9332396781244,
    "min_utility": 6.036058254229417,
    "utility_spread": 11.897181423894985
  }
}