{
  "run_index": 0,
  "experiment_config": {
    "num_agents": 2,
    "num_items": 6,
    "max_rounds": 10,
    "competition_level": 0.95,
    "discount_factor": 0.9
  },
  "agents": [
    "claude_4_sonnet_1",
    "llama_3_1_405b_2"
  ],
  "agent_models": {
    "claude_4_sonnet_1": "anthropic/claude-sonnet-4",
    "llama_3_1_405b_2": "meta-llama/llama-3.1-405b-instruct"
  },
  "initial_preferences_matrix": [
    [
      6.7695436454997715,
      1.6155677333822516,
      0.4946221988819699,
      8.182265102835865,
      0.6357561455105643,
      3.1829214576399445
    ],
    [
      5.430876042106887,
      3.37193530951566,
      2.4402563153701005,
      7.783118813451799,
      2.5584408270191332,
      3.4963262653227187
    ]
  ],
  "initial_preferences_by_agent": {
    "claude_4_sonnet_1": {
      "item_0": 6.7695436454997715,
      "item_1": 1.6155677333822516,
      "item_2": 0.4946221988819699,
      "item_3": 8.182265102835865,
      "item_4": 0.6357561455105643,
      "item_5": 3.1829214576399445
    },
    "llama_3_1_405b_2": {
      "item_0": 5.430876042106887,
      "item_1": 3.37193530951566,
      "item_2": 2.4402563153701005,
      "item_3": 7.783118813451799,
      "item_4": 2.5584408270191332,
      "item_5": 3.4963262653227187
    }
  },
  "preference_cosine_similarities": {
    "agent_0_vs_agent_1": 0.9499999999999998
  },
  "negotiation_outcome": {
    "consensus_reached": true,
    "final_round": 1,
    "final_allocation": {
      "claude_4_sonnet_1": [
        0,
        2,
        4
      ],
      "llama_3_1_405b_2": [
        1,
        3,
        5
      ]
    },
    "final_utilities": {
      "claude_4_sonnet_1": 13.959578596740073,
      "llama_3_1_405b_2": 18.772390777684052
    },
    "utility_realized": null
  },
  "complete_conversation_log": [
    {
      "phase": "discussion",
      "round": 1,
      "from": "claude_4_sonnet_1",
      "content": "I'm particularly interested in Items 2, 4, and 5, as they align well with my current priorities and would provide significant value to me. I'd be open to trading Items 0, 1, and 3 for the right combination of my preferred items, though I'm flexible on the exact arrangements. What items are you most interested in securing, and do you see potential for a mutually beneficial trade?",
      "timestamp": 1755506562.122459,
      "speaker_order": 1,
      "total_speakers": 2
    },
    {
      "phase": "discussion",
      "round": 1,
      "from": "llama_3_1_405b_2",
      "content": "I have a strong interest in acquiring Item_2 and Item_5, as they hold significant value to me. I'm open to negotiating a bundle deal for these two items, potentially offering concessions on Item_0 or Item_1 in exchange. I'm less concerned about Item_3 and Item_4, but could consider them as part of a larger agreement.",
      "timestamp": 1755506564.556687,
      "speaker_order": 2,
      "total_speakers": 2
    }
  ],
  "all_proposals": [],
  "all_votes": [],
  "round_summaries": [],
  "timestamp": "2025-08-18T01:43:06.732677",
  "duration_seconds": 28.67566418647766,
  "metrics": {
    "mean_utility": 16.365984687212062,
    "max_utility": 18.772390777684052,
    "min_utility": 13.959578596740073,
    "utility_spread": 4.812812180943979
  }
}