{
  "run_index": 2,
  "experiment_config": {
    "num_agents": 2,
    "num_items": 6,
    "max_rounds": 10,
    "competition_level": 0.95,
    "discount_factor": 0.9
  },
  "agents": [
    "qwen_3_235b_a22b_2507_1",
    "llama_3_1_405b_2"
  ],
  "agent_models": {
    "qwen_3_235b_a22b_2507_1": "qwen/qwen3-235b-a22b-2507",
    "llama_3_1_405b_2": "meta-llama/llama-3.1-405b-instruct"
  },
  "initial_preferences_matrix": [
    [
      5.645416349749718,
      2.949898982877982,
      4.192308692740577,
      5.976602537425654,
      2.2523380246420057,
      1.8852163270746947
    ],
    [
      5.4340611912303585,
      5.710840390291029,
      3.656039238631403,
      4.770364281660535,
      1.4331628780169368,
      1.4748741951156294
    ]
  ],
  "initial_preferences_by_agent": {
    "qwen_3_235b_a22b_2507_1": {
      "item_0": 5.645416349749718,
      "item_1": 2.949898982877982,
      "item_2": 4.192308692740577,
      "item_3": 5.976602537425654,
      "item_4": 2.2523380246420057,
      "item_5": 1.8852163270746947
    },
    "llama_3_1_405b_2": {
      "item_0": 5.4340611912303585,
      "item_1": 5.710840390291029,
      "item_2": 3.656039238631403,
      "item_3": 4.770364281660535,
      "item_4": 1.4331628780169368,
      "item_5": 1.4748741951156294
    }
  },
  "preference_cosine_similarities": {
    "agent_0_vs_agent_1": 0.95
  },
  "negotiation_outcome": {
    "consensus_reached": true,
    "final_round": 4,
    "final_allocation": {
      "qwen_3_235b_a22b_2507_1": [
        0,
        1,
        2
      ],
      "llama_3_1_405b_2": [
        3,
        4,
        5
      ]
    },
    "final_utilities": {
      "qwen_3_235b_a22b_2507_1": 3.950473356512408,
      "llama_3_1_405b_2": 9.871272258976012
    },
    "utility_realized": null
  },
  "complete_conversation_log": [
    {
      "phase": "discussion",
      "round": 1,
      "from": "qwen_3_235b_a22b_2507_1",
      "content": "I\u2019m particularly interested in Item_0 and Item_3\u2014they\u2019re my top priorities. I\u2019d be open to trading Item_1 or Item_5 if it means securing one of those, but I\u2019d prefer a package deal involving Item_0. A balanced exchange with mutual value would work well.",
      "timestamp": 1755506941.774666,
      "speaker_order": 1,
      "total_speakers": 2
    },
    {
      "phase": "discussion",
      "round": 1,
      "from": "llama_3_1_405b_2",
      "content": "I have a strong interest in acquiring Item_2 and Item_5, as they hold significant value to me. I'd be open to negotiating a deal that involves trading Item_1 or Item_3 in exchange for one of these items. A potential bundle deal involving Item_2 and Item_4 could also be a possibility, depending on the terms.",
      "timestamp": 1755506944.144217,
      "speaker_order": 2,
      "total_speakers": 2
    },
    {
      "phase": "reflection",
      "round": 1,
      "from": "qwen_3_235b_a22b_2507_1",
      "content": "The collaborative framing and active listening helped build initial rapport, but overly rigid positioning on key trade-offs slowed progress. Next round, I\u2019ll introduce objective criteria and bundled concessions to create value and unlock movement.",
      "timestamp": 1755506962.872438
    },
    {
      "phase": "reflection",
      "round": 1,
      "from": "llama_3_1_405b_2",
      "content": "Upon reflection, I realize that active listening and asking clarifying questions have been effective in building rapport and understanding the other party's interests. However, I may need to adapt my approach to be more assertive in presenting my own interests and creative solutions to find a mutually beneficial outcome.",
      "timestamp": 1755506964.722021
    },
    {
      "phase": "discussion",
      "round": 2,
      "from": "qwen_3_235b_a22b_2507_1",
      "content": "I'm particularly interested in Item_0 and Item_3\u2014they hold the highest value for me due to strategic synergies. I\u2019d be open to trading Item_1 or Item_5 in exchange for either Item_0 or Item_3, especially if it helps create a balanced distribution that benefits both of us.",
      "timestamp": 1755506965.679154,
      "speaker_order": 1,
      "total_speakers": 2
    },
    {
      "phase": "discussion",
      "round": 2,
      "from": "llama_3_1_405b_2",
      "content": "I have a strong preference for Item_2 and Item_4. I would be open to trading Item_0 or Item_1 if that would help me secure my top choices. What items are you most interested in?",
      "timestamp": 1755506967.702035,
      "speaker_order": 2,
      "total_speakers": 2
    },
    {
      "phase": "reflection",
      "round": 2,
      "from": "qwen_3_235b_a22b_2507_1",
      "content": "The collaborative framing and active listening have built trust, but we need to shift toward integrative bargaining to uncover shared interests. I should introduce objective criteria earlier to anchor trade-offs and prevent positional deadlock.",
      "timestamp": 1755506986.55335
    },
    {
      "phase": "reflection",
      "round": 2,
      "from": "llama_3_1_405b_2",
      "content": "Upon reflection, I notice that active listening and acknowledging the counterparty's concerns have helped build trust and keep the conversation productive, but we still haven't reached a consensus. To move forward, I should try to explore more creative solutions and make more specific, data-driven proposals to address the key sticking points and bridge the gap between our positions.",
      "timestamp": 1755506988.8277571
    },
    {
      "phase": "discussion",
      "round": 3,
      "from": "qwen_3_235b_a22b_2507_1",
      "content": "I'm particularly interested in Item_0 and Item_3\u2014they're high priority for me. I could see a deal where I take those in exchange for giving up Item_1 and maybe Item_5, depending on what you want.",
      "timestamp": 1755506990.095117,
      "speaker_order": 1,
      "total_speakers": 2
    },
    {
      "phase": "discussion",
      "round": 3,
      "from": "llama_3_1_405b_2",
      "content": "I have a strong interest in Item_2 and Item_5, and I believe they would complement each other well in a package deal. I'd be open to discussing a trade involving Item_1, but I'm less keen on Item_3 and Item_4. Perhaps we could explore a 2-for-1 swap involving Item_2 and one of your preferred items?",
      "timestamp": 1755506993.160022,
      "speaker_order": 2,
      "total_speakers": 2
    },
    {
      "phase": "reflection",
      "round": 3,
      "from": "qwen_3_235b_a22b_2507_1",
      "content": "Collaborative framing and active listening have built trust, but rigid positions on key trade-offs are stalling progress. I should introduce objective criteria and explore underlying interests more deeply to unlock creative solutions.",
      "timestamp": 1755507016.5909529
    },
    {
      "phase": "reflection",
      "round": 3,
      "from": "llama_3_1_405b_2",
      "content": "The strategies of active listening, asking clarifying questions, and finding common ground seem to be working well. To make further progress, I should focus more on uncovering underlying interests and exploring creative solutions that could satisfy both sides.",
      "timestamp": 1755507018.621094
    },
    {
      "phase": "discussion",
      "round": 4,
      "from": "qwen_3_235b_a22b_2507_1",
      "content": "I'm particularly interested in Item_0 and Item_3\u2014those are my top priorities. A deal where I get Item_0 and one of Item_4 or Item_5 could work well for me.",
      "timestamp": 1755507020.896544,
      "speaker_order": 1,
      "total_speakers": 2
    },
    {
      "phase": "discussion",
      "round": 4,
      "from": "llama_3_1_405b_2",
      "content": "I am most interested in Item_2 and Item_5. I would be willing to trade Item_0 and Item_3 in exchange for those two items. What items are you most keen on acquiring?",
      "timestamp": 1755507022.677564,
      "speaker_order": 2,
      "total_speakers": 2
    }
  ],