{
  "run_index": 1,
  "experiment_config": {
    "num_agents": 2,
    "num_items": 6,
    "max_rounds": 10,
    "competition_level": 0.95,
    "discount_factor": 0.9
  },
  "agents": [
    "qwen_3_235b_a22b_2507_1",
    "llama_3_1_405b_2"
  ],
  "agent_models": {
    "qwen_3_235b_a22b_2507_1": "qwen/qwen3-235b-a22b-2507",
    "llama_3_1_405b_2": "meta-llama/llama-3.1-405b-instruct"
  },
  "initial_preferences_matrix": [
    [
      4.923078728300404,
      8.75168149453736,
      7.350433593848134,
      0.5489767942881796,
      0.29316399727716935,
      2.9145685541614874
    ],
    [
      4.953518411585571,
      8.438063454559092,
      5.677252177659375,
      3.8088463436645794,
      0.6361471890570014,
      4.567066032991311
    ]
  ],
  "initial_preferences_by_agent": {
    "qwen_3_235b_a22b_2507_1": {
      "item_0": 4.923078728300404,
      "item_1": 8.75168149453736,
      "item_2": 7.350433593848134,
      "item_3": 0.5489767942881796,
      "item_4": 0.29316399727716935,
      "item_5": 2.9145685541614874
    },
    "llama_3_1_405b_2": {
      "item_0": 4.953518411585571,
      "item_1": 8.438063454559092,
      "item_2": 5.677252177659375,
      "item_3": 3.8088463436645794,
      "item_4": 0.6361471890570014,
      "item_5": 4.567066032991311
    }
  },
  "preference_cosine_similarities": {
    "agent_0_vs_agent_1": 0.95
  },
  "negotiation_outcome": {
    "consensus_reached": true,
    "final_round": 2,
    "final_allocation": {
      "qwen_3_235b_a22b_2507_1": [
        0,
        1,
        2
      ],
      "llama_3_1_405b_2": [
        3,
        4,
        5
      ]
    },
    "final_utilities": {
      "qwen_3_235b_a22b_2507_1": 14.802061083031937,
      "llama_3_1_405b_2": 11.355471056865438
    },
    "utility_realized": null
  },
  "complete_conversation_log": [
    {
      "phase": "discussion",
      "round": 1,
      "from": "qwen_3_235b_a22b_2507_1",
      "content": "I'm primarily interested in Item_0 and Item_3\u2014they\u2019re high priority for me. That said, I\u2019m open to creative deals; maybe I could trade one of them for a bundle like Item_1 and Item_4.",
      "timestamp": 1755506893.2141812,
      "speaker_order": 1,
      "total_speakers": 2
    },
    {
      "phase": "discussion",
      "round": 1,
      "from": "llama_3_1_405b_2",
      "content": "I have a strong interest in Item_2 and Item_5, as I believe they hold significant value. I'm open to negotiating a deal that involves trading Item_1 or Item_3 in exchange for one of these items. A bundle deal involving Item_2 and Item_4 could also be a possibility, depending on the terms.",
      "timestamp": 1755506895.7434602,
      "speaker_order": 2,
      "total_speakers": 2
    },
    {
      "phase": "reflection",
      "round": 1,
      "from": "qwen_3_235b_a22b_2507_1",
      "content": "The collaborative framing and active listening helped build rapport, but clearer anchoring on shared interests could strengthen alignment. I should introduce specific trade-offs earlier to surface priorities and enable value-creating exchanges.",
      "timestamp": 1755506917.2771342
    },
    {
      "phase": "reflection",
      "round": 1,
      "from": "llama_3_1_405b_2",
      "content": "Upon reflection, it appears that active listening and open-ended questioning have been effective in gathering information and fostering a collaborative atmosphere, but a more direct and specific approach to addressing key interests and needs may be necessary to move towards consensus. In the next round, I should focus on making more targeted and creative proposals that take into account the counterparty's priorities and constraints.",
      "timestamp": 1755506920.1082518
    },
    {
      "phase": "discussion",
      "round": 2,
      "from": "qwen_3_235b_a22b_2507_1",
      "content": "I'm particularly interested in Item_0 and Item_3\u2014they\u2019re high priority for me. That said, I could see a deal where I take those in exchange for Item_5, which I\u2019m less attached to. Others\u2019 priorities might help clarify a fair trade.",
      "timestamp": 1755506921.723297,
      "speaker_order": 1,
      "total_speakers": 2
    },
    {
      "phase": "discussion",
      "round": 2,
      "from": "llama_3_1_405b_2",
      "content": "I'm particularly interested in Item_2 and Item_5, as I believe they hold significant value. I'd be open to a deal that involves trading Item_1 or Item_3 for either of those items, as I think they're less crucial to my overall goals. A package deal involving Item_2 and Item_4 could also be intriguing.",
      "timestamp": 1755506924.5323431,
      "speaker_order": 2,
      "total_speakers": 2
    }
  ],
  "all_proposals": [],
  "all_votes": [],
  "round_summaries": [],
  "timestamp": "2025-08-18T01:49:00.589820",
  "duration_seconds": 49.68193006515503,
  "metrics": {
    "mean_utility": 13.078766069948689,
    "max_utility": 14.802061083031937,
    "min_utility": 11.355471056865438,
    "utility_spread": 3.446590026166499
  }
}