game_label,n_agents,run_count,elo_variance_mean,elo_variance_std,utility_gini_mean,utility_gini_std,mean_utility,consensus_rate,elo_variance_sem,utility_gini_sem
game1,2,61,2167.5696721311474,3057.748835994092,0.0589123914245234,0.06892389258930802,72.58912295081967,1.0,391.504620579128,0.00882480015996505
game1,4,14,4740.178571428572,2463.148660522222,0.09403880629020568,0.10074940823818229,52.558928571428574,1.0,658.3041700260937,0.02692641196767844
