game_label,competition_key,competition_value,run_count,elo_variance_mean,elo_variance_std,utility_gini_mean,utility_gini_std,mean_utility,consensus_rate,elo_variance_sem,utility_gini_sem
game1,comp=0.00,0.0,20,2633.43125,2998.071063317048,0.003379263223822809,0.011575464822574323,99.375,1.0,670.3890698951994,0.002588352621443373
game1,comp=0.25,0.25,9,3250.5208333333335,5392.757584323743,0.054532004530567425,0.02966967424048409,75.725,1.0,1797.5858614412475,0.009889891413494696
game1,comp=0.50,0.5,13,3300.1298076923076,2570.867272254731,0.066157565914121,0.0278247837210157,66.53742307692308,1.0,713.0302901943594,0.007717206494985985
game1,comp=0.75,0.75,15,2735.4125,3145.476930341095,0.07511850018824469,0.07695852293423312,58.916666666666664,1.0,812.1586511393791,0.01987060517820043
game1,comp=1.00,1.0,18,1818.2256944444443,2067.2645964724816,0.1313888888888889,0.1004227176600107,41.44444444444444,1.0,487.2589382241879,0.02366986154752521
