{
  "run_index": 8,
  "experiment_config": {
    "num_agents": 2,
    "num_items": 6,
    "max_rounds": 10,
    "competition_level": 0.95,
    "discount_factor": 0.9
  },
  "agents": [
    "llama_3_1_405b_1",
    "llama_3_1_405b_2"
  ],
  "agent_models": {
    "llama_3_1_405b_1": "meta-llama/llama-3.1-405b-instruct",
    "llama_3_1_405b_2": "meta-llama/llama-3.1-405b-instruct"
  },
  "initial_preferences_matrix": [
    [
      8.571743042602213,
      1.9565374776125666,
      9.12525665575234,
      3.524229177162618,
      6.4929703242874375,
      1.6994095957556776
    ],
    [
      8.049115601811291,
      4.769409417607642,
      6.8558693064521785,
      6.412421693826015,
      6.218605047975287,
      1.9264739263869537
    ]
  ],
  "initial_preferences_by_agent": {
    "llama_3_1_405b_1": {
      "item_0": 8.571743042602213,
      "item_1": 1.9565374776125666,
      "item_2": 9.12525665575234,
      "item_3": 3.524229177162618,
      "item_4": 6.4929703242874375,
      "item_5": 1.6994095957556776
    },
    "llama_3_1_405b_2": {
      "item_0": 8.049115601811291,
      "item_1": 4.769409417607642,
      "item_2": 6.8558693064521785,
      "item_3": 6.412421693826015,
      "item_4": 6.218605047975287,
      "item_5": 1.9264739263869537
    }
  },
  "preference_cosine_similarities": {
    "agent_0_vs_agent_1": 0.9500000000000001
  },
  "negotiation_outcome": {
    "consensus_reached": true,
    "final_round": 1,
    "final_allocation": {
      "llama_3_1_405b_1": [
        0,
        1,
        2
      ],
      "llama_3_1_405b_2": [
        3,
        4,
        5
      ]
    },
    "final_utilities": {
      "llama_3_1_405b_1": 7.479261792902983,
      "llama_3_1_405b_2": 18.17546867125221
    },
    "utility_realized": null
  },
  "complete_conversation_log": [
    {
      "phase": "discussion",
      "round": 1,
      "from": "llama_3_1_405b_1",
      "content": "I'm particularly interested in acquiring Item_2 and Item_5, as I believe they hold significant value. I'd be willing to make a deal involving Item_0 or Item_1 in exchange for one of these items. Perhaps a bundle involving Item_0 and Item_1 could be sufficient to secure Item_2.",
      "timestamp": 1755506913.444609,
      "speaker_order": 1,
      "total_speakers": 2
    },
    {
      "phase": "discussion",
      "round": 1,
      "from": "llama_3_1_405b_2",
      "content": "I have a strong interest in Item_2 and Item_5, as I believe they hold significant value. I'm willing to consider a trade involving Item_1 or Item_3 in exchange for one of these items. A bundle deal involving Item_2 and Item_5 would be ideal, but I'm open to negotiations.",
      "timestamp": 1755506915.7123148,
      "speaker_order": 2,
      "total_speakers": 2
    }
  ],
  "all_proposals": [],
  "all_votes": [],
  "round_summaries": [],
  "timestamp": "2025-08-18T01:48:53.266115",
  "duration_seconds": 22.57472586631775,
  "metrics": {
    "mean_utility": 12.827365232077597,
    "max_utility": 18.17546867125221,
    "min_utility": 7.479261792902983,
    "utility_spread": 10.696206878349228
  }
}