{
  "run_index": 0,
  "experiment_config": {
    "num_agents": 2,
    "num_items": 6,
    "max_rounds": 10,
    "competition_level": 0.95,
    "discount_factor": 0.9
  },
  "agents": [
    "llama_3_1_405b_1",
    "llama_3_1_405b_2"
  ],
  "agent_models": {
    "llama_3_1_405b_1": "meta-llama/llama-3.1-405b-instruct",
    "llama_3_1_405b_2": "meta-llama/llama-3.1-405b-instruct"
  },
  "initial_preferences_matrix": [
    [
      5.5776669492378534,
      7.436412560391191,
      2.7463903284470725,
      3.7296829817513144,
      7.436473415270248,
      4.487842911869468
    ],
    [
      3.7802874861301814,
      9.707976529774426,
      4.180466218534406,
      2.50746792580079,
      4.987058556775261,
      5.112322189649179
    ]
  ],
  "initial_preferences_by_agent": {
    "llama_3_1_405b_1": {
      "item_0": 5.5776669492378534,
      "item_1": 7.436412560391191,
      "item_2": 2.7463903284470725,
      "item_3": 3.7296829817513144,
      "item_4": 7.436473415270248,
      "item_5": 4.487842911869468
    },
    "llama_3_1_405b_2": {
      "item_0": 3.7802874861301814,
      "item_1": 9.707976529774426,
      "item_2": 4.180466218534406,
      "item_3": 2.50746792580079,
      "item_4": 4.987058556775261,
      "item_5": 5.112322189649179
    }
  },
  "preference_cosine_similarities": {
    "agent_0_vs_agent_1": 0.95
  },
  "negotiation_outcome": {
    "consensus_reached": true,
    "final_round": 1,
    "final_allocation": {
      "llama_3_1_405b_1": [
        0,
        1,
        2
      ],
      "llama_3_1_405b_2": [
        3,
        4,
        5
      ]
    },
    "final_utilities": {
      "llama_3_1_405b_1": 23.68540277033994,
      "llama_3_1_405b_2": 15.811779377293536
    },
    "utility_realized": null
  },
  "complete_conversation_log": [
    {
      "phase": "discussion",
      "round": 1,
      "from": "llama_3_1_405b_1",
      "content": "I'm particularly interested in acquiring Item_2 and Item_5, as they hold significant value to me. I'd be open to negotiating a trade involving Item_0 or Item_1 in exchange for one of these items. A bundle deal involving Item_3 and Item_4 could also be an attractive option, depending on the terms.",
      "timestamp": 1755506589.2506711,
      "speaker_order": 1,
      "total_speakers": 2
    },
    {
      "phase": "discussion",
      "round": 1,
      "from": "llama_3_1_405b_2",
      "content": "I'm particularly interested in acquiring Item_2 and Item_5, as I believe they hold significant value. I'd be open to negotiating a trade involving Item_1, which I'm less attached to, in exchange for either of these priority items. Perhaps a bundle deal involving Item_1 and another lower-priority item could be mutually beneficial.",
      "timestamp": 1755506591.483565,
      "speaker_order": 2,
      "total_speakers": 2
    }
  ],
  "all_proposals": [],
  "all_votes": [],
  "round_summaries": [],
  "timestamp": "2025-08-18T01:43:30.670295",
  "duration_seconds": 24.597759008407593,
  "metrics": {
    "mean_utility": 19.74859107381674,
    "max_utility": 23.68540277033994,
    "min_utility": 15.811779377293536,
    "utility_spread": 7.873623393046405
  }
}