{
  "run_index": 6,
  "experiment_config": {
    "num_agents": 2,
    "num_items": 6,
    "max_rounds": 10,
    "competition_level": 0.95,
    "discount_factor": 0.9
  },
  "agents": [
    "llama_3_1_405b_1",
    "llama_3_1_405b_2"
  ],
  "agent_models": {
    "llama_3_1_405b_1": "meta-llama/llama-3.1-405b-instruct",
    "llama_3_1_405b_2": "meta-llama/llama-3.1-405b-instruct"
  },
  "initial_preferences_matrix": [
    [
      6.101241329068172,
      2.904592761849689,
      5.5035128352446,
      6.8712533094165815,
      5.614222398391815,
      9.628511940874171
    ],
    [
      7.4177228541318785,
      5.902972010834466,
      6.234082203455167,
      3.4859344469287685,
      4.207159051515557,
      9.4238483486246
    ]
  ],
  "initial_preferences_by_agent": {
    "llama_3_1_405b_1": {
      "item_0": 6.101241329068172,
      "item_1": 2.904592761849689,
      "item_2": 5.5035128352446,
      "item_3": 6.8712533094165815,
      "item_4": 5.614222398391815,
      "item_5": 9.628511940874171
    },
    "llama_3_1_405b_2": {
      "item_0": 7.4177228541318785,
      "item_1": 5.902972010834466,
      "item_2": 6.234082203455167,
      "item_3": 3.4859344469287685,
      "item_4": 4.207159051515557,
      "item_5": 9.4238483486246
    }
  },
  "preference_cosine_similarities": {
    "agent_0_vs_agent_1": 0.95
  },
  "negotiation_outcome": {
    "consensus_reached": true,
    "final_round": 1,
    "final_allocation": {
      "llama_3_1_405b_1": [
        0,
        1,
        2
      ],
      "llama_3_1_405b_2": [
        3,
        4,
        5
      ]
    },
    "final_utilities": {
      "llama_3_1_405b_1": 18.187583064476136,
      "llama_3_1_405b_2": 14.22528313877098
    },
    "utility_realized": null
  },
  "complete_conversation_log": [
    {
      "phase": "discussion",
      "round": 1,
      "from": "llama_3_1_405b_1",
      "content": "I'm most interested in Item_2 and Item_5, as they hold significant value for me. I'd be open to negotiating a deal that involves trading Item_1 or Item_3 in exchange for one of these items. A bundle deal involving Item_2 and Item_4 could also be a possibility, depending on the terms.",
      "timestamp": 1755506818.880127,
      "speaker_order": 1,
      "total_speakers": 2
    },
    {
      "phase": "discussion",
      "round": 1,
      "from": "llama_3_1_405b_2",
      "content": "I have a strong interest in Item_2 and Item_5, as they hold significant value to me. I'd be open to negotiating a bundle deal involving these two items, potentially offering concessions on Item_1 or Item_3 in exchange. A trade involving Item_2 and Item_5 would be my top priority.",
      "timestamp": 1755506821.510012,
      "speaker_order": 2,
      "total_speakers": 2
    }
  ],
  "all_proposals": [],
  "all_votes": [],
  "round_summaries": [],
  "timestamp": "2025-08-18T01:47:24.903098",
  "duration_seconds": 28.527196168899536,
  "metrics": {
    "mean_utility": 16.20643310162356,
    "max_utility": 18.187583064476136,
    "min_utility": 14.22528313877098,
    "utility_spread": 3.9622999257051568
  }
}