{
  "run_index": 7,
  "experiment_config": {
    "num_agents": 2,
    "num_items": 6,
    "max_rounds": 10,
    "competition_level": 0.95,
    "discount_factor": 0.9
  },
  "agents": [
    "llama_3_1_405b_1",
    "llama_3_1_405b_2"
  ],
  "agent_models": {
    "llama_3_1_405b_1": "meta-llama/llama-3.1-405b-instruct",
    "llama_3_1_405b_2": "meta-llama/llama-3.1-405b-instruct"
  },
  "initial_preferences_matrix": [
    [
      9.790924618189575,
      2.1658892578602593,
      8.012322234734587,
      9.282065138536645,
      8.645881739332191,
      6.906215338967927
    ],
    [
      10.0,
      2.866278826520952,
      4.7243049878643335,
      6.604828257640514,
      8.128388660326,
      10.0
    ]
  ],
  "initial_preferences_by_agent": {
    "llama_3_1_405b_1": {
      "item_0": 9.790924618189575,
      "item_1": 2.1658892578602593,
      "item_2": 8.012322234734587,
      "item_3": 9.282065138536645,
      "item_4": 8.645881739332191,
      "item_5": 6.906215338967927
    },
    "llama_3_1_405b_2": {
      "item_0": 10.0,
      "item_1": 2.866278826520952,
      "item_2": 4.7243049878643335,
      "item_3": 6.604828257640514,
      "item_4": 8.128388660326,
      "item_5": 10.0
    }
  },
  "preference_cosine_similarities": {
    "agent_0_vs_agent_1": 0.9613041611432548
  },
  "negotiation_outcome": {
    "consensus_reached": true,
    "final_round": 3,
    "final_allocation": {
      "llama_3_1_405b_1": [
        0,
        3
      ],
      "llama_3_1_405b_2": [
        1,
        2,
        4,
        5
      ]
    },
    "final_utilities": {
      "llama_3_1_405b_1": 6.081102615342726,
      "llama_3_1_405b_2": 17.503810321624247
    },
    "utility_realized": null
  },
  "complete_conversation_log": [
    {
      "phase": "discussion",
      "round": 1,
      "from": "llama_3_1_405b_1",
      "content": "I'm particularly interested in Item_2 and Item_5, as I believe they hold significant value. I'd be open to negotiating a deal that involves trading Item_1 or Item_3 for one of these items, or potentially bundling Item_0 with Item_4 for a mutually beneficial exchange. What are your priorities?",
      "timestamp": 1755506847.3357718,
      "speaker_order": 1,
      "total_speakers": 2
    },
    {
      "phase": "discussion",
      "round": 1,
      "from": "llama_3_1_405b_2",
      "content": "I'm particularly interested in Item_2 and Item_5, as I believe they hold significant value. I'd be willing to consider a trade involving Item_1 or Item_3 in exchange for one of these items. A bundle deal involving Item_2 and Item_4 could also be a viable option.",
      "timestamp": 1755506849.704281,
      "speaker_order": 2,
      "total_speakers": 2
    },
    {
      "phase": "reflection",
      "round": 1,
      "from": "llama_3_1_405b_1",
      "content": "The human and I have established our initial positions, but have not found common ground yet. I should focus more on finding areas of agreement and shared interests to build rapport and move towards a mutually beneficial resolution.",
      "timestamp": 1755506863.1962152
    },
    {
      "phase": "reflection",
      "round": 1,
      "from": "llama_3_1_405b_2",
      "content": "Upon reflection, my efforts to actively listen to the counterparty's concerns and reframe their needs in my responses seem to be building trust, but have yet to yield a mutually agreeable solution. In the next round, I should focus on making more creative, concessions-based proposals to unlock potential areas of compromise.",
      "timestamp": 1755506865.487024
    },
    {
      "phase": "discussion",
      "round": 2,
      "from": "llama_3_1_405b_1",
      "content": "I'm quite interested in Item_2 and Item_5. I could be convinced to trade some of the other items if a compelling offer was made, particularly for Item_0 or Item_3. However, Item_1 and Item_4 are lower priority for me.",
      "timestamp": 1755506867.787182,
      "speaker_order": 1,
      "total_speakers": 2
    },
    {
      "phase": "discussion",
      "round": 2,
      "from": "llama_3_1_405b_2",
      "content": "I'm particularly interested in Item_2 and Item_5, and I think they would be valuable additions to my portfolio. I might be willing to make a deal involving Item_1 or Item_3 if the terms are favorable. A potential trade could be Item_1 and Item_3 in exchange for Item_2 and Item_5, but I'm open to negotiations.",
      "timestamp": 1755506870.931875,
      "speaker_order": 2,
      "total_speakers": 2
    },
    {
      "phase": "reflection",
      "round": 2,
      "from": "llama_3_1_405b_1",
      "content": "Upon reflection, I notice that active listening and paraphrasing have been effective in building rapport and clarifying the counterpart's concerns, but we have yet to find mutually beneficial solutions. To move forward, I should focus on generating creative options and making targeted concessions to unlock potential areas of agreement.",
      "timestamp": 1755506887.312274
    },
    {
      "phase": "reflection",
      "round": 2,
      "from": "llama_3_1_405b_2",
      "content": "Upon reflection, I notice that active listening and asking clarifying questions have been effective in building understanding and trust with the counterpart, but we have yet to find a mutually beneficial agreement. To move forward, I should try to explore creative solutions and make more targeted concessions to find a middle ground that meets both parties' interests.",
      "timestamp": 1755506889.443063
    },
    {
      "phase": "discussion",
      "round": 3,
      "from": "llama_3_1_405b_1",
      "content": "I am most interested in Item_2 and Item_4. I would be willing to trade Item_1 or Item_3 in exchange for either of those two items.",
      "timestamp": 1755506893.334335,
      "speaker_order": 1,
      "total_speakers": 2
    },
    {
      "phase": "discussion",
      "round": 3,
      "from": "llama_3_1_405b_2",
      "content": "I am most interested in Item_2 and Item_4. I would be open to a deal involving trading away Item_0 or Item_1 in exchange for one of my preferred items. However, Item_3 and Item_5 are also of some value to me.",
      "timestamp": 1755506895.8970802,
      "speaker_order": 2,
      "total_speakers": 2
    }
  ],
  "all_proposals": [],
  "all_votes": [],
  "round_summaries": [],
  "timestamp": "2025-08-18T01:48:30.690251",
  "duration_seconds": 65.78611588478088,
  "metrics": {
    "mean_utility": 11.792456468483486,
    "max_utility": 17.503810321624247,
    "min_utility": 6.081102615342726,
    "utility_spread": 11.422707706281521
  }
}