{
  "run_index": 3,
  "experiment_config": {
    "num_agents": 2,
    "num_items": 6,
    "max_rounds": 10,
    "competition_level": 0.95,
    "discount_factor": 0.9
  },
  "agents": [
    "llama_3_1_405b_1",
    "llama_3_1_405b_2"
  ],
  "agent_models": {
    "llama_3_1_405b_1": "meta-llama/llama-3.1-405b-instruct",
    "llama_3_1_405b_2": "meta-llama/llama-3.1-405b-instruct"
  },
  "initial_preferences_matrix": [
    [
      5.2555713122592,
      2.885448271409051,
      9.785482370075211,
      4.778393201982113,
      6.412708353856427,
      7.826729235251982
    ],
    [
      7.351078476323093,
      4.797899079355025,
      9.308733232047246,
      3.021849235240593,
      2.7414330347405724,
      8.749761979387827
    ]
  ],
  "initial_preferences_by_agent": {
    "llama_3_1_405b_1": {
      "item_0": 5.2555713122592,
      "item_1": 2.885448271409051,
      "item_2": 9.785482370075211,
      "item_3": 4.778393201982113,
      "item_4": 6.412708353856427,
      "item_5": 7.826729235251982
    },
    "llama_3_1_405b_2": {
      "item_0": 7.351078476323093,
      "item_1": 4.797899079355025,
      "item_2": 9.308733232047246,
      "item_3": 3.021849235240593,
      "item_4": 2.7414330347405724,
      "item_5": 8.749761979387827
    }
  },
  "preference_cosine_similarities": {
    "agent_0_vs_agent_1": 0.95
  },
  "negotiation_outcome": {
    "consensus_reached": true,
    "final_round": 1,
    "final_allocation": {
      "llama_3_1_405b_1": [
        0,
        3
      ],
      "llama_3_1_405b_2": [
        1,
        2,
        4,
        5
      ]
    },
    "final_utilities": {
      "llama_3_1_405b_1": 7.703117597141973,
      "llama_3_1_405b_2": 25.576836932606515
    },
    "utility_realized": null
  },
  "complete_conversation_log": [
    {
      "phase": "discussion",
      "round": 1,
      "from": "llama_3_1_405b_1",
      "content": "I have a strong interest in Item_2 and Item_5, as they hold significant value for me. I'd be open to negotiating a deal that involves trading Item_1 or Item_3 for one of these two items, or potentially a bundle deal involving Item_0 and Item_4. However, I'm willing to listen to alternative proposals that could benefit both parties.",
      "timestamp": 1755506715.022688,
      "speaker_order": 1,
      "total_speakers": 2
    },
    {
      "phase": "discussion",
      "round": 1,
      "from": "llama_3_1_405b_2",
      "content": "I'm particularly drawn to Item_2 and Item_5, as I believe they hold significant value. I'd be open to a deal that involves trading Item_1 or Item_3 for one of these items, but I'm not willing to part with both. Perhaps a bundle deal involving Item_0 and Item_4 could also be a viable option.",
      "timestamp": 1755506717.384423,
      "speaker_order": 2,
      "total_speakers": 2
    }
  ],
  "all_proposals": [],
  "all_votes": [],
  "round_summaries": [],
  "timestamp": "2025-08-18T01:45:33.062183",
  "duration_seconds": 21.0684552192688,
  "metrics": {
    "mean_utility": 16.639977264874243,
    "max_utility": 25.576836932606515,
    "min_utility": 7.703117597141973,
    "utility_spread": 17.873719335464543
  }
}