{
  "run_index": 8,
  "experiment_config": {
    "num_agents": 2,
    "num_items": 6,
    "max_rounds": 10,
    "competition_level": 0.95,
    "discount_factor": 0.9
  },
  "agents": [
    "claude_4_sonnet_1",
    "llama_3_1_405b_2"
  ],
  "agent_models": {
    "claude_4_sonnet_1": "anthropic/claude-sonnet-4",
    "llama_3_1_405b_2": "meta-llama/llama-3.1-405b-instruct"
  },
  "initial_preferences_matrix": [
    [
      4.046818975980397,
      4.031250055404829,
      3.6138562922616146,
      1.4896023635154332,
      5.289958573166487,
      1.5817156433485136
    ],
    [
      3.9953408875538297,
      3.6162564894972578,
      5.1347878454961124,
      2.6140684431154027,
      3.364665870867114,
      2.1980998945867576
    ]
  ],
  "initial_preferences_by_agent": {
    "claude_4_sonnet_1": {
      "item_0": 4.046818975980397,
      "item_1": 4.031250055404829,
      "item_2": 3.6138562922616146,
      "item_3": 1.4896023635154332,
      "item_4": 5.289958573166487,
      "item_5": 1.5817156433485136
    },
    "llama_3_1_405b_2": {
      "item_0": 3.9953408875538297,
      "item_1": 3.6162564894972578,
      "item_2": 5.1347878454961124,
      "item_3": 2.6140684431154027,
      "item_4": 3.364665870867114,
      "item_5": 2.1980998945867576
    }
  },
  "preference_cosine_similarities": {
    "agent_0_vs_agent_1": 0.95
  },
  "negotiation_outcome": {
    "consensus_reached": true,
    "final_round": 3,
    "final_allocation": {
      "claude_4_sonnet_1": [
        0,
        1,
        2
      ],
      "llama_3_1_405b_2": [
        3,
        4,
        5
      ]
    },
    "final_utilities": {
      "claude_4_sonnet_1": 15.72474213158273,
      "llama_3_1_405b_2": 13.158578848730537
    },
    "utility_realized": null
  },
  "complete_conversation_log": [
    {
      "phase": "discussion",
      "round": 1,
      "from": "claude_4_sonnet_1",
      "content": "I'm particularly interested in Items 2, 4, and 5, as they align well with my strategic objectives. I'd be open to exploring a deal where I focus on these higher-priority items while potentially conceding Items 0, 1, and 3 if you have strong preferences for them. What items are you most drawn to, and do you see potential for a mutually beneficial arrangement?",
      "timestamp": 1755507273.9459279,
      "speaker_order": 1,
      "total_speakers": 2
    },
    {
      "phase": "discussion",
      "round": 1,
      "from": "llama_3_1_405b_2",
      "content": "I am particularly interested in Item_2 and Item_5. I would be open to trading Item_1 or Item_4 for those. What items are you most keen on?",
      "timestamp": 1755507275.594819,
      "speaker_order": 2,
      "total_speakers": 2
    },
    {
      "phase": "reflection",
      "round": 1,
      "from": "claude_4_sonnet_1",
      "content": "I need more context about what negotiation took place in Round 1 to provide meaningful reflection. Without knowing the specific proposals, counteroffers, or positions taken by each party, I cannot assess what strategies worked or suggest different approaches for future rounds.\n\nCould you provide details about what happened in Round 1 - the key proposals, responses, and areas of disagreement?",
      "timestamp": 1755507304.259097
    },
    {
      "phase": "reflection",
      "round": 1,
      "from": "llama_3_1_405b_2",
      "content": "Upon reflection, I notice that active listening and open-ended questioning have been effective in gathering information and fostering a collaborative atmosphere, but we have yet to find common ground. To move forward, I should try to identify and address potential underlying interests and concerns that may be driving the other party's position, and explore creative solutions that could meet both parties' needs.",
      "timestamp": 1755507306.7940211
    },
    {
      "phase": "discussion",
      "round": 2,
      "from": "claude_4_sonnet_1",
      "content": "I'm particularly interested in Items 2, 4, and 5, as they align well with my priorities for this negotiation. I'd be willing to consider trading Items 0, 1, and 3 if we can find a mutually beneficial arrangement. What items are you most focused on securing?",
      "timestamp": 1755507309.8752189,
      "speaker_order": 1,
      "total_speakers": 2
    },
    {
      "phase": "discussion",
      "round": 2,
      "from": "llama_3_1_405b_2",
      "content": "I am most interested in Item_2 and Item_5. I would be open to trading Item_1 or Item_4 if it meant securing those two items. What items are you most keen on?",
      "timestamp": 1755507311.965732,
      "speaker_order": 2,
      "total_speakers": 2
    },
    {
      "phase": "reflection",
      "round": 2,
      "from": "claude_4_sonnet_1",
      "content": "I need to see what specific proposals and counteroffers have been made to assess what's working and what isn't. Without knowing the actual negotiation details from Round 2, I can't provide meaningful strategic reflection on which approaches are succeeding or failing.\n\nCould you share the key proposals, positions, and responses from Round 2 so I can give you targeted strategic advice for moving forward?",
      "timestamp": 1755507336.8993762
    },
    {
      "phase": "reflection",
      "round": 2,
      "from": "llama_3_1_405b_2",
      "content": "Upon reflection, I notice that actively listening to the counterpart's needs and concerns, and responding with empathy and understanding, has helped build trust and keep the conversation collaborative. To move towards a consensus, I should try to be more specific and creative in my proposals, exploring mutually beneficial solutions that address the underlying interests and needs of both parties.",
      "timestamp": 1755507339.162379
    },
    {
      "phase": "discussion",
      "round": 3,
      "from": "claude_4_sonnet_1",
      "content": "I'm particularly interested in Items 1, 3, and 5, as they align well with my strategic priorities. I'd be open to a deal where I focus on those items while you take Items 0, 2, and 4 - this could create a mutually beneficial arrangement where we each get our preferred items without direct competition. What are your thoughts on your item preferences?",
      "timestamp": 1755507342.8294358,
      "speaker_order": 1,
      "total_speakers": 2
    },
    {
      "phase": "discussion",
      "round": 3,
      "from": "llama_3_1_405b_2",
      "content": "I have a strong interest in Item_2 and Item_5, as I believe they hold significant value. I'd be willing to consider a trade involving Item_1 or Item_3 in exchange for one of these items. Perhaps a bundle deal involving Item_0 and Item_4 could also be a viable option for me.",
      "timestamp": 1755507344.911725,
      "speaker_order": 2,
      "total_speakers": 2
    }
  ],
  "all_proposals": [],
  "all_votes": [],
  "round_summaries": [],
  "timestamp": "2025-08-18T01:56:14.206239",
  "duration_seconds": 104.29099798202515,
  "metrics": {
    "mean_utility": 14.441660490156632,
    "max_utility": 15.72474213158273,
    "min_utility": 13.158578848730537,
    "utility_spread": 2.5661632828521928
  }
}