{
  "run_index": 2,
  "experiment_config": {
    "num_agents": 2,
    "num_items": 6,
    "max_rounds": 10,
    "competition_level": 0.95,
    "discount_factor": 0.9
  },
  "agents": [
    "claude_4_sonnet_1",
    "llama_3_1_405b_2"
  ],
  "agent_models": {
    "claude_4_sonnet_1": "anthropic/claude-sonnet-4",
    "llama_3_1_405b_2": "meta-llama/llama-3.1-405b-instruct"
  },
  "initial_preferences_matrix": [
    [
      2.756359683751315,
      5.256280214064535,
      3.7222911380048664,
      4.905439735617911,
      5.154042002977111,
      7.740210949810046
    ],
    [
      1.947266445309887,
      6.977803951122437,
      4.75541966829598,
      6.594211491678941,
      3.386252663138689,
      5.4381855540507145
    ]
  ],
  "initial_preferences_by_agent": {
    "claude_4_sonnet_1": {
      "item_0": 2.756359683751315,
      "item_1": 5.256280214064535,
      "item_2": 3.7222911380048664,
      "item_3": 4.905439735617911,
      "item_4": 5.154042002977111,
      "item_5": 7.740210949810046
    },
    "llama_3_1_405b_2": {
      "item_0": 1.947266445309887,
      "item_1": 6.977803951122437,
      "item_2": 4.75541966829598,
      "item_3": 6.594211491678941,
      "item_4": 3.386252663138689,
      "item_5": 5.4381855540507145
    }
  },
  "preference_cosine_similarities": {
    "agent_0_vs_agent_1": 0.9499999999999998
  },
  "negotiation_outcome": {
    "consensus_reached": true,
    "final_round": 1,
    "final_allocation": {
      "claude_4_sonnet_1": [
        0,
        1,
        2
      ],
      "llama_3_1_405b_2": [
        3,
        4,
        5
      ]
    },
    "final_utilities": {
      "claude_4_sonnet_1": 17.081238581163475,
      "llama_3_1_405b_2": 17.275400816948824
    },
    "utility_realized": null
  },
  "complete_conversation_log": [
    {
      "phase": "discussion",
      "round": 1,
      "from": "claude_4_sonnet_1",
      "content": "I'm particularly interested in Items 2, 4, and 5, as they align well with my priorities and would provide significant value to me. I'd be open to exploring a deal where I focus on those items while you take the lead on Items 0, 1, and 3 - though I'm flexible and curious to hear what items are most important to you before we finalize any arrangement.",
      "timestamp": 1755506691.5963368,
      "speaker_order": 1,
      "total_speakers": 2
    },
    {
      "phase": "discussion",
      "round": 1,
      "from": "llama_3_1_405b_2",
      "content": "I'm particularly interested in acquiring Item_2 and Item_5, as I believe they hold significant value. I'd be open to trading Item_1 or Item_3 in a package deal to secure these priority items. Perhaps a 2-for-1 swap or a bundle involving Item_0 could be mutually beneficial.",
      "timestamp": 1755506693.741157,
      "speaker_order": 2,
      "total_speakers": 2
    }
  ],
  "all_proposals": [],
  "all_votes": [],
  "round_summaries": [],
  "timestamp": "2025-08-18T01:45:18.485064",
  "duration_seconds": 30.740286827087402,
  "metrics": {
    "mean_utility": 17.17831969905615,
    "max_utility": 17.275400816948824,
    "min_utility": 17.081238581163475,
    "utility_spread": 0.19416223578534897
  }
}