{
  "run_index": 3,
  "experiment_config": {
    "num_agents": 2,
    "num_items": 6,
    "max_rounds": 10,
    "competition_level": 0.95,
    "discount_factor": 0.9
  },
  "agents": [
    "claude_4_sonnet_1",
    "llama_3_1_405b_2"
  ],
  "agent_models": {
    "claude_4_sonnet_1": "anthropic/claude-sonnet-4",
    "llama_3_1_405b_2": "meta-llama/llama-3.1-405b-instruct"
  },
  "initial_preferences_matrix": [
    [
      0.8597045909094703,
      6.299967218210185,
      7.817686260411404,
      1.6200165913975417,
      9.302647139745314,
      2.0032245875801777
    ],
    [
      2.881334895952741,
      7.2332728273338205,
      8.48879125825994,
      4.055025730634375,
      6.450558884030999,
      1.9966613422487194
    ]
  ],
  "initial_preferences_by_agent": {
    "claude_4_sonnet_1": {
      "item_0": 0.8597045909094703,
      "item_1": 6.299967218210185,
      "item_2": 7.817686260411404,
      "item_3": 1.6200165913975417,
      "item_4": 9.302647139745314,
      "item_5": 2.0032245875801777
    },
    "llama_3_1_405b_2": {
      "item_0": 2.881334895952741,
      "item_1": 7.2332728273338205,
      "item_2": 8.48879125825994,
      "item_3": 4.055025730634375,
      "item_4": 6.450558884030999,
      "item_5": 1.9966613422487194
    }
  },
  "preference_cosine_similarities": {
    "agent_0_vs_agent_1": 0.9500000000000001
  },
  "negotiation_outcome": {
    "consensus_reached": true,
    "final_round": 5,
    "final_allocation": {
      "claude_4_sonnet_1": [
        0,
        2,
        4
      ],
      "llama_3_1_405b_2": [
        1,
        3,
        5
      ]
    },
    "final_utilities": {
      "claude_4_sonnet_1": 8.515511443452949,
      "llama_3_1_405b_2": 7.0127589987420516
    },
    "utility_realized": null
  },
  "complete_conversation_log": [
    {
      "phase": "discussion",
      "round": 1,
      "from": "claude_4_sonnet_1",
      "content": "I'm particularly interested in Items 1, 3, and 5, as they align well with my priorities. I'd be open to trading Items 0, 2, and 4 if you have strong preferences for those, since flexibility often leads to mutually beneficial outcomes. What items are you most drawn to, and do you see potential for us to each focus on different subsets?",
      "timestamp": 1755506722.8186932,
      "speaker_order": 1,
      "total_speakers": 2
    },
    {
      "phase": "discussion",
      "round": 1,
      "from": "llama_3_1_405b_2",
      "content": "I have a strong interest in Item_2 and Item_5, as they complement each other well and would be valuable to me together. I'd be open to a deal that involves trading Item_1 or Item_3 for one of these items, but I'd need a strong offer to consider giving up both. Perhaps a bundle deal involving Item_0 could also be a possibility.",
      "timestamp": 1755506725.3350341,
      "speaker_order": 2,
      "total_speakers": 2
    },
    {
      "phase": "reflection",
      "round": 1,
      "from": "claude_4_sonnet_1",
      "content": "I need more context about what negotiation took place in Round 1 to provide meaningful reflection. Without knowing the specific proposals, counteroffers, or positions taken by each party, I can't assess which strategies worked or suggest improvements for the next round.\n\nCould you provide details about what happened in Round 1 - the key proposals, responses, and points of disagreement?",
      "timestamp": 1755506753.053466
    },
    {
      "phase": "reflection",
      "round": 1,
      "from": "llama_3_1_405b_2",
      "content": "The human and I have both made reasonable proposals, but have not yet found a middle ground. I should consider areas of potential compromise, while remaining firm on my key priorities.",
      "timestamp": 1755506754.704406
    },
    {
      "phase": "discussion",
      "round": 2,
      "from": "claude_4_sonnet_1",
      "content": "I'm particularly interested in Items 2, 4, and 5, as they align well with my priorities. I'd be open to a deal where I focus on those items while you take Items 0, 1, and 3 - this could create mutual value if our preferences differ. What items are you most drawn to?",
      "timestamp": 1755506758.105952,
      "speaker_order": 1,
      "total_speakers": 2
    },
    {
      "phase": "discussion",
      "round": 2,
      "from": "llama_3_1_405b_2",
      "content": "I have a strong interest in acquiring Items 2 and 5, as I believe they hold significant value. I'm willing to consider trading Item 1 or a combination of Items 0 and 3 to secure either of these high-priority items. However, I'm open to alternative proposals that could benefit both parties.",
      "timestamp": 1755506760.400846,
      "speaker_order": 2,
      "total_speakers": 2
    },
    {
      "phase": "reflection",
      "round": 2,
      "from": "claude_4_sonnet_1",
      "content": "My direct value-based approach isn't breaking through the deadlock. I need to shift toward more collaborative problem-solving and explore creative alternatives that might unlock hidden value for both parties.",
      "timestamp": 1755506787.58255
    },
    {
      "phase": "reflection",
      "round": 2,
      "from": "llama_3_1_405b_2",
      "content": "Upon reflection, I notice that actively listening to the counterparty's concerns and acknowledging their needs has helped build trust and facilitated a more open discussion. To further progress, I should try to employ more creative and innovative solutions that meet both parties' interests, rather than solely relying on positional bargaining.",
      "timestamp": 1755506789.570047
    },
    {
      "phase": "discussion",
      "round": 3,
      "from": "claude_4_sonnet_1",
      "content": "I'm particularly interested in Items 2, 4, and 5, as they align well with my current priorities and would provide significant value to me. I'd be open to trading Items 0, 1, and 3 if you have strong preferences for those, as I see potential for a mutually beneficial arrangement where we each focus on our highest-value items. What items are you most drawn to?",
      "timestamp": 1755506794.3730948,
      "speaker_order": 1,
      "total_speakers": 2
    },
    {
      "phase": "discussion",
      "round": 3,
      "from": "llama_3_1_405b_2",
      "content": "I am most interested in Item_2 and Item_4. I would be willing to trade Item_0 or Item_3 in exchange for either of those. What items are you most keen on obtaining?",
      "timestamp": 1755506796.3433542,
      "speaker_order": 2,
      "total_speakers": 2
    },
    {
      "phase": "reflection",
      "round": 3,
      "from": "claude_4_sonnet_1",
      "content": "My collaborative approach and detailed explanations are building trust, but I need to be more assertive about my core needs while still showing flexibility on implementation details.\n\nI should propose specific compromise scenarios that protect my essential interests while giving others meaningful wins they can accept.",
      "timestamp": 1755506830.5893078
    },
    {
      "phase": "reflection",
      "round": 3,
      "from": "llama_3_1_405b_2",
      "content": "Upon reflection, I notice that actively listening to the counterpart's concerns and responding with empathy has helped build trust and facilitated open discussion. However, I should try to be more direct and explicit in my proposals and concessions to avoid misunderstandings and accelerate progress towards a mutually acceptable agreement.",
      "timestamp": 1755506832.8753002
    },
    {
      "phase": "discussion",
      "round": 4,
      "from": "claude_4_sonnet_1",
      "content": "I'm particularly interested in Items 2, 4, and 5, as they align well with my core objectives. I'd be open to a deal where I focus on those three items while you take Items 0, 1, and 3 - this could create a mutually beneficial split where we each get our preferred items. What are your thoughts on this arrangement, and which items are most valuable to you?",
      "timestamp": 1755506837.029251,