{
  "run_index": 9,
  "experiment_config": {
    "num_agents": 2,
    "num_items": 6,
    "max_rounds": 10,
    "competition_level": 0.95,
    "discount_factor": 0.9
  },
  "agents": [
    "qwen_3_235b_a22b_2507_1",
    "llama_3_1_405b_2"
  ],
  "agent_models": {
    "qwen_3_235b_a22b_2507_1": "qwen/qwen3-235b-a22b-2507",
    "llama_3_1_405b_2": "meta-llama/llama-3.1-405b-instruct"
  },
  "initial_preferences_matrix": [
    [
      5.653338618586815,
      3.797517748560073,
      3.6436200930482676,
      1.9334446758297874,
      3.382839879777877,
      5.947613038851669
    ],
    [
      3.6439363375944698,
      5.717290082133588,
      4.620446791537202,
      1.3360643048105711,
      4.228695727633134,
      4.819970844673734
    ]
  ],
  "initial_preferences_by_agent": {
    "qwen_3_235b_a22b_2507_1": {
      "item_0": 5.653338618586815,
      "item_1": 3.797517748560073,
      "item_2": 3.6436200930482676,
      "item_3": 1.9334446758297874,
      "item_4": 3.382839879777877,
      "item_5": 5.947613038851669
    },
    "llama_3_1_405b_2": {
      "item_0": 3.6439363375944698,
      "item_1": 5.717290082133588,
      "item_2": 4.620446791537202,
      "item_3": 1.3360643048105711,
      "item_4": 4.228695727633134,
      "item_5": 4.819970844673734
    }
  },
  "preference_cosine_similarities": {
    "agent_0_vs_agent_1": 0.95
  },
  "negotiation_outcome": {
    "consensus_reached": true,
    "final_round": 3,
    "final_allocation": {
      "qwen_3_235b_a22b_2507_1": [
        0,
        1,
        2
      ],
      "llama_3_1_405b_2": [
        3,
        4,
        5
      ]
    },
    "final_utilities": {
      "qwen_3_235b_a22b_2507_1": 18.389550026673643,
      "llama_3_1_405b_2": 11.237763653148432
    },
    "utility_realized": null
  },
  "complete_conversation_log": [
    {
      "phase": "discussion",
      "round": 1,
      "from": "qwen_3_235b_a22b_2507_1",
      "content": "I'm particularly interested in Item_0 and Item_3\u2014they\u2019re high priority for me. That said, I\u2019m open to trading Item_1 or Item_5 if it helps craft a mutually beneficial deal.",
      "timestamp": 1755507376.577887,
      "speaker_order": 1,
      "total_speakers": 2
    },
    {
      "phase": "discussion",
      "round": 1,
      "from": "llama_3_1_405b_2",
      "content": "I'm particularly interested in Item_2 and Item_5, as I believe they hold significant value. I'd be open to negotiating a trade involving Item_1 or Item_3 in exchange for one of these items. Perhaps a bundle deal involving Item_2 and Item_4 could also be a viable option.",
      "timestamp": 1755507378.688767,
      "speaker_order": 2,
      "total_speakers": 2
    },
    {
      "phase": "reflection",
      "round": 1,
      "from": "qwen_3_235b_a22b_2507_1",
      "content": "The collaborative framing and active listening have built trust, but progress is limited by divergent priorities. I should shift toward integrative bargaining, identifying trade-offs and shared interests to create value beyond fixed positions.",
      "timestamp": 1755507389.51198
    },
    {
      "phase": "reflection",
      "round": 1,
      "from": "llama_3_1_405b_2",
      "content": "So far, active listening and open-ended questioning have been effective in understanding the counterparty's needs and interests. However, I should try to be more specific and concrete in my proposals to move the negotiation forward and avoid getting stuck in vague discussions.",
      "timestamp": 1755507391.19095
    },
    {
      "phase": "discussion",
      "round": 2,
      "from": "qwen_3_235b_a22b_2507_1",
      "content": "I'm particularly interested in Item_0 and Item_3\u2014they're high priority for me. I could see a deal where I take those in exchange for giving up Item_1 and Item_4, if that aligns with your interests. Let me know what you're thinking.",
      "timestamp": 1755507395.583916,
      "speaker_order": 1,
      "total_speakers": 2
    },
    {
      "phase": "discussion",
      "round": 2,
      "from": "llama_3_1_405b_2",
      "content": "I am most interested in Item_2 and Item_4. I could be convinced to trade Item_1 or Item_3 in exchange for those. What items are you looking to acquire?",
      "timestamp": 1755507397.7970948,
      "speaker_order": 2,
      "total_speakers": 2
    },
    {
      "phase": "reflection",
      "round": 2,
      "from": "qwen_3_235b_a22b_2507_1",
      "content": "The collaborative framing and active listening have helped maintain constructive dialogue, but progress is hindered by unmet underlying interests. I should shift toward integrative tactics\u2014such as option-brainstorming and trade-off proposals\u2014to uncover mutual gains and break the impasse.",
      "timestamp": 1755507419.964025
    },
    {
      "phase": "reflection",
      "round": 2,
      "from": "llama_3_1_405b_2",
      "content": "Upon reflection, it appears that active listening and clarifying questions have been effective in understanding the counterparty's perspective, but a more explicit exploration of creative options and concessions may be necessary to break the impasse. In the next round, I will aim to introduce more innovative solutions and reciprocal compromises to foster a collaborative atmosphere and drive progress toward a mutually beneficial agreement.",
      "timestamp": 1755507422.304288
    },
    {
      "phase": "discussion",
      "round": 3,
      "from": "qwen_3_235b_a22b_2507_1",
      "content": "I'm particularly interested in Item_2 and Item_4\u2014they're high priority for me. I'd be open to trading Item_0 or Item_1 in exchange for those, or possibly bundling Item_3 if it helps create a fair deal. Let\u2019s explore combinations that balance our needs.",
      "timestamp": 1755507425.54724,
      "speaker_order": 1,
      "total_speakers": 2
    },
    {
      "phase": "discussion",
      "round": 3,
      "from": "llama_3_1_405b_2",
      "content": "I'm quite interested in Item_2 and Item_3. I could be persuaded to trade Item_0 or Item_1 for those. However, Item_5 is also appealing to me.",
      "timestamp": 1755507427.436238,
      "speaker_order": 2,
      "total_speakers": 2
    }
  ],
  "all_proposals": [],
  "all_votes": [],
  "round_summaries": [],
  "timestamp": "2025-08-18T01:57:19.852737",
  "duration_seconds": 64.45561790466309,
  "metrics": {
    "mean_utility": 14.813656839911037,
    "max_utility": 18.389550026673643,
    "min_utility": 11.237763653148432,
    "utility_spread": 7.15178637352521
  }
}