{
  "run_index": 8,
  "experiment_config": {
    "num_agents": 2,
    "num_items": 6,
    "max_rounds": 10,
    "competition_level": 0.95,
    "discount_factor": 0.9
  },
  "agents": [
    "qwen_3_235b_a22b_2507_1",
    "llama_3_1_405b_2"
  ],
  "agent_models": {
    "qwen_3_235b_a22b_2507_1": "qwen/qwen3-235b-a22b-2507",
    "llama_3_1_405b_2": "meta-llama/llama-3.1-405b-instruct"
  },
  "initial_preferences_matrix": [
    [
      4.309962737092602,
      2.167644189643249,
      7.257311008653296,
      0.053533272584666,
      3.493230851656736,
      8.681554895975502
    ],
    [
      4.779228180410571,
      3.3433134864944414,
      7.993235518670213,
      3.276852817511908,
      2.8596655702334814,
      6.833148141440061
    ]
  ],
  "initial_preferences_by_agent": {
    "qwen_3_235b_a22b_2507_1": {
      "item_0": 4.309962737092602,
      "item_1": 2.167644189643249,
      "item_2": 7.257311008653296,
      "item_3": 0.053533272584666,
      "item_4": 3.493230851656736,
      "item_5": 8.681554895975502
    },
    "llama_3_1_405b_2": {
      "item_0": 4.779228180410571,
      "item_1": 3.3433134864944414,
      "item_2": 7.993235518670213,
      "item_3": 3.276852817511908,
      "item_4": 2.8596655702334814,
      "item_5": 6.833148141440061
    }
  },
  "preference_cosine_similarities": {
    "agent_0_vs_agent_1": 0.9499999999999998
  },
  "negotiation_outcome": {
    "consensus_reached": true,
    "final_round": 2,
    "final_allocation": {
      "qwen_3_235b_a22b_2507_1": [
        0,
        1,
        2
      ],
      "llama_3_1_405b_2": [
        3,
        4,
        5
      ]
    },
    "final_utilities": {
      "qwen_3_235b_a22b_2507_1": 16.198125159611937,
      "llama_3_1_405b_2": 16.323159660918698
    },
    "utility_realized": null
  },
  "complete_conversation_log": [
    {
      "phase": "discussion",
      "round": 1,
      "from": "qwen_3_235b_a22b_2507_1",
      "content": "I'm particularly interested in Item_0 and Item_3\u2014they're high priority for me. I'm open to trading away Item_1 or Item_2 if it means securing one of my top choices. A package deal involving Item_0 plus something mid-tier could be workable.",
      "timestamp": 1755507327.8769212,
      "speaker_order": 1,
      "total_speakers": 2
    },
    {
      "phase": "discussion",
      "round": 1,
      "from": "llama_3_1_405b_2",
      "content": "I have a high interest in Item_2 and Item_5, as they align with my primary goals. I'd be open to negotiating a bundle deal for these two items, potentially offering concessions on Item_1 or Item_3 in exchange. A trade involving Item_4 could also be acceptable, but it would depend on the specifics of the proposal.",
      "timestamp": 1755507330.363948,
      "speaker_order": 2,
      "total_speakers": 2
    },
    {
      "phase": "reflection",
      "round": 1,
      "from": "qwen_3_235b_a22b_2507_1",
      "content": "The collaborative framing and active listening have helped build rapport, but progress is stalled due to misaligned priorities. I should shift toward interest-based bargaining, probing deeper into underlying needs to uncover integrative solutions.",
      "timestamp": 1755507352.9752882
    },
    {
      "phase": "reflection",
      "round": 1,
      "from": "llama_3_1_405b_2",
      "content": "Persuasive arguments backed by logic and data have been effective. I should focus more on finding common ground and appealing to shared values.",
      "timestamp": 1755507354.45742
    },
    {
      "phase": "discussion",
      "round": 2,
      "from": "qwen_3_235b_a22b_2507_1",
      "content": "I'm particularly interested in Item_0 and Item_3\u2014they hold the highest value for me. A deal where I receive both of those in exchange for Item_1 and Item_5 could work well, depending on your priorities.",
      "timestamp": 1755507357.059315,
      "speaker_order": 1,
      "total_speakers": 2
    },
    {
      "phase": "discussion",
      "round": 2,
      "from": "llama_3_1_405b_2",
      "content": "I have a strong interest in acquiring Item_2 and Item_5, as I believe they hold significant value. I'd be open to negotiating a bundle deal for these two items, potentially offering Item_1 or Item_3 in exchange. A fair trade would be Item_2 and Item_5 for Item_1 and Item_4.",
      "timestamp": 1755507359.43315,
      "speaker_order": 2,
      "total_speakers": 2
    }
  ],
  "all_proposals": [],
  "all_votes": [],
  "round_summaries": [],
  "timestamp": "2025-08-18T01:56:15.394919",
  "duration_seconds": 50.24488806724548,
  "metrics": {
    "mean_utility": 16.26064241026532,
    "max_utility": 16.323159660918698,
    "min_utility": 16.198125159611937,
    "utility_spread": 0.12503450130676086
  }
}