{
  "run_index": 7,
  "experiment_config": {
    "num_agents": 2,
    "num_items": 6,
    "max_rounds": 10,
    "competition_level": 0.95,
    "discount_factor": 0.9
  },
  "agents": [
    "qwen_3_235b_a22b_2507_1",
    "llama_3_1_405b_2"
  ],
  "agent_models": {
    "qwen_3_235b_a22b_2507_1": "qwen/qwen3-235b-a22b-2507",
    "llama_3_1_405b_2": "meta-llama/llama-3.1-405b-instruct"
  },
  "initial_preferences_matrix": [
    [
      7.623773499285701,
      4.940139085142489,
      2.927897546354734,
      6.98455398471069,
      9.15524406440849,
      4.604506256662174
    ],
    [
      6.670876377869281,
      2.890538263619601,
      3.5917120638632176,
      4.821367535310089,
      9.256582562696337,
      8.379578891582769
    ]
  ],
  "initial_preferences_by_agent": {
    "qwen_3_235b_a22b_2507_1": {
      "item_0": 7.623773499285701,
      "item_1": 4.940139085142489,
      "item_2": 2.927897546354734,
      "item_3": 6.98455398471069,
      "item_4": 9.15524406440849,
      "item_5": 4.604506256662174
    },
    "llama_3_1_405b_2": {
      "item_0": 6.670876377869281,
      "item_1": 2.890538263619601,
      "item_2": 3.5917120638632176,
      "item_3": 4.821367535310089,
      "item_4": 9.256582562696337,
      "item_5": 8.379578891582769
    }
  },
  "preference_cosine_similarities": {
    "agent_0_vs_agent_1": 0.95
  },
  "negotiation_outcome": {
    "consensus_reached": true,
    "final_round": 3,
    "final_allocation": {
      "qwen_3_235b_a22b_2507_1": [
        0,
        1,
        2
      ],
      "llama_3_1_405b_2": [
        3,
        4,
        5
      ]
    },
    "final_utilities": {
      "qwen_3_235b_a22b_2507_1": 21.40242253991604,
      "llama_3_1_405b_2": 11.800043227240272
    },
    "utility_realized": null
  },
  "complete_conversation_log": [
    {
      "phase": "discussion",
      "round": 1,
      "from": "qwen_3_235b_a22b_2507_1",
      "content": "I'm particularly interested in Item_0 and Item_2\u2014they're my top priorities. I'm open to deals where I could trade Item_1 or Item_3 in exchange for one of those, depending on what you value.",
      "timestamp": 1755507227.80594,
      "speaker_order": 1,
      "total_speakers": 2
    },
    {
      "phase": "discussion",
      "round": 1,
      "from": "llama_3_1_405b_2",
      "content": "I'm particularly interested in acquiring Item_2 and Item_5, as I believe they hold significant value. I'd be open to negotiating a bundle deal for these two items, potentially offering Item_1 or Item_3 in return. A trade involving Item_4 could also be enticing, but it would depend on the specifics of the proposal.",
      "timestamp": 1755507230.066344,
      "speaker_order": 2,
      "total_speakers": 2
    },
    {
      "phase": "reflection",
      "round": 1,
      "from": "qwen_3_235b_a22b_2507_1",
      "content": "So far, collaborative framing and active listening have helped maintain constructive dialogue. To advance, I should more clearly anchor on shared interests and propose incremental trade-offs to bridge remaining gaps.",
      "timestamp": 1755507268.50293
    },
    {
      "phase": "reflection",
      "round": 1,
      "from": "llama_3_1_405b_2",
      "content": "Upon reflection, I notice that actively listening to the counterpart's concerns and acknowledging their perspective has helped build trust and facilitated open communication, but we have yet to find common ground on key issues. To move forward, I should try to explore creative solutions and compromises that address both parties' needs, rather than simply advocating for my initial position.",
      "timestamp": 1755507271.288616
    },
    {
      "phase": "discussion",
      "round": 2,
      "from": "qwen_3_235b_a22b_2507_1",
      "content": "I'm particularly interested in Item_0 and Item_3\u2014they\u2019re high priority for me. That said, I could see a deal where I take those in exchange for giving up Item_1 and Item_4, if that aligns with your interests.",
      "timestamp": 1755507272.561784,
      "speaker_order": 1,
      "total_speakers": 2
    },
    {
      "phase": "discussion",
      "round": 2,
      "from": "llama_3_1_405b_2",
      "content": "I'm particularly interested in Item_2 and Item_5, as I believe they hold significant value. I'd be willing to consider a trade involving Item_1 or Item_3, but only if I can get both Item_2 and Item_5 in return. Alternatively, I might entertain a deal that includes Item_4, but only if it's part of a larger package.",
      "timestamp": 1755507275.810039,
      "speaker_order": 2,
      "total_speakers": 2
    },
    {
      "phase": "reflection",
      "round": 2,
      "from": "qwen_3_235b_a22b_2507_1",
      "content": "So far, emphasizing mutual gains and active listening has helped build trust, but rigid positions on key terms are stalling progress. I should explore trade-offs across multiple issues simultaneously to unlock value and incentivize compromise.",
      "timestamp": 1755507295.328736
    },
    {
      "phase": "reflection",
      "round": 2,
      "from": "llama_3_1_405b_2",
      "content": "Upon reflection, I notice that actively listening to the counterpart's concerns and responding thoughtfully has helped build rapport and kept the conversation constructive. To move forward, I should try to inject more creative solutions and open-ended questions to uncover hidden interests and potential areas of agreement, rather than solely focusing on positional bargaining.",
      "timestamp": 1755507297.99903
    },
    {
      "phase": "discussion",
      "round": 3,
      "from": "qwen_3_235b_a22b_2507_1",
      "content": "I'm particularly interested in Item_0 and Item_3\u2014they're high priority for me. That said, I could see a deal where I take those in exchange for Item_5, or possibly bundle Item_1 with something less critical to balance things out.",
      "timestamp": 1755507299.1722932,
      "speaker_order": 1,
      "total_speakers": 2
    },
    {
      "phase": "discussion",
      "round": 3,
      "from": "llama_3_1_405b_2",
      "content": "I am particularly interested in Item_2 and Item_5. I would be open to a trade involving Item_3 or Item_4 in exchange for one of my preferred items. However, I am also willing to negotiate and find a mutually beneficial deal that satisfies both of our interests.",
      "timestamp": 1755507301.610587,
      "speaker_order": 2,
      "total_speakers": 2
    }
  ],
  "all_proposals": [],
  "all_votes": [],
  "round_summaries": [],
  "timestamp": "2025-08-18T01:55:25.148076",
  "duration_seconds": 99.39636301994324,
  "metrics": {
    "mean_utility": 16.601232883578156,
    "max_utility": 21.40242253991604,
    "min_utility": 11.800043227240272,
    "utility_spread": 9.602379312675767
  }
}