{
  "run_index": 0,
  "experiment_config": {
    "num_agents": 2,
    "num_items": 6,
    "max_rounds": 10,
    "competition_level": 0.95,
    "discount_factor": 0.9
  },
  "agents": [
    "qwen_3_235b_a22b_2507_1",
    "llama_3_1_405b_2"
  ],
  "agent_models": {
    "qwen_3_235b_a22b_2507_1": "qwen/qwen3-235b-a22b-2507",
    "llama_3_1_405b_2": "meta-llama/llama-3.1-405b-instruct"
  },
  "initial_preferences_matrix": [
    [
      4.590945816954614,
      3.745354365867404,
      8.697658179778566,
      1.3846376457278597,
      8.79432682843705,
      5.224753536511666
    ],
    [
      6.036773099818536,
      5.742330904856526,
      7.719938500732562,
      4.078812623686646,
      6.135528296946498,
      5.832093268166841
    ]
  ],
  "initial_preferences_by_agent": {
    "qwen_3_235b_a22b_2507_1": {
      "item_0": 4.590945816954614,
      "item_1": 3.745354365867404,
      "item_2": 8.697658179778566,
      "item_3": 1.3846376457278597,
      "item_4": 8.79432682843705,
      "item_5": 5.224753536511666
    },
    "llama_3_1_405b_2": {
      "item_0": 6.036773099818536,
      "item_1": 5.742330904856526,
      "item_2": 7.719938500732562,
      "item_3": 4.078812623686646,
      "item_4": 6.135528296946498,
      "item_5": 5.832093268166841
    }
  },
  "preference_cosine_similarities": {
    "agent_0_vs_agent_1": 0.95
  },
  "negotiation_outcome": {
    "consensus_reached": true,
    "final_round": 4,
    "final_allocation": {
      "qwen_3_235b_a22b_2507_1": [
        0,
        1,
        2
      ],
      "llama_3_1_405b_2": [
        3,
        4,
        5
      ]
    },
    "final_utilities": {
      "qwen_3_235b_a22b_2507_1": 14.48818680566096,
      "llama_3_1_405b_2": 15.13697758257226
    },
    "utility_realized": null
  },
  "complete_conversation_log": [
    {
      "phase": "discussion",
      "round": 1,
      "from": "qwen_3_235b_a22b_2507_1",
      "content": "I'm particularly interested in Item_0 and Item_3\u2014they\u2019re high priority for me. That said, I\u2019m open to creative deals; maybe we can find a package that works for both of us if you share your preferences.",
      "timestamp": 1755506773.221205,
      "speaker_order": 1,
      "total_speakers": 2
    },
    {
      "phase": "discussion",
      "round": 1,
      "from": "llama_3_1_405b_2",
      "content": "I am most interested in Item_2 and Item_4. I would be open to trading Item_0 or Item_3 in exchange for either of those. What items are you most keen on acquiring?",
      "timestamp": 1755506775.798399,
      "speaker_order": 2,
      "total_speakers": 2
    },
    {
      "phase": "reflection",
      "round": 1,
      "from": "qwen_3_235b_a22b_2507_1",
      "content": "The collaborative framing and active listening have built trust, but we need to shift toward integrative bargaining by identifying shared priorities and trade-offs to unlock value. I should propose a structured agenda to clarify interests and explore creative options that address both sides\u2019 core concerns.",
      "timestamp": 1755506794.111416
    },
    {
      "phase": "reflection",
      "round": 1,
      "from": "llama_3_1_405b_2",
      "content": "The strategies of active listening, asking clarifying questions, and finding common ground seem to be working well. I should try to be more solution-oriented and offer specific proposals to move the negotiation forward.",
      "timestamp": 1755506795.780525
    },
    {
      "phase": "discussion",
      "round": 2,
      "from": "qwen_3_235b_a22b_2507_1",
      "content": "I'm particularly interested in Item_0 and Item_3\u2014they're high priority for me. That said, I could be flexible on Item_1 if you're willing to concede on Item_3. Maybe we can work out a deal where you get Item_2 and Item_5, and I take Item_0 and Item_3, with Item_1 potentially up for negotiation depending on your priorities.",
      "timestamp": 1755506799.168383,
      "speaker_order": 1,
      "total_speakers": 2
    },
    {
      "phase": "discussion",
      "round": 2,
      "from": "llama_3_1_405b_2",
      "content": "I'm particularly keen on acquiring Item_2 and Item_5, as I believe they hold significant value. I'd be willing to consider trading Item_1 or Item_3 in exchange for one of these items. Perhaps a bundle deal involving Item_0 and Item_4 could also be a viable option for both parties.",
      "timestamp": 1755506801.281874,
      "speaker_order": 2,
      "total_speakers": 2
    },
    {
      "phase": "reflection",
      "round": 2,
      "from": "qwen_3_235b_a22b_2507_1",
      "content": "So far, active listening and reframing shared interests have helped maintain constructive dialogue. I should now introduce more specific trade-offs to bridge remaining gaps and incentivize compromise.",
      "timestamp": 1755506822.435713
    },
    {
      "phase": "reflection",
      "round": 2,
      "from": "llama_3_1_405b_2",
      "content": "Upon reflection, I notice that actively listening to the counterparty's concerns and needs has helped build trust and facilitated open discussion, but we still haven't converged on a mutually acceptable solution. To move forward, I should focus on creative, interest-based bargaining and explore novel options that meet both parties' underlying interests, rather than just positioning around specific numbers or terms.",
      "timestamp": 1755506825.4062011
    },
    {
      "phase": "discussion",
      "round": 3,
      "from": "qwen_3_235b_a22b_2507_1",
      "content": "I'm particularly interested in Item_0 and Item_3\u2014they're high priority for me. That said, I could see a deal where I take those in exchange for Item_1 or Item_2, depending on what you value most. Maybe we can align on a trade that gives us both win-win outcomes.",
      "timestamp": 1755506826.716346,
      "speaker_order": 1,
      "total_speakers": 2
    },
    {
      "phase": "discussion",
      "round": 3,
      "from": "llama_3_1_405b_2",
      "content": "I am most interested in Item_2 and Item_5. I would be willing to make a deal involving trading away Item_1 or Item_4 in exchange for those items. However, if you are also keen on Item_2 or Item_5, perhaps we could explore a compromise.",
      "timestamp": 1755506831.552545,
      "speaker_order": 2,
      "total_speakers": 2
    },
    {
      "phase": "reflection",
      "round": 3,
      "from": "qwen_3_235b_a22b_2507_1",
      "content": "The collaborative framing and active listening have built trust, but overly rigid positional bargaining on key terms is stalling consensus. I should shift toward integrative negotiation\u2014identifying shared interests and generating creative trade-offs to unlock value across issues.",
      "timestamp": 1755506860.766399
    },
    {
      "phase": "reflection",
      "round": 3,
      "from": "llama_3_1_405b_2",
      "content": "The human and I are both presenting our perspectives clearly and professionally, which is allowing for a productive discussion. To make further progress, I should focus more on finding areas of agreement and proposing creative solutions that address both of our key interests.",
      "timestamp": 1755506862.599731
    },
    {
      "phase": "discussion",
      "round": 4,
      "from": "qwen_3_235b_a22b_2507_1",
      "content": "I'm particularly interested in Item_0 and Item_3\u2014they align best with my core needs. That said, I could be open to trading one of them if I receive Item_5 in return, as it also holds significant value for me. Let\u2019s explore bundles that include Item_5 going to me, and I\u2019ll be flexible on the others.",
      "timestamp": 1755506863.002721,
      "speaker_order": 1,
      "total_speakers": 2
    },
    {
      "phase": "discussion",
      "round": 4,
      "from": "llama_3_1_405b_2",