{
  "run_index": 6,
  "experiment_config": {
    "num_agents": 2,
    "num_items": 6,
    "max_rounds": 10,
    "competition_level": 0.95,
    "discount_factor": 0.9
  },
  "agents": [
    "llama_3_1_405b_1",
    "qwen_3_235b_a22b_2507_2"
  ],
  "agent_models": {
    "llama_3_1_405b_1": "meta-llama/llama-3.1-405b-instruct",
    "qwen_3_235b_a22b_2507_2": "qwen/qwen3-235b-a22b-2507"
  },
  "initial_preferences_matrix": [
    [
      2.42958078457425,
      0.5084600591926514,
      9.967236104476386,
      4.528829268480596,
      4.676463410401384,
      3.856510515653493
    ],
    [
      3.6094365212684387,
      3.0735488948053002,
      7.654461678855648,
      6.0405535547500815,
      4.85011877908059,
      4.656394537651492
    ]
  ],
  "initial_preferences_by_agent": {
    "llama_3_1_405b_1": {
      "item_0": 2.42958078457425,
      "item_1": 0.5084600591926514,
      "item_2": 9.967236104476386,
      "item_3": 4.528829268480596,
      "item_4": 4.676463410401384,
      "item_5": 3.856510515653493
    },
    "qwen_3_235b_a22b_2507_2": {
      "item_0": 3.6094365212684387,
      "item_1": 3.0735488948053002,
      "item_2": 7.654461678855648,
      "item_3": 6.0405535547500815,
      "item_4": 4.85011877908059,
      "item_5": 4.656394537651492
    }
  },
  "preference_cosine_similarities": {
    "agent_0_vs_agent_1": 0.95
  },
  "negotiation_outcome": {
    "consensus_reached": true,
    "final_round": 1,
    "final_allocation": {
      "llama_3_1_405b_1": [
        0,
        1,
        2
      ],
      "qwen_3_235b_a22b_2507_2": [
        3,
        4,
        5
      ]
    },
    "final_utilities": {
      "llama_3_1_405b_1": 12.72549379659602,
      "qwen_3_235b_a22b_2507_2": 6.958992614415302
    },
    "utility_realized": null
  },
  "complete_conversation_log": [
    {
      "phase": "discussion",
      "round": 1,
      "from": "llama_3_1_405b_1",
      "content": "I am most interested in Item_2 and Item_4. I would be open to trading Item_0 or Item_1 in exchange for either of those. However, Item_3 holds no appeal for me, so I would not consider any deals involving that item.",
      "timestamp": 1755507025.081428,
      "speaker_order": 1,
      "total_speakers": 2
    },
    {
      "phase": "discussion",
      "round": 1,
      "from": "qwen_3_235b_a22b_2507_2",
      "content": "I'm particularly interested in Item_0 and Item_3, as they align closely with my current priorities. I'd be open to discussing a deal that includes these items in exchange for Item_1 and Item_5, depending on the overall package.",
      "timestamp": 1755507026.0929348,
      "speaker_order": 2,
      "total_speakers": 2
    }
  ],
  "all_proposals": [],
  "all_votes": [],
  "round_summaries": [],
  "timestamp": "2025-08-18T01:50:38.680501",
  "duration_seconds": 15.828213930130005,
  "metrics": {
    "mean_utility": 9.84224320550566,
    "max_utility": 12.72549379659602,
    "min_utility": 6.958992614415302,
    "utility_spread": 5.7665011821807175
  }
}