{
  "run_index": 2,
  "experiment_config": {
    "num_agents": 2,
    "num_items": 6,
    "max_rounds": 10,
    "competition_level": 0.95,
    "discount_factor": 0.9
  },
  "agents": [
    "llama_3_1_405b_1",
    "qwen_3_235b_a22b_2507_2"
  ],
  "agent_models": {
    "llama_3_1_405b_1": "meta-llama/llama-3.1-405b-instruct",
    "qwen_3_235b_a22b_2507_2": "qwen/qwen3-235b-a22b-2507"
  },
  "initial_preferences_matrix": [
    [
      9.863326346147282,
      4.105136170440695,
      9.580358038782093,
      5.597131632935985,
      8.196033505648577,
      3.6734132450690717
    ],
    [
      8.924429262075476,
      7.299325873805088,
      6.620507021759858,
      8.87075269993661,
      7.309446368227252,
      3.0070672733598163
    ]
  ],
  "initial_preferences_by_agent": {
    "llama_3_1_405b_1": {
      "item_0": 9.863326346147282,
      "item_1": 4.105136170440695,
      "item_2": 9.580358038782093,
      "item_3": 5.597131632935985,
      "item_4": 8.196033505648577,
      "item_5": 3.6734132450690717
    },
    "qwen_3_235b_a22b_2507_2": {
      "item_0": 8.924429262075476,
      "item_1": 7.299325873805088,
      "item_2": 6.620507021759858,
      "item_3": 8.87075269993661,
      "item_4": 7.309446368227252,
      "item_5": 3.0070672733598163
    }
  },
  "preference_cosine_similarities": {
    "agent_0_vs_agent_1": 0.95
  },
  "negotiation_outcome": {
    "consensus_reached": true,
    "final_round": 3,
    "final_allocation": {
      "llama_3_1_405b_1": [
        0,
        1,
        2
      ],
      "qwen_3_235b_a22b_2507_2": [
        3,
        4,
        5
      ]
    },
    "final_utilities": {
      "llama_3_1_405b_1": 9.75488363418422,
      "qwen_3_235b_a22b_2507_2": 10.815792299626068
    },
    "utility_realized": null
  },
  "complete_conversation_log": [
    {
      "phase": "discussion",
      "round": 1,
      "from": "llama_3_1_405b_1",
      "content": "I'm particularly interested in Item_2 and Item_5, as I believe they hold significant value. I'd be open to negotiating a package deal involving these two items, potentially offering concessions on Item_0 or Item_1 in exchange. A trade involving Item_2 and Item_5 would be an attractive starting point for me.",
      "timestamp": 1755506801.044377,
      "speaker_order": 1,
      "total_speakers": 2
    },
    {
      "phase": "discussion",
      "round": 1,
      "from": "qwen_3_235b_a22b_2507_2",
      "content": "I'm particularly interested in Item_0 and Item_3\u2014they're my top priorities. I'd be open to trading Item_1 or Item_5 if it helps secure one of those, but I\u2019d prefer not to give up Item_2. A deal that bundles Item_0 with something less valuable to me could work well.",
      "timestamp": 1755506802.516188,
      "speaker_order": 2,
      "total_speakers": 2
    },
    {
      "phase": "reflection",
      "round": 1,
      "from": "llama_3_1_405b_1",
      "content": "Upon reflection, my initial open-ended questions effectively encouraged the other party to share their interests and needs, but I may have conceded too quickly on some points, potentially undermining my own bargaining position. Next, I should try to anchor the discussion with more concrete data and alternatives to create a stronger foundation for my own interests.",
      "timestamp": 1755506834.686271
    },
    {
      "phase": "reflection",
      "round": 1,
      "from": "qwen_3_235b_a22b_2507_2",
      "content": "So far, establishing common ground and active listening have helped build rapport, but a more proactive framing of mutual gains could strengthen our position. I should shift toward principled negotiation tactics, emphasizing objective criteria and shared interests to break the impasse.",
      "timestamp": 1755506836.2090392
    },
    {
      "phase": "discussion",
      "round": 2,
      "from": "llama_3_1_405b_1",
      "content": "I'm particularly interested in Item_2 and Item_5, as I believe they hold significant value. I'm open to negotiating a bundle deal for these two items, potentially offering Item_1 or Item_3 in return. A trade involving Item_2 and Item_5 would be my top priority.",
      "timestamp": 1755506838.9743161,
      "speaker_order": 1,
      "total_speakers": 2
    },
    {
      "phase": "discussion",
      "round": 2,
      "from": "qwen_3_235b_a22b_2507_2",
      "content": "I'm particularly interested in Item_0 and Item_3\u2014they're high priority for me. That said, I could be flexible on Item_1 or Item_5 if you're open to giving up Item_0 or Item_3.",
      "timestamp": 1755506841.061732,
      "speaker_order": 2,
      "total_speakers": 2
    },
    {
      "phase": "reflection",
      "round": 2,
      "from": "llama_3_1_405b_1",
      "content": "Upon reflection, I notice that active listening and asking clarifying questions have been effective in building trust and understanding the other party's needs, but we still haven't converged on a mutually beneficial agreement. To move forward, I should focus on creative deal-making and exploring alternative solutions that address both parties' key concerns, rather than solely relying on positional bargaining.",
      "timestamp": 1755506864.3795688
    },
    {
      "phase": "reflection",
      "round": 2,
      "from": "qwen_3_235b_a22b_2507_2",
      "content": "Collaborative framing and active listening have built trust, but progress is limited by rigid positions. I should introduce objective criteria earlier and explore underlying interests more deeply to unlock creative trade-offs.",
      "timestamp": 1755506865.875413
    },
    {
      "phase": "discussion",
      "round": 3,
      "from": "llama_3_1_405b_1",
      "content": "I have a strong interest in acquiring Item_2 and Item_5, as they hold significant value to me. I'd be open to negotiating a deal that involves trading Item_0 or Item_1 in exchange for one of these items. A bundle deal involving Item_2 and Item_5 would also be something I'd be willing to consider.",
      "timestamp": 1755506868.304619,
      "speaker_order": 1,
      "total_speakers": 2
    },
    {
      "phase": "discussion",
      "round": 3,
      "from": "qwen_3_235b_a22b_2507_2",
      "content": "I'm particularly interested in Item_0 and Item_3\u2014they're high priority for me. That said, I could be flexible on Item_1 or Item_5 if you're willing to accommodate on the others.",
      "timestamp": 1755506869.4320278,
      "speaker_order": 2,
      "total_speakers": 2
    }
  ],
  "all_proposals": [],
  "all_votes": [],
  "round_summaries": [],
  "timestamp": "2025-08-18T01:48:00.425672",
  "duration_seconds": 81.6018967628479,
  "metrics": {
    "mean_utility": 10.285337966905143,
    "max_utility": 10.815792299626068,
    "min_utility": 9.75488363418422,
    "utility_spread": 1.0609086654418487
  }
}