{
  "run_index": 4,
  "experiment_config": {
    "num_agents": 2,
    "num_items": 6,
    "max_rounds": 10,
    "competition_level": 0.95,
    "discount_factor": 0.9
  },
  "agents": [
    "llama_3_1_405b_1",
    "qwen_3_235b_a22b_2507_2"
  ],
  "agent_models": {
    "llama_3_1_405b_1": "meta-llama/llama-3.1-405b-instruct",
    "qwen_3_235b_a22b_2507_2": "qwen/qwen3-235b-a22b-2507"
  },
  "initial_preferences_matrix": [
    [
      7.026384514046321,
      7.192611132148912,
      6.2097331481171825,
      2.2569612903857683,
      7.345142215946527,
      5.126576812248964
    ],
    [
      6.619984727522745,
      5.361229478993554,
      5.279479117430243,
      5.579638966766088,
      9.134614491748787,
      3.158776072511112
    ]
  ],
  "initial_preferences_by_agent": {
    "llama_3_1_405b_1": {
      "item_0": 7.026384514046321,
      "item_1": 7.192611132148912,
      "item_2": 6.2097331481171825,
      "item_3": 2.2569612903857683,
      "item_4": 7.345142215946527,
      "item_5": 5.126576812248964
    },
    "qwen_3_235b_a22b_2507_2": {
      "item_0": 6.619984727522745,
      "item_1": 5.361229478993554,
      "item_2": 5.279479117430243,
      "item_3": 5.579638966766088,
      "item_4": 9.134614491748787,
      "item_5": 3.158776072511112
    }
  },
  "preference_cosine_similarities": {
    "agent_0_vs_agent_1": 0.9500000000000002
  },
  "negotiation_outcome": {
    "consensus_reached": true,
    "final_round": 1,
    "final_allocation": {
      "llama_3_1_405b_1": [
        0,
        1,
        2
      ],
      "qwen_3_235b_a22b_2507_2": [
        3,
        4,
        5
      ]
    },
    "final_utilities": {
      "llama_3_1_405b_1": 14.793067292339742,
      "qwen_3_235b_a22b_2507_2": 12.645003965070511
    },
    "utility_realized": null
  },
  "complete_conversation_log": [
    {
      "phase": "discussion",
      "round": 1,
      "from": "llama_3_1_405b_1",
      "content": "I am most interested in Item_2 and Item_4. I would be open to trading Item_0 or Item_5 in exchange for those. What items are you most keen on acquiring?",
      "timestamp": 1755506962.989592,
      "speaker_order": 1,
      "total_speakers": 2
    },
    {
      "phase": "discussion",
      "round": 1,
      "from": "qwen_3_235b_a22b_2507_2",
      "content": "I\u2019m particularly interested in Item_0 and Item_3\u2014they\u2019re my top priorities. I\u2019d be open to trading Item_1 or Item_2 in exchange for one of those, depending on what the other party values. Let\u2019s explore bundles that give us both high-value items.",
      "timestamp": 1755506965.559938,
      "speaker_order": 2,
      "total_speakers": 2
    }
  ],
  "all_proposals": [],
  "all_votes": [],
  "round_summaries": [],
  "timestamp": "2025-08-18T01:49:43.932876",
  "duration_seconds": 23.084598064422607,
  "metrics": {
    "mean_utility": 13.719035628705127,
    "max_utility": 14.793067292339742,
    "min_utility": 12.645003965070511,
    "utility_spread": 2.148063327269231
  }
}