{
  "run_index": 9,
  "experiment_config": {
    "num_agents": 2,
    "num_items": 6,
    "max_rounds": 10,
    "competition_level": 0.95,
    "discount_factor": 0.9
  },
  "agents": [
    "llama_3_1_405b_1",
    "qwen_3_235b_a22b_2507_2"
  ],
  "agent_models": {
    "llama_3_1_405b_1": "meta-llama/llama-3.1-405b-instruct",
    "qwen_3_235b_a22b_2507_2": "qwen/qwen3-235b-a22b-2507"
  },
  "initial_preferences_matrix": [
    [
      8.384994620312558,
      9.254511913941059,
      0.7866967452434748,
      3.023360598576189,
      7.991291294338755,
      9.111974474634003
    ],
    [
      8.730749850839668,
      6.42711505203757,
      3.9575090001618665,
      6.400786377805435,
      6.791497452574259,
      9.607932127375474
    ]
  ],
  "initial_preferences_by_agent": {
    "llama_3_1_405b_1": {
      "item_0": 8.384994620312558,
      "item_1": 9.254511913941059,
      "item_2": 0.7866967452434748,
      "item_3": 3.023360598576189,
      "item_4": 7.991291294338755,
      "item_5": 9.111974474634003
    },
    "qwen_3_235b_a22b_2507_2": {
      "item_0": 8.730749850839668,
      "item_1": 6.42711505203757,
      "item_2": 3.9575090001618665,
      "item_3": 6.400786377805435,
      "item_4": 6.791497452574259,
      "item_5": 9.607932127375474
    }
  },
  "preference_cosine_similarities": {
    "agent_0_vs_agent_1": 0.9500000000000002
  },
  "negotiation_outcome": {
    "consensus_reached": true,
    "final_round": 1,
    "final_allocation": {
      "llama_3_1_405b_1": [
        0,
        1,
        2
      ],
      "qwen_3_235b_a22b_2507_2": [
        3,
        4,
        5
      ]
    },
    "final_utilities": {
      "llama_3_1_405b_1": 16.797410896830012,
      "qwen_3_235b_a22b_2507_2": 12.243505781414791
    },
    "utility_realized": null
  },
  "complete_conversation_log": [
    {
      "phase": "discussion",
      "round": 1,
      "from": "llama_3_1_405b_1",
      "content": "I'm particularly interested in Item_2 and Item_5, as I believe they hold significant value. I'd be willing to consider a trade involving Item_1 or Item_3 in exchange for one of these items. A potential deal could be Item_1 and Item_3 in exchange for Item_2.",
      "timestamp": 1755507108.398232,
      "speaker_order": 1,
      "total_speakers": 2
    },
    {
      "phase": "discussion",
      "round": 1,
      "from": "qwen_3_235b_a22b_2507_2",
      "content": "I'm particularly interested in Item_0 and Item_3\u2014they\u2019re high priority for me. That said, I\u2019m open to creative deals; maybe we can work out a package where I take those in exchange for giving up some less critical items later.",
      "timestamp": 1755507109.9067829,
      "speaker_order": 2,
      "total_speakers": 2
    }
  ],
  "all_proposals": [],
  "all_votes": [],
  "round_summaries": [],
  "timestamp": "2025-08-18T01:52:08.525832",
  "duration_seconds": 22.225646257400513,
  "metrics": {
    "mean_utility": 14.520458339122403,
    "max_utility": 16.797410896830012,
    "min_utility": 12.243505781414791,
    "utility_spread": 4.553905115415221
  }
}