{
  "run_index": 5,
  "experiment_config": {
    "num_agents": 2,
    "num_items": 6,
    "max_rounds": 10,
    "competition_level": 0.95,
    "discount_factor": 0.9
  },
  "agents": [
    "llama_3_1_405b_1",
    "qwen_3_235b_a22b_2507_2"
  ],
  "agent_models": {
    "llama_3_1_405b_1": "meta-llama/llama-3.1-405b-instruct",
    "qwen_3_235b_a22b_2507_2": "qwen/qwen3-235b-a22b-2507"
  },
  "initial_preferences_matrix": [
    [
      2.8145326875325063,
      3.505484972294153,
      3.7814600679721675,
      2.0484752866572897,
      5.865726599139149,
      3.998628043687803
    ],
    [
      3.639751839669614,
      4.313461994969839,
      3.4623126480734596,
      3.990561594931728,
      4.882489633325227,
      2.3445344061430484
    ]
  ],
  "initial_preferences_by_agent": {
    "llama_3_1_405b_1": {
      "item_0": 2.8145326875325063,
      "item_1": 3.505484972294153,
      "item_2": 3.7814600679721675,
      "item_3": 2.0484752866572897,
      "item_4": 5.865726599139149,
      "item_5": 3.998628043687803
    },
    "qwen_3_235b_a22b_2507_2": {
      "item_0": 3.639751839669614,
      "item_1": 4.313461994969839,
      "item_2": 3.4623126480734596,
      "item_3": 3.990561594931728,
      "item_4": 4.882489633325227,
      "item_5": 2.3445344061430484
    }
  },
  "preference_cosine_similarities": {
    "agent_0_vs_agent_1": 0.9499999999999998
  },
  "negotiation_outcome": {
    "consensus_reached": true,
    "final_round": 1,
    "final_allocation": {
      "llama_3_1_405b_1": [
        0,
        1,
        2
      ],
      "qwen_3_235b_a22b_2507_2": [
        3,
        4,
        5
      ]
    },
    "final_utilities": {
      "llama_3_1_405b_1": 12.554372205018357,
      "qwen_3_235b_a22b_2507_2": 9.401641096034599
    },
    "utility_realized": null
  },
  "complete_conversation_log": [
    {
      "phase": "discussion",
      "round": 1,
      "from": "llama_3_1_405b_1",
      "content": "I'm particularly interested in acquiring Item_2 and Item_5, as I believe they hold significant value. I'd be open to negotiating a trade involving Item_1 or Item_3 in exchange for one of my desired items. Perhaps a bundle deal involving Item_0 and Item_4 could also be a viable option.",
      "timestamp": 1755506986.133489,
      "speaker_order": 1,
      "total_speakers": 2
    },
    {
      "phase": "discussion",
      "round": 1,
      "from": "qwen_3_235b_a22b_2507_2",
      "content": "I'm particularly interested in securing Item_0 and Item_3, as they hold the highest value for me. A balanced deal where I receive one high-value item and one medium-value item could work, depending on your priorities\u2014perhaps we can explore a trade where we each get a mix that satisfies our key needs.",
      "timestamp": 1755506987.7595499,
      "speaker_order": 2,
      "total_speakers": 2
    }
  ],
  "all_proposals": [],
  "all_votes": [],
  "round_summaries": [],
  "timestamp": "2025-08-18T01:50:22.850543",
  "duration_seconds": 38.916181802749634,
  "metrics": {
    "mean_utility": 10.978006650526478,
    "max_utility": 12.554372205018357,
    "min_utility": 9.401641096034599,
    "utility_spread": 3.152731108983758
  }
}