{
  "run_index": 6,
  "experiment_config": {
    "num_agents": 2,
    "num_items": 6,
    "max_rounds": 10,
    "competition_level": 0.95,
    "discount_factor": 0.9
  },
  "agents": [
    "llama_3_1_405b_1",
    "gemini_pro_2"
  ],
  "agent_models": {
    "llama_3_1_405b_1": "meta-llama/llama-3.1-405b-instruct",
    "gemini_pro_2": "google/gemini-2.5-pro"
  },
  "initial_preferences_matrix": [
    [
      7.259197792931344,
      0.16506584044682193,
      7.439019446226947,
      7.906966757138235,
      4.499133521626337,
      4.1300062083003155
    ],
    [
      6.261481074764375,
      3.1261066830268502,
      6.84134991435503,
      6.198826620211449,
      5.209264301335415,
      6.821791828536085
    ]
  ],
  "initial_preferences_by_agent": {
    "llama_3_1_405b_1": {
      "item_0": 7.259197792931344,
      "item_1": 0.16506584044682193,
      "item_2": 7.439019446226947,
      "item_3": 7.906966757138235,
      "item_4": 4.499133521626337,
      "item_5": 4.1300062083003155
    },
    "gemini_pro_2": {
      "item_0": 6.261481074764375,
      "item_1": 3.1261066830268502,
      "item_2": 6.84134991435503,
      "item_3": 6.198826620211449,
      "item_4": 5.209264301335415,
      "item_5": 6.821791828536085
    }
  },
  "preference_cosine_similarities": {
    "agent_0_vs_agent_1": 0.95
  },
  "negotiation_outcome": {
    "consensus_reached": true,
    "final_round": 1,
    "final_allocation": {
      "llama_3_1_405b_1": [
        0,
        3,
        5
      ],
      "gemini_pro_2": [
        1,
        2,
        4
      ]
    },
    "final_utilities": {
      "llama_3_1_405b_1": 11.973136577074929,
      "gemini_pro_2": 18.315202536396228
    },
    "utility_realized": null
  },
  "complete_conversation_log": [
    {
      "phase": "discussion",
      "round": 1,
      "from": "llama_3_1_405b_1",
      "content": "I am particularly interested in Item_2 and Item_4. I would be willing to make a trade involving Item_1 or Item_3 if it meant securing either of my top choices. Perhaps we could discuss a potential exchange involving these items?",
      "timestamp": 1755508221.081629,
      "speaker_order": 1,
      "total_speakers": 2
    },
    {
      "phase": "discussion",
      "round": 1,
      "from": "gemini_pro_2",
      "content": "Hello! I'm looking forward to a successful negotiation. To start, I have a strong interest in Item_0 and Item_5. However, I'm flexible and open to hearing what you're interested in to see where our priorities might align.",
      "timestamp": 1755508231.306398,
      "speaker_order": 2,
      "total_speakers": 2
    }
  ],
  "all_proposals": [],
  "all_votes": [],
  "round_summaries": [],
  "timestamp": "2025-08-18T02:11:05.028355",
  "duration_seconds": 46.0947949886322,
  "metrics": {
    "mean_utility": 15.144169556735578,
    "max_utility": 18.315202536396228,
    "min_utility": 11.973136577074929,
    "utility_spread": 6.3420659593213
  }
}