{
  "run_index": 7,
  "experiment_config": {
    "num_agents": 2,
    "num_items": 6,
    "max_rounds": 10,
    "competition_level": 0.95,
    "discount_factor": 0.9
  },
  "agents": [
    "claude_4_sonnet_1",
    "qwen_3_235b_a22b_2507_2"
  ],
  "agent_models": {
    "claude_4_sonnet_1": "anthropic/claude-sonnet-4",
    "qwen_3_235b_a22b_2507_2": "qwen/qwen3-235b-a22b-2507"
  },
  "initial_preferences_matrix": [
    [
      3.4437563042223807,
      8.129265631719154,
      3.2818503878387717,
      4.333445952439634,
      7.064668219110258,
      2.456262948039716
    ],
    [
      5.804303447960067,
      6.879958772973464,
      4.17703153149181,
      3.1965840418096003,
      5.682917454686705,
      4.738292278742065
    ]
  ],
  "initial_preferences_by_agent": {
    "claude_4_sonnet_1": {
      "item_0": 3.4437563042223807,
      "item_1": 8.129265631719154,
      "item_2": 3.2818503878387717,
      "item_3": 4.333445952439634,
      "item_4": 7.064668219110258,
      "item_5": 2.456262948039716
    },
    "qwen_3_235b_a22b_2507_2": {
      "item_0": 5.804303447960067,
      "item_1": 6.879958772973464,
      "item_2": 4.17703153149181,
      "item_3": 3.1965840418096003,
      "item_4": 5.682917454686705,
      "item_5": 4.738292278742065
    }
  },
  "preference_cosine_similarities": {
    "agent_0_vs_agent_1": 0.9500000000000001
  },
  "negotiation_outcome": {
    "consensus_reached": true,
    "final_round": 9,
    "final_allocation": {
      "claude_4_sonnet_1": [
        0,
        1,
        2
      ],
      "qwen_3_235b_a22b_2507_2": [
        3,
        4,
        5
      ]
    },
    "final_utilities": {
      "claude_4_sonnet_1": 8.079727618251841,
      "qwen_3_235b_a22b_2507_2": 8.964970630156339
    },
    "utility_realized": null
  },
  "complete_conversation_log": [
    {
      "phase": "discussion",
      "round": 1,
      "from": "claude_4_sonnet_1",
      "content": "I'm particularly interested in Items 2, 4, and 5, as they align well with my core objectives. I'd be open to a deal where I focus on these items while you take priority on Items 0, 1, and 3 - this could create a mutually beneficial arrangement where we each get our most valued items. What are your thoughts on this division, and which items are most important to you?",
      "timestamp": 1755503589.278909,
      "speaker_order": 1,
      "total_speakers": 2
    },
    {
      "phase": "discussion",
      "round": 1,
      "from": "qwen_3_235b_a22b_2507_2",
      "content": "I'm particularly interested in Item_0 and Item_3\u2014they hold the highest value for me due to their strategic utility. A balanced deal exchanging Item_0 for Item_5 and Item_3 for Item_1 could work, though I\u2019m open to adjustments that reflect mutual gains.",
      "timestamp": 1755503590.4565918,
      "speaker_order": 2,
      "total_speakers": 2
    },
    {
      "phase": "reflection",
      "round": 1,
      "from": "claude_4_sonnet_1",
      "content": "I notice I don't have context about what negotiation just occurred or what positions were taken in Round 1. Without knowing the specific issues, participants, or proposals discussed, I cannot meaningfully reflect on strategies or suggest different approaches.\n\nCould you provide details about the negotiation topic, the parties involved, and what happened in Round 1? This would allow me to offer substantive strategic analysis and recommendations for future rounds.",
      "timestamp": 1755503613.174741
    },
    {
      "phase": "reflection",
      "round": 1,
      "from": "qwen_3_235b_a22b_2507_2",
      "content": "The collaborative framing and active listening helped build initial rapport, but clearer alignment on shared interests is needed. I should prioritize bundling issues to create value and propose a multilateral trade-off in the next round.",
      "timestamp": 1755503614.568973
    },
    {
      "phase": "discussion",
      "round": 2,
      "from": "claude_4_sonnet_1",
      "content": "I'm particularly interested in Items 1, 3, and 5 - they align well with my current priorities and would provide significant value to me. I'd be open to discussing a trade where I focus on those items while you take the lead on Items 0, 2, and 4, though I'm flexible if you have strong preferences that overlap with mine. What items are you most drawn to?",
      "timestamp": 1755503619.659573,
      "speaker_order": 1,
      "total_speakers": 2
    },
    {
      "phase": "discussion",
      "round": 2,
      "from": "qwen_3_235b_a22b_2507_2",
      "content": "I'm particularly interested in Item_0 and Item_3\u2014they're high priority for me. That said, I could see a deal where I take those in exchange for Item_1 or Item_5, depending on what you value. Let\u2019s explore bundles that balance our priorities.",
      "timestamp": 1755503622.9167418,
      "speaker_order": 2,
      "total_speakers": 2
    },
    {
      "phase": "reflection",
      "round": 2,
      "from": "claude_4_sonnet_1",
      "content": "Looking at the results, my strategy of proposing a fair 50-50 split while emphasizing mutual benefit seems reasonable, but I need to better understand what the other party values most. I should try being more flexible and explore if they have specific priorities or constraints that could lead to a mutually acceptable compromise.",
      "timestamp": 1755503652.7154188
    },
    {
      "phase": "reflection",
      "round": 2,
      "from": "qwen_3_235b_a22b_2507_2",
      "content": "So far, emphasizing mutual gains and active listening has helped maintain constructive dialogue. To break the impasse, I should explore underlying interests more deeply and propose creative trade-offs that align with both parties\u2019 priorities.",
      "timestamp": 1755503655.527643
    },
    {
      "phase": "discussion",
      "round": 3,
      "from": "claude_4_sonnet_1",
      "content": "I'm particularly interested in Items 1, 3, and 5, as they align well with my strategic priorities. I'd be open to a deal where I focus on these three items while you take the lead on Items 0, 2, and 4 - this could create a mutually beneficial arrangement where we each get our preferred items without direct competition.",
      "timestamp": 1755503659.942174,
      "speaker_order": 1,
      "total_speakers": 2
    },
    {
      "phase": "discussion",
      "round": 3,
      "from": "qwen_3_235b_a22b_2507_2",
      "content": "I'm particularly interested in Item_0 and Item_3\u2014they're high priority for me. That said, I could be flexible on Item_1 or Item_5 if you're willing to accommodate on the others.",
      "timestamp": 1755503661.0634701,
      "speaker_order": 2,
      "total_speakers": 2
    },
    {
      "phase": "reflection",
      "round": 3,
      "from": "claude_4_sonnet_1",
      "content": "Looking at the pattern, my direct appeals to fairness and equal distribution haven't been persuasive enough to move us toward consensus. I should try a more strategic approach by proposing specific trade-offs or compromises that give other parties meaningful gains while still securing a reasonable outcome for myself.",
      "timestamp": 1755503702.788342
    },
    {
      "phase": "reflection",
      "round": 3,
      "from": "qwen_3_235b_a22b_2507_2",
      "content": "The collaborative framing and active listening have built trust, but rigid positions on key terms are stalling progress. I should shift toward interest-based bargaining, probing underlying needs to uncover tradeable priorities and create value.",
      "timestamp": 1755503707.564079
    },
    {
      "phase": "discussion",
      "round": 4,
      "from": "claude_4_sonnet_1",
      "content": "I'm particularly interested in Items 1, 3, and 5, as they align well with my priorities. I'd be open to a deal where I focus on those items while you take Items 0, 2, and 4 - this could create a win-win situation if our preferences complement each other. What items are you most drawn to?",