{
  "run_index": 9,
  "experiment_config": {
    "num_agents": 2,
    "num_items": 6,
    "max_rounds": 10,
    "competition_level": 0.95,
    "discount_factor": 0.9
  },
  "agents": [
    "claude_4_sonnet_1",
    "qwen_3_235b_a22b_2507_2"
  ],
  "agent_models": {
    "claude_4_sonnet_1": "anthropic/claude-sonnet-4",
    "qwen_3_235b_a22b_2507_2": "qwen/qwen3-235b-a22b-2507"
  },
  "initial_preferences_matrix": [
    [
      7.421231548253103,
      0.4967449260978163,
      7.5932452269756725,
      0.6990091695023293,
      3.8128555835284694,
      9.063940136605643
    ],
    [
      7.486226668136687,
      1.481622815346837,
      6.437630128205389,
      4.889862687641591,
      4.422740785506933,
      8.185782057336507
    ]
  ],
  "initial_preferences_by_agent": {
    "claude_4_sonnet_1": {
      "item_0": 7.421231548253103,
      "item_1": 0.4967449260978163,
      "item_2": 7.5932452269756725,
      "item_3": 0.6990091695023293,
      "item_4": 3.8128555835284694,
      "item_5": 9.063940136605643
    },
    "qwen_3_235b_a22b_2507_2": {
      "item_0": 7.486226668136687,
      "item_1": 1.481622815346837,
      "item_2": 6.437630128205389,
      "item_3": 4.889862687641591,
      "item_4": 4.422740785506933,
      "item_5": 8.185782057336507
    }
  },
  "preference_cosine_similarities": {
    "agent_0_vs_agent_1": 0.9499999999999998
  },
  "negotiation_outcome": {
    "consensus_reached": true,
    "final_round": 1,
    "final_allocation": {
      "claude_4_sonnet_1": [
        0,
        1,
        2
      ],
      "qwen_3_235b_a22b_2507_2": [
        3,
        4,
        5
      ]
    },
    "final_utilities": {
      "claude_4_sonnet_1": 20.44622475961365,
      "qwen_3_235b_a22b_2507_2": 10.609018456751803
    },
    "utility_realized": null
  },
  "complete_conversation_log": [
    {
      "phase": "discussion",
      "round": 1,
      "from": "claude_4_sonnet_1",
      "content": "I'm particularly interested in Items 0, 2, and 4 as they align well with my core objectives. I'd be open to exploring a deal where I focus on these items while you prioritize the others, though I'm curious to hear which items you value most highly before proposing specific arrangements.",
      "timestamp": 1755504024.974292,
      "speaker_order": 1,
      "total_speakers": 2
    },
    {
      "phase": "discussion",
      "round": 1,
      "from": "qwen_3_235b_a22b_2507_2",
      "content": "I'm particularly interested in Item_0 and Item_3\u2014they're my top priorities. I\u2019d be open to trading Item_1 or Item_5 if it means securing either of those, and I\u2019m flexible on Item_2 depending on the package.",
      "timestamp": 1755504027.162313,
      "speaker_order": 2,
      "total_speakers": 2
    }
  ],
  "all_proposals": [],
  "all_votes": [],
  "round_summaries": [],
  "timestamp": "2025-08-18T01:01:25.708223",
  "duration_seconds": 64.46966195106506,
  "metrics": {
    "mean_utility": 15.527621608182727,
    "max_utility": 20.44622475961365,
    "min_utility": 10.609018456751803,
    "utility_spread": 9.837206302861846
  }
}