{
  "run_index": 3,
  "experiment_config": {
    "num_agents": 2,
    "num_items": 6,
    "max_rounds": 10,
    "competition_level": 0.95,
    "discount_factor": 0.9
  },
  "agents": [
    "claude_4_sonnet_1",
    "qwen_3_235b_a22b_2507_2"
  ],
  "agent_models": {
    "claude_4_sonnet_1": "anthropic/claude-sonnet-4",
    "qwen_3_235b_a22b_2507_2": "qwen/qwen3-235b-a22b-2507"
  },
  "initial_preferences_matrix": [
    [
      4.329303346335383,
      2.170822369703027,
      5.572488048513171,
      5.242170153033131,
      8.425144933472556,
      2.1347540499627202
    ],
    [
      4.356564268962258,
      3.843470612250302,
      5.895001000605952,
      6.1508029254298995,
      5.717648028120128,
      4.301362483969388
    ]
  ],
  "initial_preferences_by_agent": {
    "claude_4_sonnet_1": {
      "item_0": 4.329303346335383,
      "item_1": 2.170822369703027,
      "item_2": 5.572488048513171,
      "item_3": 5.242170153033131,
      "item_4": 8.425144933472556,
      "item_5": 2.1347540499627202
    },
    "qwen_3_235b_a22b_2507_2": {
      "item_0": 4.356564268962258,
      "item_1": 3.843470612250302,
      "item_2": 5.895001000605952,
      "item_3": 6.1508029254298995,
      "item_4": 5.717648028120128,
      "item_5": 4.301362483969388
    }
  },
  "preference_cosine_similarities": {
    "agent_0_vs_agent_1": 0.9499999999999998
  },
  "negotiation_outcome": {
    "consensus_reached": true,
    "final_round": 7,
    "final_allocation": {
      "claude_4_sonnet_1": [
        0,
        1,
        2
      ],
      "qwen_3_235b_a22b_2507_2": [
        3,
        4,
        5
      ]
    },
    "final_utilities": {
      "claude_4_sonnet_1": 2.682073643543211,
      "qwen_3_235b_a22b_2507_2": 11.140871794957521
    },
    "utility_realized": null
  },
  "complete_conversation_log": [
    {
      "phase": "discussion",
      "round": 1,
      "from": "claude_4_sonnet_1",
      "content": "I'm particularly interested in Items 2, 4, and 5, as they align well with my strategic objectives. I'd be open to exploring a deal where I focus on these items while potentially offering you favorable terms on Items 0, 1, and 3. What items are you most drawn to, and do you see potential for a mutually beneficial arrangement?",
      "timestamp": 1755502793.331257,
      "speaker_order": 1,
      "total_speakers": 2
    },
    {
      "phase": "discussion",
      "round": 1,
      "from": "qwen_3_235b_a22b_2507_2",
      "content": "I'm particularly interested in Item_0 and Item_3\u2014they hold the highest value for me due to their strategic utility. A fair deal could involve trading Item_1 or Item_5 in exchange for access to Item_0, though I\u2019m open to bundling offers to reach mutual agreement.",
      "timestamp": 1755502794.4326642,
      "speaker_order": 2,
      "total_speakers": 2
    },
    {
      "phase": "reflection",
      "round": 1,
      "from": "claude_4_sonnet_1",
      "content": "I need more context about what negotiation is taking place and what positions were taken in Round 1 to provide meaningful strategic reflection. Without knowing the specific issues, stakeholders, or outcomes from the first round, I cannot assess what strategies worked or suggest different approaches.\n\nCould you provide details about the negotiation topic, the parties involved, and what happened in Round 1?",
      "timestamp": 1755502817.588448
    },
    {
      "phase": "reflection",
      "round": 1,
      "from": "qwen_3_235b_a22b_2507_2",
      "content": "The collaborative framing and active listening helped build initial rapport, but clearer anchoring on shared interests could strengthen alignment. I should introduce specific trade-offs earlier to surface priorities and drive convergence.",
      "timestamp": 1755502818.604885
    },
    {
      "phase": "discussion",
      "round": 2,
      "from": "claude_4_sonnet_1",
      "content": "I'm particularly interested in Items 2, 4, and 5, as they align well with my strategic objectives. I'd be willing to consider trading away Items 0 and 1 if we can find a mutually beneficial arrangement, though I'd need to understand your priorities first. What items are you most focused on securing?",
      "timestamp": 1755502822.308814,
      "speaker_order": 1,
      "total_speakers": 2
    },
    {
      "phase": "discussion",
      "round": 2,
      "from": "qwen_3_235b_a22b_2507_2",
      "content": "I'm particularly interested in Item_0 and Item_3\u2014they align best with my current needs. A deal where I receive both of those in exchange for Item_1 and Item_5 could work well, though I\u2019m open to alternatives that include one of my preferred items.",
      "timestamp": 1755502823.56804,
      "speaker_order": 2,
      "total_speakers": 2
    },
    {
      "phase": "reflection",
      "round": 2,
      "from": "claude_4_sonnet_1",
      "content": "I need more information about what happened in Round 2 to provide a meaningful reflection. Without knowing the specific proposals, counteroffers, or points of disagreement from the previous rounds, I can't assess which strategies are working or suggest different approaches.\n\nCould you provide details about:\n- What proposals were made in Round 2?\n- What were the main points of disagreement?\n- What positions did each party take?\n\nThis context would allow me to give you strategic advice for moving forward in the negotiation.",
      "timestamp": 1755502852.21668
    },
    {
      "phase": "reflection",
      "round": 2,
      "from": "qwen_3_235b_a22b_2507_2",
      "content": "The collaborative framing and active listening have built trust, but rigid positioning on concessions has stalled progress. I should introduce integrative bargaining tactics\u2014exploring underlying interests and expanding value-creating options\u2014to unlock impasse.",
      "timestamp": 1755502852.579506
    },
    {
      "phase": "discussion",
      "round": 3,
      "from": "claude_4_sonnet_1",
      "content": "I'm particularly interested in Items 2, 4, and 5, as they align well with my strategic objectives. I'd be open to a deal where I take those three items while you get Items 0, 1, and 3 - this seems like it could create mutual value if our preferences differ. What items are you most drawn to?",
      "timestamp": 1755502856.0805702,
      "speaker_order": 1,
      "total_speakers": 2
    },
    {
      "phase": "discussion",
      "round": 3,
      "from": "qwen_3_235b_a22b_2507_2",
      "content": "I'm particularly interested in Item_0 and Item_3\u2014they're high priority for me. A deal where I get Item_0 and Item_3 in exchange for Item_1 and Item_5 could work well, though I'm open to alternatives that include one of my key items.",
      "timestamp": 1755502858.5497558,
      "speaker_order": 2,
      "total_speakers": 2
    },
    {
      "phase": "reflection",
      "round": 3,
      "from": "claude_4_sonnet_1",
      "content": "My direct approach and logical arguments haven't broken the deadlock yet. I should try being more collaborative by explicitly acknowledging others' concerns and proposing creative compromises that address multiple parties' core interests rather than just stating my position.",
      "timestamp": 1755502883.692437
    },
    {
      "phase": "reflection",
      "round": 3,
      "from": "qwen_3_235b_a22b_2507_2",
      "content": "Collaborative framing and active listening have helped build trust, but\u50f5\u5c40 persists due to inflexible positions on core interests. I should shift toward interest-based bargaining by uncovering underlying needs and proposing creative trade-offs that align with both parties\u2019 priorities.",
      "timestamp": 1755502884.702492
    },
    {
      "phase": "discussion",
      "round": 4,
      "from": "claude_4_sonnet_1",