{
  "run_index": 1,
  "experiment_config": {
    "num_agents": 2,
    "num_items": 6,
    "max_rounds": 10,
    "competition_level": 0.95,
    "discount_factor": 0.9
  },
  "agents": [
    "llama_3_1_405b_1",
    "gemini_pro_2"
  ],
  "agent_models": {
    "llama_3_1_405b_1": "meta-llama/llama-3.1-405b-instruct",
    "gemini_pro_2": "google/gemini-2.5-pro"
  },
  "initial_preferences_matrix": [
    [
      6.802605137599764,
      1.4197806674077273,
      8.028705901358373,
      3.6772075266347635,
      3.043021688224723,
      7.981368629861834
    ],
    [
      6.978183638640295,
      4.638350395217877,
      7.5415939973057835,
      5.69082229561253,
      2.6366485886336113,
      5.728268338952908
    ]
  ],
  "initial_preferences_by_agent": {
    "llama_3_1_405b_1": {
      "item_0": 6.802605137599764,
      "item_1": 1.4197806674077273,
      "item_2": 8.028705901358373,
      "item_3": 3.6772075266347635,
      "item_4": 3.043021688224723,
      "item_5": 7.981368629861834
    },
    "gemini_pro_2": {
      "item_0": 6.978183638640295,
      "item_1": 4.638350395217877,
      "item_2": 7.5415939973057835,
      "item_3": 5.69082229561253,
      "item_4": 2.6366485886336113,
      "item_5": 5.728268338952908
    }
  },
  "preference_cosine_similarities": {
    "agent_0_vs_agent_1": 0.95
  },
  "negotiation_outcome": {
    "consensus_reached": true,
    "final_round": 4,
    "final_allocation": {
      "llama_3_1_405b_1": [
        0,
        1,
        2
      ],
      "gemini_pro_2": [
        3,
        4,
        5
      ]
    },
    "final_utilities": {
      "llama_3_1_405b_1": 9.093603735424226,
      "gemini_pro_2": 6.363552669345675
    },
    "utility_realized": null
  },
  "complete_conversation_log": [
    {
      "phase": "discussion",
      "round": 1,
      "from": "llama_3_1_405b_1",
      "content": "I have a strong interest in acquiring Item_2 and Item_5, as they hold significant value to me. I'd be willing to consider a trade involving Item_1 or Item_3 in exchange for one of these items. A bundle deal involving Item_2 and Item_5 would be ideal, but I'm open to negotiating alternative arrangements.",
      "timestamp": 1755506661.0134358,
      "speaker_order": 1,
      "total_speakers": 2
    },
    {
      "phase": "discussion",
      "round": 1,
      "from": "gemini_pro_2",
      "content": "I'm still evaluating all the options, but Item_4 is a high priority for me, and Item_0 also looks quite valuable. I'm open to discussing a package deal, but I'm curious to hear what you are focused on.",
      "timestamp": 1755506672.915715,
      "speaker_order": 2,
      "total_speakers": 2
    },
    {
      "phase": "reflection",
      "round": 1,
      "from": "llama_3_1_405b_1",
      "content": "Upon reflection, I notice that actively listening to and acknowledging the counterpart's concerns has helped build trust and facilitated open discussion. However, I may need to adapt my approach to be more flexible and creative in finding mutually beneficial solutions, as the current offers have not yet led to a consensus.",
      "timestamp": 1755506707.0173252
    },
    {
      "phase": "reflection",
      "round": 1,
      "from": "gemini_pro_2",
      "content": "My initial strategy of information gathering has successfully clarified their core priorities. To move forward, I will now pivot from defining our positions to proposing creative trade-offs that address their interests while securing my objectives.",
      "timestamp": 1755506724.46576
    },
    {
      "phase": "discussion",
      "round": 2,
      "from": "llama_3_1_405b_1",
      "content": "I'm quite interested in Item_2 and Item_5. I would be open to trading Item_0 or Item_3 if it meant securing one of my top choices. What items are you most keen on?",
      "timestamp": 1755506726.735899,
      "speaker_order": 1,
      "total_speakers": 2
    },
    {
      "phase": "discussion",
      "round": 2,
      "from": "gemini_pro_2",
      "content": "My primary interests are in Item_0 and Item_2, as they seem to have the most utility for me. I'm open to a deal where I get those two plus one other, and you can have the remaining three. What are your thoughts on that kind of split?",
      "timestamp": 1755506746.2259378,
      "speaker_order": 2,
      "total_speakers": 2
    },
    {
      "phase": "reflection",
      "round": 2,
      "from": "llama_3_1_405b_1",
      "content": "The strategies of active listening, asking clarifying questions, and finding common ground seem to be working well. To make further progress, I should focus more on creatively exploring win-win solutions that address both parties' key interests and concerns.",
      "timestamp": 1755506815.083487
    },
    {
      "phase": "reflection",
      "round": 2,
      "from": "gemini_pro_2",
      "content": "Our information gathering has been effective, but our current offer-counteroffer approach has stalled. We need to shift from positional bargaining to proposing a new, creative package that trades on our different priorities to break the deadlock.",
      "timestamp": 1755506828.700969
    },
    {
      "phase": "discussion",
      "round": 3,
      "from": "llama_3_1_405b_1",
      "content": "I am most interested in Item_2 and Item_5. I would be open to a deal involving trading Item_0 and Item_3 for those two items.",
      "timestamp": 1755506831.025532,
      "speaker_order": 1,
      "total_speakers": 2
    },
    {
      "phase": "discussion",
      "round": 3,
      "from": "gemini_pro_2",
      "content": "My primary focus is on Item_1 and Item_4, as they are essential to my goals. However, I am willing to be flexible on the other items to make a deal work. I'd be open to a package deal if it secures me those two.",
      "timestamp": 1755506846.408715,
      "speaker_order": 2,
      "total_speakers": 2
    },
    {
      "phase": "reflection",
      "round": 3,
      "from": "llama_3_1_405b_1",
      "content": "The strategies of active listening, asking clarifying questions, and proposing creative solutions seem to be working well. To make further progress, I should focus more on identifying and addressing underlying interests and concerns.",
      "timestamp": 1755506911.5044758
    },
    {
      "phase": "reflection",
      "round": 3,
      "from": "gemini_pro_2",
      "content": "My strategy of holding firm on key priorities has successfully gathered intelligence on their limits, but has resulted in a deadlock. I will now pivot to exploring their underlying interests and introduce new, creative trade-offs to expand the potential for a mutually acceptable agreement.",
      "timestamp": 1755506924.7447731
    },
    {
      "phase": "discussion",
      "round": 4,
      "from": "llama_3_1_405b_1",
      "content": "I am most interested in Item_2 and Item_5. I would be willing to make a deal involving trading away some of the other items in exchange for those two. However, I am open to negotiating if you have a strong preference for certain items as well.",
      "timestamp": 1755506927.002037,
      "speaker_order": 1,
      "total_speakers": 2
    },
    {
      "phase": "discussion",
      "round": 4,
      "from": "gemini_pro_2",
      "content": "My focus is sharpening, and I'm particularly interested in securing Item_1 and Item_2. I believe they hold the most utility for my objectives. I'd be open to a deal where I take those two items, and you could have Item_0, Item_3, and Item_5; what do you think of that structure?",
      "timestamp": 1755506939.1921191,
      "speaker_order": 2,
      "total_speakers": 2
    }
  ],
  "all_proposals": [],
  "all_votes": [],
  "round_summaries": [],
  "timestamp": "2025-08-18T01:49:35.247601",
  "duration_seconds": 316.797993183136,
  "metrics": {
    "mean_utility": 7.72857820238495,
    "max_utility": 9.093603735424226,
    "min_utility": 6.363552669345675,
    "utility_spread": 2.730051066078551
  }
}