{
  "run_index": 3,
  "experiment_config": {
    "num_agents": 2,
    "num_items": 6,
    "max_rounds": 10,
    "competition_level": 0.95,
    "discount_factor": 0.9
  },
  "agents": [
    "llama_3_1_405b_1",
    "gemini_pro_2"
  ],
  "agent_models": {
    "llama_3_1_405b_1": "meta-llama/llama-3.1-405b-instruct",
    "gemini_pro_2": "google/gemini-2.5-pro"
  },
  "initial_preferences_matrix": [
    [
      6.090564502012396,
      7.312121279909451,
      1.5641403555008693,
      2.0111435975689296,
      1.277397787391501,
      0.019112357389392542
    ],
    [
      5.216499988999229,
      6.734007675345905,
      3.003719493929552,
      2.32275727680422,
      2.6051512841520297,
      2.2186393783442697
    ]
  ],
  "initial_preferences_by_agent": {
    "llama_3_1_405b_1": {
      "item_0": 6.090564502012396,
      "item_1": 7.312121279909451,
      "item_2": 1.5641403555008693,
      "item_3": 2.0111435975689296,
      "item_4": 1.277397787391501,
      "item_5": 0.019112357389392542
    },
    "gemini_pro_2": {
      "item_0": 5.216499988999229,
      "item_1": 6.734007675345905,
      "item_2": 3.003719493929552,
      "item_3": 2.32275727680422,
      "item_4": 2.6051512841520297,
      "item_5": 2.2186393783442697
    }
  },
  "preference_cosine_similarities": {
    "agent_0_vs_agent_1": 0.95
  },
  "negotiation_outcome": {
    "consensus_reached": false,
    "final_round": 10,
    "final_allocation": null,
    "final_utilities": null,
    "utility_realized": null
  },
  "complete_conversation_log": [
    {
      "phase": "discussion",
      "round": 1,
      "from": "llama_3_1_405b_1",
      "content": "I'm particularly interested in Item_2 and Item_5, as I believe they hold significant value. I'd be open to negotiating a deal that involves trading Item_1 or Item_3 in exchange for one of these items. Perhaps a bundle deal involving Item_0 and Item_4 could also be a viable option.",
      "timestamp": 1755507018.351553,
      "speaker_order": 1,
      "total_speakers": 2
    },
    {
      "phase": "discussion",
      "round": 1,
      "from": "gemini_pro_2",
      "content": "I'm still evaluating all the options, but Item_2 and Item_5 have caught my eye so far. I'm open to discussing a fair split where we each take three items, depending on what you're interested in.",
      "timestamp": 1755507031.9988558,
      "speaker_order": 2,
      "total_speakers": 2
    },
    {
      "phase": "reflection",
      "round": 1,
      "from": "llama_3_1_405b_1",
      "content": "The current strategies of presenting logical arguments and appealing to shared values are working well. To make further progress, I should try to better understand the other party's underlying needs and concerns, and explore more creative solutions that could satisfy both sides.",
      "timestamp": 1755507061.87102
    },
    {
      "phase": "reflection",
      "round": 1,
      "from": "gemini_pro_2",
      "content": "Establishing our core needs has provided a clear foundation for the discussion; now, to break the impasse, I must pivot from defending our position to proactively exploring their underlying interests to find mutual gains.",
      "timestamp": 1755507074.8869498
    },
    {
      "phase": "discussion",
      "round": 2,
      "from": "llama_3_1_405b_1",
      "content": "I have a strong interest in Item_2 and Item_5, as they hold significant value to me. I'd be open to negotiating a deal that involves either of these items, potentially bundling one with a less desirable item like Item_0 or Item_1. A trade involving Item_2 and Item_4 could also be mutually beneficial, depending on your priorities.",
      "timestamp": 1755507077.3022342,
      "speaker_order": 1,
      "total_speakers": 2
    },
    {
      "phase": "discussion",
      "round": 2,
      "from": "gemini_pro_2",
      "content": "I'm primarily interested in Item_4 and Item_1, as they would be most useful for my purposes. However, I'm open to discussing other possibilities if we can find a mutually beneficial arrangement. What items are at the top of your list?",
      "timestamp": 1755507087.570295,
      "speaker_order": 2,
      "total_speakers": 2
    },
    {
      "phase": "reflection",
      "round": 2,
      "from": "llama_3_1_405b_1",
      "content": "*Reflecting on the negotiation so far*\n\nThe strategies of active listening, asking clarifying questions, and proposing creative solutions seem to be working well. However, I should focus more on finding common ground and shared interests rather than getting stuck on positions. Trying to build more rapport and trust could also help move towards a mutually beneficial agreement.",
      "timestamp": 1755507126.467138
    },
    {
      "phase": "reflection",
      "round": 2,
      "from": "gemini_pro_2",
      "content": "My strategy of clearly establishing our core positions has created a solid foundation, but has now resulted in a deadlock. I will pivot from debating these fixed positions to exploring the underlying *interests* behind them, which should reveal new possibilities for creative, mutually beneficial trade-offs.",
      "timestamp": 1755507140.066864
    },
    {
      "phase": "discussion",
      "round": 3,
      "from": "llama_3_1_405b_1",
      "content": "I have a strong interest in Item_2 and Item_5, as they align with my current goals and would bring significant value. I'd be open to bundling Item_1 with either of these items for a mutually beneficial deal. Perhaps a trade involving Item_3 could also be explored, depending on your priorities.",
      "timestamp": 1755507142.45202,
      "speaker_order": 1,
      "total_speakers": 2
    },
    {
      "phase": "discussion",
      "round": 3,
      "from": "gemini_pro_2",
      "content": "My priorities haven't shifted much; Item_2 and Item_4 are still the most important for me. I could be open to a simple split where I take those two items and you take two of your choice. I'm flexible, so let me know what you're thinking.",
      "timestamp": 1755507153.0056908,
      "speaker_order": 2,
      "total_speakers": 2
    },
    {
      "phase": "reflection",
      "round": 3,
      "from": "llama_3_1_405b_1",
      "content": "Upon reflection, I notice that actively listening to and acknowledging the other party's concerns has helped build trust and facilitated open communication, but we have yet to find a mutually acceptable solution. To move forward, I should try to explore creative alternatives and make more targeted concessions to bridge the gap between our positions.",
      "timestamp": 1755507201.007584
    },
    {
      "phase": "reflection",
      "round": 3,
      "from": "gemini_pro_2",
      "content": "My attempts to find common ground have kept the dialogue open, but we are stuck in a positional deadlock. I need to shift from defending my solution to asking more questions about your core needs, so we can brainstorm new options together.",
      "timestamp": 1755507213.037216
    },
    {
      "phase": "discussion",
      "round": 4,
      "from": "llama_3_1_405b_1",
      "content": "I'm particularly interested in Item_2 and Item_5, as I believe they hold significant value. I'd be open to negotiating a deal that involves trading Item_1 or Item_3 for one of these items, or potentially packaging Item_0 and Item_4 together in exchange for both. However, I'm not willing to part with Item_4 easily, so the offer would need to be substantial.",
      "timestamp": 1755507215.625192,
      "speaker_order": 1,
      "total_speakers": 2
    },
    {
      "phase": "discussion",
      "round": 4,
      "from": "gemini_pro_2",
      "content": "I'm primarily interested in Item_4 and Item_1, as they seem to have the most utility for my purposes. I'm open to a fair split, however. What if you took Item_0, Item_2, and Item_5, and I took the remaining three items?",
      "timestamp": 1755507227.779504,
      "speaker_order": 2,