{
  "run_index": 7,
  "experiment_config": {
    "num_agents": 2,
    "num_items": 6,
    "max_rounds": 10,
    "competition_level": 0.95,
    "discount_factor": 0.9
  },
  "agents": [
    "llama_3_1_405b_1",
    "gemini_pro_2"
  ],
  "agent_models": {
    "llama_3_1_405b_1": "meta-llama/llama-3.1-405b-instruct",
    "gemini_pro_2": "google/gemini-2.5-pro"
  },
  "initial_preferences_matrix": [
    [
      2.8117876823362575,
      2.5101242203843044,
      9.73650498539628,
      3.5144812155781624,
      3.4938015077127913,
      6.465738981056589
    ],
    [
      4.052360635618746,
      5.950666208381638,
      8.378648092017373,
      2.2760026446102106,
      3.948555268320724,
      5.706604509183824
    ]
  ],
  "initial_preferences_by_agent": {
    "llama_3_1_405b_1": {
      "item_0": 2.8117876823362575,
      "item_1": 2.5101242203843044,
      "item_2": 9.73650498539628,
      "item_3": 3.5144812155781624,
      "item_4": 3.4938015077127913,
      "item_5": 6.465738981056589
    },
    "gemini_pro_2": {
      "item_0": 4.052360635618746,
      "item_1": 5.950666208381638,
      "item_2": 8.378648092017373,
      "item_3": 2.2760026446102106,
      "item_4": 3.948555268320724,
      "item_5": 5.706604509183824
    }
  },
  "preference_cosine_similarities": {
    "agent_0_vs_agent_1": 0.9499999999999998
  },
  "negotiation_outcome": {
    "consensus_reached": true,
    "final_round": 3,
    "final_allocation": {
      "llama_3_1_405b_1": [
        0,
        3,
        5
      ],
      "gemini_pro_2": [
        1,
        2,
        4
      ]
    },
    "final_utilities": {
      "llama_3_1_405b_1": 15.890086732637002,
      "gemini_pro_2": 9.945176526035471
    },
    "utility_realized": null
  },
  "complete_conversation_log": [
    {
      "phase": "discussion",
      "round": 1,
      "from": "llama_3_1_405b_1",
      "content": "My top priorities are Item_2 and Item_5. I would be open to trading Item_1 and Item_3 if it meant securing my desired items. Perhaps we could discuss a deal involving those?",
      "timestamp": 1755508267.124694,
      "speaker_order": 1,
      "total_speakers": 2
    },
    {
      "phase": "discussion",
      "round": 1,
      "from": "gemini_pro_2",
      "content": "My primary interests are in Item_1 and Item_4, as they seem to have the most utility for me. However, I'm flexible and believe we can find a package deal that works for both of us. What items are you targeting?",
      "timestamp": 1755508281.897493,
      "speaker_order": 2,
      "total_speakers": 2
    },
    {
      "phase": "reflection",
      "round": 1,
      "from": "llama_3_1_405b_1",
      "content": "Upon reflection, I notice that active listening and asking clarifying questions have been effective in building rapport and understanding the counterpart's interests, but we have yet to make significant progress on the key issues. In the next round, I plan to shift focus towards creative problem-solving and exploring mutually beneficial solutions to bridge the gaps in our positions.",
      "timestamp": 1755508312.283566
    },
    {
      "phase": "reflection",
      "round": 1,
      "from": "gemini_pro_2",
      "content": "We've successfully clarified our initial positions, but this has led to an impasse. I will now shift from debating stances to asking questions about underlying interests to find a creative, mutually beneficial solution.",
      "timestamp": 1755508325.731372
    },
    {
      "phase": "discussion",
      "round": 2,
      "from": "llama_3_1_405b_1",
      "content": "I am quite interested in Item_2 and Item_4. I would be open to a deal involving trading Item_0 or Item_1 in exchange for either of those items. However, I am also willing to negotiate and consider other offers that may be mutually beneficial.",
      "timestamp": 1755508328.126694,
      "speaker_order": 1,
      "total_speakers": 2
    },
    {
      "phase": "discussion",
      "round": 2,
      "from": "gemini_pro_2",
      "content": "I'm primarily interested in Item_1 and Item_2, as they are the most valuable to my interests. However, I am open to discussing a package deal, as I'm sure we can find a split that benefits us both. What items are you focused on?",
      "timestamp": 1755508338.337078,
      "speaker_order": 2,
      "total_speakers": 2
    },
    {
      "phase": "reflection",
      "round": 2,
      "from": "llama_3_1_405b_1",
      "content": "The strategies of active listening, asking clarifying questions, and proposing reasonable compromises seem to be working well. To make further progress, I should try to better understand the other party's underlying interests and priorities, and explore more creative win-win solutions.",
      "timestamp": 1755508365.898422
    },
    {
      "phase": "reflection",
      "round": 2,
      "from": "gemini_pro_2",
      "content": "My current strategy has clearly defined the gap between our positions, but to break the stalemate, I must now pivot from defending my stance to exploring their underlying interests to create new, mutually beneficial options.",
      "timestamp": 1755508379.573013
    },
    {
      "phase": "discussion",
      "round": 3,
      "from": "llama_3_1_405b_1",
      "content": "I am most interested in Item_2 and Item_5. I would be open to a deal involving trading Item_0 and Item_3 for those two items. However, I am flexible and willing to negotiate to find a mutually beneficial arrangement.",
      "timestamp": 1755508381.7820091,
      "speaker_order": 1,
      "total_speakers": 2
    },
    {
      "phase": "discussion",
      "round": 3,
      "from": "gemini_pro_2",
      "content": "My main interests are currently Item_0 and Item_5, though I remain flexible depending on the deal. I'm curious to know what you're focused on, as I'm sure we can find a trade that benefits us both.",
      "timestamp": 1755508393.048299,
      "speaker_order": 2,
      "total_speakers": 2
    }
  ],
  "all_proposals": [],
  "all_votes": [],
  "round_summaries": [],
  "timestamp": "2025-08-18T02:14:00.544845",
  "duration_seconds": 175.5147349834442,
  "metrics": {
    "mean_utility": 12.917631629336237,
    "max_utility": 15.890086732637002,
    "min_utility": 9.945176526035471,
    "utility_spread": 5.944910206601531
  }
}