{
  "run_index": 1,
  "experiment_config": {
    "num_agents": 2,
    "num_items": 6,
    "max_rounds": 10,
    "competition_level": 0.95,
    "discount_factor": 0.9
  },
  "agents": [
    "claude_4_sonnet_1",
    "llama_3_1_405b_2"
  ],
  "agent_models": {
    "claude_4_sonnet_1": "anthropic/claude-sonnet-4",
    "llama_3_1_405b_2": "meta-llama/llama-3.1-405b-instruct"
  },
  "initial_preferences_matrix": [
    [
      2.4325405457473392,
      8.78282556734644,
      9.7557881300581,
      8.304023281134919,
      2.1548893358072583,
      0.7398411315757325
    ],
    [
      6.166983324702866,
      6.5275221871065465,
      10.0,
      6.721497691631142,
      0.987615706736872,
      1.4445325576438495
    ]
  ],
  "initial_preferences_by_agent": {
    "claude_4_sonnet_1": {
      "item_0": 2.4325405457473392,
      "item_1": 8.78282556734644,
      "item_2": 9.7557881300581,
      "item_3": 8.304023281134919,
      "item_4": 2.1548893358072583,
      "item_5": 0.7398411315757325
    },
    "llama_3_1_405b_2": {
      "item_0": 6.166983324702866,
      "item_1": 6.5275221871065465,
      "item_2": 10.0,
      "item_3": 6.721497691631142,
      "item_4": 0.987615706736872,
      "item_5": 1.4445325576438495
    }
  },
  "preference_cosine_similarities": {
    "agent_0_vs_agent_1": 0.952397910971982
  },
  "negotiation_outcome": {
    "consensus_reached": true,
    "final_round": 3,
    "final_allocation": {
      "claude_4_sonnet_1": [
        0,
        3,
        5
      ],
      "llama_3_1_405b_2": [
        1,
        2,
        4
      ]
    },
    "final_utilities": {
      "claude_4_sonnet_1": 15.409378791970983,
      "llama_3_1_405b_2": 14.468579521041068
    },
    "utility_realized": null
  },
  "complete_conversation_log": [
    {
      "phase": "discussion",
      "round": 1,
      "from": "claude_4_sonnet_1",
      "content": "I'm particularly interested in Items 2, 4, and 5, as they align well with my core objectives. I'd be open to trading away Items 0 and 1 if you have strong preferences for those, and Item 3 could be negotiable depending on what you're looking for. What items are you most drawn to, and do you see any potential for a mutually beneficial exchange?",
      "timestamp": 1755506591.007309,
      "speaker_order": 1,
      "total_speakers": 2
    },
    {
      "phase": "discussion",
      "round": 1,
      "from": "llama_3_1_405b_2",
      "content": "I am quite interested in Item_2 and Item_4. I would be open to trading Item_1 and Item_3 if it meant securing those two items. Perhaps we could come to an arrangement that benefits us both?",
      "timestamp": 1755506593.260146,
      "speaker_order": 2,
      "total_speakers": 2
    },
    {
      "phase": "reflection",
      "round": 1,
      "from": "claude_4_sonnet_1",
      "content": "I don't have context about what negotiation just took place or what positions were discussed in Round 1. To provide meaningful strategic reflection, I'd need to know what was proposed, what objections were raised, and what the key sticking points were between the parties.\n\nCould you share the details of Round 1 so I can offer relevant strategic insights for moving forward?",
      "timestamp": 1755506618.6825988
    },
    {
      "phase": "reflection",
      "round": 1,
      "from": "llama_3_1_405b_2",
      "content": "The human is highly skeptical of AI systems and focused on potential risks. To make progress, I should acknowledge those concerns more directly while still emphasizing the potential benefits of AI and my willingness to cooperate on finding responsible solutions.",
      "timestamp": 1755506620.912408
    },
    {
      "phase": "discussion",
      "round": 2,
      "from": "claude_4_sonnet_1",
      "content": "I'm particularly interested in Items 2, 4, and 5, as they align well with my strategic objectives. I'd be willing to consider trading Items 0 and 1, which seem less critical to my goals, in exchange for securing at least two of my priority items. What items are you most focused on securing?",
      "timestamp": 1755506624.4407308,
      "speaker_order": 1,
      "total_speakers": 2
    },
    {
      "phase": "discussion",
      "round": 2,
      "from": "llama_3_1_405b_2",
      "content": "I'm particularly interested in Item_2 and Item_5, as I believe they hold significant value. I'd be open to negotiating a deal that involves trading Item_1 or Item_3 in exchange for one of these items. However, I'm not willing to part with Item_0 under any circumstances.",
      "timestamp": 1755506626.439256,
      "speaker_order": 2,
      "total_speakers": 2
    },
    {
      "phase": "reflection",
      "round": 2,
      "from": "claude_4_sonnet_1",
      "content": "My collaborative approach and focus on shared interests seems to be building rapport, but I may need to be more specific about trade-offs and probe deeper into what the other parties truly value most to find viable compromise positions.\n\nI should try being more direct about exploring specific package deals and asking pointed questions about minimum acceptable outcomes to move beyond general principles toward concrete solutions.",
      "timestamp": 1755506652.772094
    },
    {
      "phase": "reflection",
      "round": 2,
      "from": "llama_3_1_405b_2",
      "content": "Upon reflection, I notice that active listening and asking clarifying questions have been effective in building understanding and trust, but I have yet to find a mutually beneficial solution. To move forward, I should try to explore creative options and make more targeted concessions to find a middle ground that satisfies both parties' needs.",
      "timestamp": 1755506655.172748
    },
    {
      "phase": "discussion",
      "round": 3,
      "from": "claude_4_sonnet_1",
      "content": "I'm particularly interested in Items 2, 4, and 5, as they align well with my strategic priorities. I'd be willing to consider a deal where I focus on these items while you take Items 0, 1, and 3 - though I'm open to discussing alternative arrangements if you have strong preferences for any of the items I mentioned.",
      "timestamp": 1755506658.956755,
      "speaker_order": 1,
      "total_speakers": 2
    },
    {
      "phase": "discussion",
      "round": 3,
      "from": "llama_3_1_405b_2",
      "content": "I'm particularly interested in Item_2 and Item_5, as I believe they hold significant value. I'd be open to negotiating a trade involving Item_1 and Item_3 in exchange for one of my desired items. A bundle deal including Item_0 could also be a possibility, but it would depend on the terms.",
      "timestamp": 1755506661.166126,
      "speaker_order": 2,
      "total_speakers": 2
    }
  ],
  "all_proposals": [],
  "all_votes": [],
  "round_summaries": [],
  "timestamp": "2025-08-18T01:44:47.742205",
  "duration_seconds": 101.00867104530334,
  "metrics": {
    "mean_utility": 14.938979156506026,
    "max_utility": 15.409378791970983,
    "min_utility": 14.468579521041068,
    "utility_spread": 0.9407992709299151
  }
}