{
  "run_index": 4,
  "experiment_config": {
    "num_agents": 2,
    "num_items": 6,
    "max_rounds": 10,
    "competition_level": 0.95,
    "discount_factor": 0.9
  },
  "agents": [
    "qwen_3_235b_a22b_2507_1",
    "claude_4_sonnet_2"
  ],
  "agent_models": {
    "qwen_3_235b_a22b_2507_1": "qwen/qwen3-235b-a22b-2507",
    "claude_4_sonnet_2": "anthropic/claude-sonnet-4"
  },
  "initial_preferences_matrix": [
    [
      6.677063576333897,
      8.52661955607168,
      0.3653606352913652,
      4.290482295415742,
      5.414900317549899,
      4.388203280387957
    ],
    [
      6.158263589939733,
      6.942391692658759,
      3.595229262098747,
      6.284536427286122,
      5.875486528768577,
      3.3678172302459872
    ]
  ],
  "initial_preferences_by_agent": {
    "qwen_3_235b_a22b_2507_1": {
      "item_0": 6.677063576333897,
      "item_1": 8.52661955607168,
      "item_2": 0.3653606352913652,
      "item_3": 4.290482295415742,
      "item_4": 5.414900317549899,
      "item_5": 4.388203280387957
    },
    "claude_4_sonnet_2": {
      "item_0": 6.158263589939733,
      "item_1": 6.942391692658759,
      "item_2": 3.595229262098747,
      "item_3": 6.284536427286122,
      "item_4": 5.875486528768577,
      "item_5": 3.3678172302459872
    }
  },
  "preference_cosine_similarities": {
    "agent_0_vs_agent_1": 0.9499999999999998
  },
  "negotiation_outcome": {
    "consensus_reached": true,
    "final_round": 1,
    "final_allocation": {
      "qwen_3_235b_a22b_2507_1": [
        0,
        1,
        2
      ],
      "claude_4_sonnet_2": [
        3,
        4,
        5
      ]
    },
    "final_utilities": {
      "qwen_3_235b_a22b_2507_1": 15.388990924118765,
      "claude_4_sonnet_2": 15.386451302795043
    },
    "utility_realized": null
  },
  "complete_conversation_log": [
    {
      "phase": "discussion",
      "round": 1,
      "from": "qwen_3_235b_a22b_2507_1",
      "content": "I'm particularly interested in Item_0 and Item_3\u2014they hold the highest value for me. I\u2019d be open to trading Item_1 or Item_5 in exchange for either of those, depending on what the other party values.",
      "timestamp": 1755502793.695273,
      "speaker_order": 1,
      "total_speakers": 2
    },
    {
      "phase": "discussion",
      "round": 1,
      "from": "claude_4_sonnet_2",
      "content": "I'm particularly interested in Items 2, 4, and 5, as they align well with my strategic objectives. I'd be open to exploring a deal where I focus on these higher-priority items while potentially offering you favorable terms on Items 0, 1, and 3. What items are you most drawn to, and do you see any potential for a mutually beneficial arrangement?",
      "timestamp": 1755502797.672894,
      "speaker_order": 2,
      "total_speakers": 2
    }
  ],
  "all_proposals": [],
  "all_votes": [],
  "round_summaries": [],
  "timestamp": "2025-08-18T00:40:21.518986",
  "duration_seconds": 30.357598781585693,
  "metrics": {
    "mean_utility": 15.387721113456905,
    "max_utility": 15.388990924118765,
    "min_utility": 15.386451302795043,
    "utility_spread": 0.0025396213237218745
  }
}