{
  "run_index": 3,
  "experiment_config": {
    "num_agents": 2,
    "num_items": 6,
    "max_rounds": 10,
    "competition_level": 0.95,
    "discount_factor": 0.9
  },
  "agents": [
    "qwen_3_235b_a22b_2507_1",
    "claude_4_sonnet_2"
  ],
  "agent_models": {
    "qwen_3_235b_a22b_2507_1": "qwen/qwen3-235b-a22b-2507",
    "claude_4_sonnet_2": "anthropic/claude-sonnet-4"
  },
  "initial_preferences_matrix": [
    [
      9.673035963815632,
      1.7160532446364607,
      9.863732498745449,
      5.229288395133328,
      0.5510381037832868,
      8.594215788761959
    ],
    [
      8.27286652225231,
      5.222752337407671,
      8.626754751398382,
      8.602793648869357,
      0.8983686376791964,
      7.096607826964955
    ]
  ],
  "initial_preferences_by_agent": {
    "qwen_3_235b_a22b_2507_1": {
      "item_0": 9.673035963815632,
      "item_1": 1.7160532446364607,
      "item_2": 9.863732498745449,
      "item_3": 5.229288395133328,
      "item_4": 0.5510381037832868,
      "item_5": 8.594215788761959
    },
    "claude_4_sonnet_2": {
      "item_0": 8.27286652225231,
      "item_1": 5.222752337407671,
      "item_2": 8.626754751398382,
      "item_3": 8.602793648869357,
      "item_4": 0.8983686376791964,
      "item_5": 7.096607826964955
    }
  },
  "preference_cosine_similarities": {
    "agent_0_vs_agent_1": 0.9500000000000001
  },
  "negotiation_outcome": {
    "consensus_reached": false,
    "final_round": 10,
    "final_allocation": null,
    "final_utilities": null,
    "utility_realized": null
  },
  "complete_conversation_log": [
    {
      "phase": "discussion",
      "round": 1,
      "from": "qwen_3_235b_a22b_2507_1",
      "content": "I'm particularly interested in Item_0 and Item_3\u2014they hold the highest value for me. A fair deal could involve trading Item_1 or Item_5 in exchange for one of those, depending on your priorities.",
      "timestamp": 1755502428.692131,
      "speaker_order": 1,
      "total_speakers": 2
    },
    {
      "phase": "discussion",
      "round": 1,
      "from": "claude_4_sonnet_2",
      "content": "I'm particularly interested in Items 2, 4, and 5, as they align well with my priorities for this negotiation. I'd be willing to consider trading Items 0, 1, and 3 if we can find a mutually beneficial arrangement. What items are you most interested in, and do you see potential for us to each focus on different subsets?",
      "timestamp": 1755502432.685625,
      "speaker_order": 2,
      "total_speakers": 2
    },
    {
      "phase": "reflection",
      "round": 1,
      "from": "qwen_3_235b_a22b_2507_1",
      "content": "So far, active listening and finding common ground on shared interests have been effective in building rapport. To advance, I should more clearly link trade-offs to mutual gains and proactively propose creative options that bridge remaining gaps.",
      "timestamp": 1755502454.85861
    },
    {
      "phase": "reflection",
      "round": 1,
      "from": "claude_4_sonnet_2",
      "content": "I need more context about what negotiation took place in Round 1 to provide meaningful reflection. Without knowing the specific proposals, counteroffers, or positions taken by each party, I cannot assess which strategies worked or suggest different approaches for future rounds.\n\nCould you provide details about what happened in Round 1 - the key proposals, responses, and points of disagreement?",
      "timestamp": 1755502458.897613
    },
    {
      "phase": "discussion",
      "round": 2,
      "from": "qwen_3_235b_a22b_2507_1",
      "content": "I'm particularly interested in Item_0 and Item_3\u2014they hold the highest value for me. A deal where I receive both of those in exchange for Item_1 and Item_5 could work well, depending on your priorities.",
      "timestamp": 1755502459.711852,
      "speaker_order": 1,
      "total_speakers": 2
    },
    {
      "phase": "discussion",
      "round": 2,
      "from": "claude_4_sonnet_2",
      "content": "I'm particularly interested in Items 1, 3, and 5 - they align well with my priorities and would create significant value for me. I'd be open to a deal where I focus on those items while you take the lead on Items 0, 2, and 4, though I'm flexible if you have strong preferences that overlap with mine. What items are you most drawn to?",
      "timestamp": 1755502463.8247948,
      "speaker_order": 2,
      "total_speakers": 2
    },
    {
      "phase": "reflection",
      "round": 2,
      "from": "qwen_3_235b_a22b_2507_1",
      "content": "The collaborative framing and active listening have built trust, but we need to shift toward integrative bargaining by identifying shared interests more explicitly. I should introduce objective criteria earlier to anchor proposals and reduce positional resistance.",
      "timestamp": 1755502491.883977
    },
    {
      "phase": "reflection",
      "round": 2,
      "from": "claude_4_sonnet_2",
      "content": "My collaborative approach and data-driven proposals seem to be resonating, but I need to be more assertive about my core needs while still maintaining the cooperative tone. I should focus on creating more specific trade-offs and deadlines to drive toward resolution.",
      "timestamp": 1755502494.869193
    },
    {
      "phase": "discussion",
      "round": 3,
      "from": "qwen_3_235b_a22b_2507_1",
      "content": "I'm particularly interested in Item_0 and Item_3\u2014they\u2019re high priority for me. That said, I could be flexible on Item_1 if we can find a balanced exchange that includes one of my priority items.",
      "timestamp": 1755502495.983714,
      "speaker_order": 1,
      "total_speakers": 2
    },
    {
      "phase": "discussion",
      "round": 3,
      "from": "claude_4_sonnet_2",
      "content": "I'm particularly interested in Items 2, 4, and 5, as they align well with my strategic priorities. I'd be open to a deal where I take those three items while you get Items 0, 1, and 3 - this seems like it could create mutual value if our preferences don't overlap too heavily. What items are you most drawn to?",
      "timestamp": 1755502500.0816882,
      "speaker_order": 2,
      "total_speakers": 2
    },
    {
      "phase": "reflection",
      "round": 3,
      "from": "qwen_3_235b_a22b_2507_1",
      "content": "The collaborative framing and active listening have helped maintain constructive dialogue, but greater progress requires more targeted trade-offs and interest-based concessions. I should deepen information sharing to uncover mutual gains and propose incremental commitments to build trust.",
      "timestamp": 1755502529.171266
    },
    {
      "phase": "reflection",
      "round": 3,
      "from": "claude_4_sonnet_2",
      "content": "My collaborative approach and detailed explanations seem to be building trust, but I may need to be more assertive about my core needs while still showing flexibility on implementation details.\n\nI should focus on finding creative solutions that address both parties' underlying interests rather than just splitting the difference on positions.",
      "timestamp": 1755502533.512207
    },
    {
      "phase": "discussion",
      "round": 4,
      "from": "qwen_3_235b_a22b_2507_1",
      "content": "I'm particularly interested in Item_0 and Item_3\u2014they're high priority for me. I could be flexible on the other items if we can structure a deal that gives me one of those two. Maybe a 2-for-1 swap involving Item_0 could work, depending on what you're looking for.",
      "timestamp": 1755502537.925408,
      "speaker_order": 1,
      "total_speakers": 2
    },
    {
      "phase": "discussion",
      "round": 4,
      "from": "claude_4_sonnet_2",