{
  "run_index": 7,
  "experiment_config": {
    "num_agents": 2,
    "num_items": 6,
    "max_rounds": 10,
    "competition_level": 0.95,
    "discount_factor": 0.9
  },
  "agents": [
    "qwen_3_235b_a22b_2507_1",
    "claude_4_sonnet_2"
  ],
  "agent_models": {
    "qwen_3_235b_a22b_2507_1": "qwen/qwen3-235b-a22b-2507",
    "claude_4_sonnet_2": "anthropic/claude-sonnet-4"
  },
  "initial_preferences_matrix": [
    [
      8.063969229112011,
      5.572637169591498,
      8.88814969152117,
      8.138438736562422,
      5.415368302613301,
      4.814404943047217
    ],
    [
      6.6670204043568315,
      8.22299216157984,
      8.127436395086917,
      5.818703024626188,
      3.7519013964791745,
      8.231885025487083
    ]
  ],
  "initial_preferences_by_agent": {
    "qwen_3_235b_a22b_2507_1": {
      "item_0": 8.063969229112011,
      "item_1": 5.572637169591498,
      "item_2": 8.88814969152117,
      "item_3": 8.138438736562422,
      "item_4": 5.415368302613301,
      "item_5": 4.814404943047217
    },
    "claude_4_sonnet_2": {
      "item_0": 6.6670204043568315,
      "item_1": 8.22299216157984,
      "item_2": 8.127436395086917,
      "item_3": 5.818703024626188,
      "item_4": 3.7519013964791745,
      "item_5": 8.231885025487083
    }
  },
  "preference_cosine_similarities": {
    "agent_0_vs_agent_1": 0.95
  },
  "negotiation_outcome": {
    "consensus_reached": true,
    "final_round": 1,
    "final_allocation": {
      "qwen_3_235b_a22b_2507_1": [
        2,
        4
      ],
      "claude_4_sonnet_2": [
        0,
        1,
        3,
        5
      ]
    },
    "final_utilities": {
      "qwen_3_235b_a22b_2507_1": 4.573186684001411,
      "claude_4_sonnet_2": 28.59298521377292
    },
    "utility_realized": null
  },
  "complete_conversation_log": [
    {
      "phase": "discussion",
      "round": 1,
      "from": "qwen_3_235b_a22b_2507_1",
      "content": "I'm particularly interested in securing Item_2 and Item_4\u2014these are high priority for me, though I'm open to creative trade-offs. That said, I could consider releasing Item_4 if it helps bridge a deal that gives me Item_2 and some compensation in less critical items. I\u2019d like to understand your priorities to explore synergies.",
      "timestamp": 1755569431.073306,
      "speaker_order": 1,
      "total_speakers": 2
    },
    {
      "phase": "discussion",
      "round": 1,
      "from": "claude_4_sonnet_2",
      "content": "I appreciate your openness about Item_2 and Item_4. I'm actually most focused on Item_0, Item_1, and Item_5 for my core objectives, so there might be good potential for a mutually beneficial trade here. Would you be willing to discuss what you'd offer in exchange for those two items you mentioned?",
      "timestamp": 1755569434.872912,
      "speaker_order": 2,
      "total_speakers": 2
    }
  ],
  "all_proposals": [],
  "all_votes": [],
  "round_summaries": [],
  "timestamp": "2025-08-18T19:11:04.839386",
  "duration_seconds": 36.92208003997803,
  "metrics": {
    "mean_utility": 16.583085948887167,
    "max_utility": 28.59298521377292,
    "min_utility": 4.573186684001411,
    "utility_spread": 24.01979852977151
  }
}