{
  "type": "vector",
  "agent_preferences": {
    "agent_0": [
      3.745401188473625,
      9.50714306409916,
      7.319939418114051,
      5.986584841970366,
      1.5601864044243652
    ],
    "agent_1": [
      1.3364524251583305,
      0.0,
      9.299891992157178,
      6.327589486509738,
      8.219175418705486
    ],
    "agent_2": [
      0.0,
      9.051300311435947,
      8.892948721187297,
      0.0,
      1.9941982224273227
    ]
  },
  "cosine_similarities": {
    "agent_0_vs_agent_1": 0.6313337800230204,
    "agent_0_vs_agent_2": 0.857235398557013,
    "agent_1_vs_agent_2": 0.5512410194911287
  },
  "config": {
    "preference_type": "vector",
    "m_items": 5,
    "n_agents": 3,
    "min_value": 0.0,
    "max_value": 10.0,
    "random_seed": 42,
    "known_to_all": false,
    "target_cosine_similarity": 0.6,
    "cooperation_factor": 0.5
  }
}