{
  "run_index": 8,
  "experiment_config": {
    "num_agents": 2,
    "num_items": 6,
    "max_rounds": 10,
    "competition_level": 0.95,
    "discount_factor": 0.9
  },
  "agents": [
    "claude_3_5_sonnet_1",
    "llama_3_1_405b_2"
  ],
  "agent_models": {
    "claude_3_5_sonnet_1": "anthropic/claude-sonnet-4",
    "llama_3_1_405b_2": "meta-llama/llama-3.1-405b-instruct"
  },
  "initial_preferences_matrix": [
    [
      5.733775319455965,
      9.973966166975675,
      0.2843694255798135,
      5.794100710775813,
      4.414134556399343,
      9.463253884425296
    ],
    [
      7.6619428739211015,
      10.0,
      3.341834504671994,
      5.759752038516118,
      5.597938999057061,
      5.868055230258482
    ]
  ],
  "initial_preferences_by_agent": {
    "claude_3_5_sonnet_1": {
      "item_0": 5.733775319455965,
      "item_1": 9.973966166975675,
      "item_2": 0.2843694255798135,
      "item_3": 5.794100710775813,
      "item_4": 4.414134556399343,
      "item_5": 9.463253884425296
    },
    "llama_3_1_405b_2": {
      "item_0": 7.6619428739211015,
      "item_1": 10.0,
      "item_2": 3.341834504671994,
      "item_3": 5.759752038516118,
      "item_4": 5.597938999057061,
      "item_5": 5.868055230258482
    }
  },
  "preference_cosine_similarities": {
    "agent_0_vs_agent_1": 0.9496920238692229
  },
  "negotiation_outcome": {
    "consensus_reached": true,
    "final_round": 1,
    "final_allocation": {
      "claude_3_5_sonnet_1": [
        0,
        1,
        2
      ],
      "llama_3_1_405b_2": [
        3,
        4,
        5
      ]
    },
    "final_utilities": {
      "claude_3_5_sonnet_1": 6.308985166072146,
      "llama_3_1_405b_2": 12.798153431776209
    },
    "utility_realized": null
  },
  "complete_conversation_log": [
    {
      "phase": "discussion",
      "round": 1,
      "from": "claude_3_5_sonnet_1",
      "content": "I'm particularly interested in Items 2, 4, and 5, as they align well with my priorities and would provide significant value to me. I'd be open to trading away Items 0, 1, and 3 if we can find a mutually beneficial arrangement. What items are you most drawn to, and do you see potential for us to each focus on different subsets?",
      "timestamp": 1755497440.1803038,
      "speaker_order": 1,
      "total_speakers": 2
    },
    {
      "phase": "discussion",
      "round": 1,
      "from": "llama_3_1_405b_2",
      "content": "I'm particularly interested in Item_2 and Item_5, as I believe they hold the greatest value. I'd be open to negotiating a deal that involves trading Item_1 or Item_3 for one of these two items. Perhaps a bundle deal involving Item_0 and Item_4 could also be a viable option.",
      "timestamp": 1755497442.400595,
      "speaker_order": 2,
      "total_speakers": 2
    }
  ],
  "all_proposals": [],
  "all_votes": [],
  "round_summaries": [],
  "timestamp": "2025-08-17T23:11:03.046398",
  "duration_seconds": 26.50089693069458,
  "metrics": {
    "mean_utility": 9.553569298924177,
    "max_utility": 12.798153431776209,
    "min_utility": 6.308985166072146,
    "utility_spread": 6.489168265704063
  }
}