{
  "run_index": 9,
  "experiment_config": {
    "num_agents": 2,
    "num_items": 6,
    "max_rounds": 10,
    "competition_level": 0.95,
    "discount_factor": 0.9
  },
  "agents": [
    "claude_3_5_sonnet_1",
    "llama_3_1_405b_2"
  ],
  "agent_models": {
    "claude_3_5_sonnet_1": "anthropic/claude-sonnet-4",
    "llama_3_1_405b_2": "meta-llama/llama-3.1-405b-instruct"
  },
  "initial_preferences_matrix": [
    [
      5.10686946216743,
      3.7700006071660095,
      7.820565978387059,
      6.31089395880103,
      1.7088850466770888,
      1.931224734890229
    ],
    [
      3.9361482667887997,
      3.2062371014568503,
      7.339382842241028,
      5.61539879323595,
      3.4127352712399968,
      5.011222053558295
    ]
  ],
  "initial_preferences_by_agent": {
    "claude_3_5_sonnet_1": {
      "item_0": 5.10686946216743,
      "item_1": 3.7700006071660095,
      "item_2": 7.820565978387059,
      "item_3": 6.31089395880103,
      "item_4": 1.7088850466770888,
      "item_5": 1.931224734890229
    },
    "llama_3_1_405b_2": {
      "item_0": 3.9361482667887997,
      "item_1": 3.2062371014568503,
      "item_2": 7.339382842241028,
      "item_3": 5.61539879323595,
      "item_4": 3.4127352712399968,
      "item_5": 5.011222053558295
    }
  },
  "preference_cosine_similarities": {
    "agent_0_vs_agent_1": 0.9500000000000001
  },
  "negotiation_outcome": {
    "consensus_reached": true,
    "final_round": 1,
    "final_allocation": {
      "claude_3_5_sonnet_1": [
        0,
        1,
        2
      ],
      "llama_3_1_405b_2": [
        3,
        4,
        5
      ]
    },
    "final_utilities": {
      "claude_3_5_sonnet_1": 8.29175294448186,
      "llama_3_1_405b_2": 14.572284450558474
    },
    "utility_realized": null
  },
  "complete_conversation_log": [
    {
      "phase": "discussion",
      "round": 1,
      "from": "claude_3_5_sonnet_1",
      "content": "I'm particularly interested in Items 2, 4, and 5, as they align well with my current priorities and would provide significant value to me. I'd be open to discussing a split where I focus on these items while you take Items 0, 1, and 3 - though I'm flexible and curious to hear what items are most important to you. What are your key preferences, and do you see any potential for a mutually beneficial arrangement?",
      "timestamp": 1755497467.2853792,
      "speaker_order": 1,
      "total_speakers": 2
    },
    {
      "phase": "discussion",
      "round": 1,
      "from": "llama_3_1_405b_2",
      "content": "I am most interested in Item_2 and Item_4. I would be open to trading Item_1 or Item_3 in exchange for one of my preferred items. Let me know if any of those options appeal to you.",
      "timestamp": 1755497469.320104,
      "speaker_order": 2,
      "total_speakers": 2
    }
  ],
  "all_proposals": [],
  "all_votes": [],
  "round_summaries": [],
  "timestamp": "2025-08-17T23:11:29.867345",
  "duration_seconds": 26.819360733032227,
  "metrics": {
    "mean_utility": 11.432018697520167,
    "max_utility": 14.572284450558474,
    "min_utility": 8.29175294448186,
    "utility_spread": 6.280531506076613
  }
}