{
  "run_index": 3,
  "experiment_config": {
    "num_agents": 2,
    "num_items": 6,
    "max_rounds": 10,
    "competition_level": 0.95,
    "discount_factor": 0.9
  },
  "agents": [
    "claude_3_5_sonnet_1",
    "llama_3_1_405b_2"
  ],
  "agent_models": {
    "claude_3_5_sonnet_1": "anthropic/claude-sonnet-4",
    "llama_3_1_405b_2": "meta-llama/llama-3.1-405b-instruct"
  },
  "initial_preferences_matrix": [
    [
      4.423501573335848,
      7.106073233326635,
      8.802667392158185,
      0.6924886259145102,
      9.975977159730556,
      4.032446111033589
    ],
    [
      2.6964073103707826,
      4.725919179101499,
      8.520692357274774,
      0.8645876429792246,
      9.65974588527465,
      8.218610194669996
    ]
  ],
  "initial_preferences_by_agent": {
    "claude_3_5_sonnet_1": {
      "item_0": 4.423501573335848,
      "item_1": 7.106073233326635,
      "item_2": 8.802667392158185,
      "item_3": 0.6924886259145102,
      "item_4": 9.975977159730556,
      "item_5": 4.032446111033589
    },
    "llama_3_1_405b_2": {
      "item_0": 2.6964073103707826,
      "item_1": 4.725919179101499,
      "item_2": 8.520692357274774,
      "item_3": 0.8645876429792246,
      "item_4": 9.65974588527465,
      "item_5": 8.218610194669996
    }
  },
  "preference_cosine_similarities": {
    "agent_0_vs_agent_1": 0.9499999999999998
  },
  "negotiation_outcome": {
    "consensus_reached": true,
    "final_round": 1,
    "final_allocation": {
      "claude_3_5_sonnet_1": [
        0,
        1,
        2,
        3
      ],
      "llama_3_1_405b_2": [
        4,
        5
      ]
    },
    "final_utilities": {
      "claude_3_5_sonnet_1": 15.469665634572443,
      "llama_3_1_405b_2": 14.386499744991784
    },
    "utility_realized": null
  },
  "complete_conversation_log": [
    {
      "phase": "discussion",
      "round": 1,
      "from": "claude_3_5_sonnet_1",
      "content": "I'm particularly interested in Items 2, 4, and 5, as they align well with my strategic objectives. I'd be open to trading away Items 0 and 1, which have less value to me, in exchange for securing my priority items. Perhaps we could explore a deal where I focus on the higher-numbered items while you take the lower-numbered ones?",
      "timestamp": 1755496948.139646,
      "speaker_order": 1,
      "total_speakers": 2
    },
    {
      "phase": "discussion",
      "round": 1,
      "from": "llama_3_1_405b_2",
      "content": "I'm particularly interested in acquiring Item_2 and Item_5, as they hold significant value to me. I'd be open to negotiating a trade involving Item_1 or Item_3 in exchange for one of these items. Perhaps a bundle deal could be discussed, where I receive Item_2 and you get Item_1 and Item_4.",
      "timestamp": 1755496951.1667788,
      "speaker_order": 2,
      "total_speakers": 2
    }
  ],
  "all_proposals": [],
  "all_votes": [],
  "round_summaries": [],
  "timestamp": "2025-08-17T23:02:53.803186",
  "duration_seconds": 29.696161031723022,
  "metrics": {
    "mean_utility": 14.928082689782114,
    "max_utility": 15.469665634572443,
    "min_utility": 14.386499744991784,
    "utility_spread": 1.083165889580659
  }
}