{
  "run_index": 7,
  "experiment_config": {
    "num_agents": 2,
    "num_items": 6,
    "max_rounds": 10,
    "competition_level": 0.95,
    "discount_factor": 0.9
  },
  "agents": [
    "claude_4_sonnet_1",
    "claude_4_sonnet_2"
  ],
  "agent_models": {
    "claude_4_sonnet_1": "anthropic/claude-sonnet-4",
    "claude_4_sonnet_2": "anthropic/claude-sonnet-4"
  },
  "initial_preferences_matrix": [
    [
      3.9778604752192037,
      8.278930769889543,
      9.087557741584844,
      7.558154729386478,
      3.8209851531729964,
      4.653785054635197
    ],
    [
      7.530052525525556,
      9.360726292251831,
      8.580731503251588,
      5.730761034411415,
      2.072527910843879,
      2.2891669417404312
    ]
  ],
  "initial_preferences_by_agent": {
    "claude_4_sonnet_1": {
      "item_0": 3.9778604752192037,
      "item_1": 8.278930769889543,
      "item_2": 9.087557741584844,
      "item_3": 7.558154729386478,
      "item_4": 3.8209851531729964,
      "item_5": 4.653785054635197
    },
    "claude_4_sonnet_2": {
      "item_0": 7.530052525525556,
      "item_1": 9.360726292251831,
      "item_2": 8.580731503251588,
      "item_3": 5.730761034411415,
      "item_4": 2.072527910843879,
      "item_5": 2.2891669417404312
    }
  },
  "preference_cosine_similarities": {
    "agent_0_vs_agent_1": 0.9500000000000002
  },
  "negotiation_outcome": {
    "consensus_reached": true,
    "final_round": 1,
    "final_allocation": {
      "claude_4_sonnet_1": [
        0,
        1,
        2
      ],
      "claude_4_sonnet_2": [
        3,
        4,
        5
      ]
    },
    "final_utilities": {
      "claude_4_sonnet_1": 18.4847532559073,
      "claude_4_sonnet_2": 13.056042961122193
    },
    "utility_realized": null
  },
  "complete_conversation_log": [
    {
      "phase": "discussion",
      "round": 1,
      "from": "claude_4_sonnet_1",
      "content": "I'm particularly interested in Items 1, 3, and 5, as they align well with my priorities for this negotiation. I'd be open to exploring a deal where I focus on those items while potentially trading away Items 0, 2, and 4 if you have strong preferences for them. What items are you most drawn to, and do you see any potential for a mutually beneficial arrangement?",
      "timestamp": 1755507143.279129,
      "speaker_order": 1,
      "total_speakers": 2
    },
    {
      "phase": "discussion",
      "round": 1,
      "from": "claude_4_sonnet_2",
      "content": "I'm particularly interested in Items 2, 4, and 5, as they align well with my priorities. I'd be open to discussing a split where I focus on those items while you take Items 0, 1, and 3 - though I'm curious to hear what items you value most before we explore specific arrangements. What are your key interests among these six items?",
      "timestamp": 1755507147.358176,
      "speaker_order": 2,
      "total_speakers": 2
    }
  ],
  "all_proposals": [],
  "all_votes": [],
  "round_summaries": [],
  "timestamp": "2025-08-18T01:52:57.921827",
  "duration_seconds": 38.272749185562134,
  "metrics": {
    "mean_utility": 15.770398108514748,
    "max_utility": 18.4847532559073,
    "min_utility": 13.056042961122193,
    "utility_spread": 5.428710294785107
  }
}