{
  "run_index": 0,
  "experiment_config": {
    "num_agents": 2,
    "num_items": 6,
    "max_rounds": 10,
    "competition_level": 0.95,
    "discount_factor": 0.9
  },
  "agents": [
    "claude_4_sonnet_1",
    "claude_4_sonnet_2"
  ],
  "agent_models": {
    "claude_4_sonnet_1": "anthropic/claude-sonnet-4",
    "claude_4_sonnet_2": "anthropic/claude-sonnet-4"
  },
  "initial_preferences_matrix": [
    [
      2.629871954096169,
      5.927824100248849,
      9.32354677828122,
      8.550954547862071,
      9.296113813176321,
      6.397647496892232
    ],
    [
      2.876081061549548,
      8.2201152827053,
      6.266481561979696,
      8.757268234113841,
      6.59321058072726,
      9.704596714991242
    ]
  ],
  "initial_preferences_by_agent": {
    "claude_4_sonnet_1": {
      "item_0": 2.629871954096169,
      "item_1": 5.927824100248849,
      "item_2": 9.32354677828122,
      "item_3": 8.550954547862071,
      "item_4": 9.296113813176321,
      "item_5": 6.397647496892232
    },
    "claude_4_sonnet_2": {
      "item_0": 2.876081061549548,
      "item_1": 8.2201152827053,
      "item_2": 6.266481561979696,
      "item_3": 8.757268234113841,
      "item_4": 6.59321058072726,
      "item_5": 9.704596714991242
    }
  },
  "preference_cosine_similarities": {
    "agent_0_vs_agent_1": 0.9500000000000001
  },
  "negotiation_outcome": {
    "consensus_reached": true,
    "final_round": 4,
    "final_allocation": {
      "claude_4_sonnet_1": [
        0,
        1,
        3
      ],
      "claude_4_sonnet_2": [
        2,
        4,
        5
      ]
    },
    "final_utilities": {
      "claude_4_sonnet_1": 12.246977177291987,
      "claude_4_sonnet_2": 13.826705372905455
    },
    "utility_realized": null
  },
  "complete_conversation_log": [
    {
      "phase": "discussion",
      "round": 1,
      "from": "claude_4_sonnet_1",
      "content": "I'm particularly interested in Items 1, 3, and 5, as they align well with my strategic objectives. I'd be open to trading Items 0, 2, and 4 if you have strong preferences for any of those, as I see potential for mutually beneficial arrangements. What items are you most drawn to, and do you see any natural complementary interests between us?",
      "timestamp": 1755506571.141668,
      "speaker_order": 1,
      "total_speakers": 2
    },
    {
      "phase": "discussion",
      "round": 1,
      "from": "claude_4_sonnet_2",
      "content": "I'm particularly interested in Items 2, 4, and 5 - they align well with my strategic objectives. I'd be open to exploring a deal where I focus on these items while you prioritize others, though I'm curious to hear which items catch your attention first. Perhaps we can find complementary preferences that create value for both of us.",
      "timestamp": 1755506574.9530082,
      "speaker_order": 2,
      "total_speakers": 2
    },
    {
      "phase": "reflection",
      "round": 1,
      "from": "claude_4_sonnet_1",
      "content": "I notice I don't have context about what negotiation just concluded or what positions were taken. Without knowing the specific issues, participants, or outcomes from Round 1, I cannot meaningfully assess which strategies worked or recommend different approaches.\n\nCould you provide details about the negotiation topic, key positions, and what happened in Round 1 so I can offer strategic analysis?",
      "timestamp": 1755506607.340394
    },
    {
      "phase": "reflection",
      "round": 1,
      "from": "claude_4_sonnet_2",
      "content": "I notice this appears to be mid-negotiation, but I don't have context about what we're negotiating, what positions have been taken, or what specific strategies have been employed so far. Without knowing the subject matter, stakeholders, or previous exchanges, I can't meaningfully assess what's working or suggest different approaches.\n\nCould you provide more context about:\n- What we're negotiating\n- Who the parties are\n- What positions/offers have been made\n- What the key issues or sticking points seem to be\n\nThis would allow me to give you a substantive strategic reflection rather than generic advice.",
      "timestamp": 1755506611.920913
    },
    {
      "phase": "discussion",
      "round": 2,
      "from": "claude_4_sonnet_1",
      "content": "I'm particularly interested in Items 2, 4, and 5, as they align well with my strategic objectives. I'd be willing to consider trading Items 0 and 1, which seem less critical to my needs, if we can find a mutually beneficial arrangement. What items are you most drawn to, and would you be open to a trade that gives us each our top priorities?",
      "timestamp": 1755506616.276187,
      "speaker_order": 1,
      "total_speakers": 2
    },
    {
      "phase": "discussion",
      "round": 2,
      "from": "claude_4_sonnet_2",
      "content": "I'm particularly interested in Items 2, 4, and 5 - they align well with my current priorities and would provide significant value to me. I'd be willing to consider a split where I focus on those items while you take Items 0, 1, and 3, though I'm open to discussing alternative arrangements if you have strong preferences for any of the items I mentioned.",
      "timestamp": 1755506620.713116,
      "speaker_order": 2,
      "total_speakers": 2
    },
    {
      "phase": "reflection",
      "round": 2,
      "from": "claude_4_sonnet_1",
      "content": "My collaborative approach and detailed explanations seem to be building understanding, but I need to be more assertive about the value I'm providing while remaining open to compromise. I should focus on finding a middle ground that acknowledges both parties' core needs rather than just explaining my position.",
      "timestamp": 1755506657.295033
    },
    {
      "phase": "reflection",
      "round": 2,
      "from": "claude_4_sonnet_2",
      "content": "My analytical approach and willingness to explore creative solutions seem to be building trust, but I may need to be more assertive about my core interests while remaining collaborative. I should focus on identifying the underlying needs behind positions and propose more concrete trade-offs that create mutual value.",
      "timestamp": 1755506660.9534771
    },
    {
      "phase": "discussion",
      "round": 3,
      "from": "claude_4_sonnet_1",
      "content": "I'm particularly interested in Items 2, 4, and 5, as they align well with my strategic priorities. I'd be open to a deal where I focus on these three items while you take Items 0, 1, and 3 - this could create a mutually beneficial split that maximizes value for both of us. What are your thoughts on this potential arrangement, and which items are most important to you?",
      "timestamp": 1755506664.8856971,
      "speaker_order": 1,
      "total_speakers": 2
    },
    {
      "phase": "discussion",
      "round": 3,
      "from": "claude_4_sonnet_2",
      "content": "I'm particularly interested in Items 2, 4, and 5 - they align well with my priorities for this negotiation. I'd be willing to consider a deal where I take those three items while you get Items 0, 1, and 3, which seems like it could work well for both of us. What are your thoughts on that split, and which items are most valuable to you?",
      "timestamp": 1755506668.928852,
      "speaker_order": 2,
      "total_speakers": 2
    },
    {
      "phase": "reflection",
      "round": 3,
      "from": "claude_4_sonnet_1",
      "content": "My balanced approach of proposing 50-50 splits while emphasizing fairness and mutual benefit appears reasonable, but may be perceived as inflexible. I should consider showing more adaptability by exploring creative alternatives or making strategic concessions to demonstrate good faith and break the deadlock.",
      "timestamp": 1755506707.641758
    },
    {
      "phase": "reflection",
      "round": 3,
      "from": "claude_4_sonnet_2",