{
  "run_index": 8,
  "experiment_config": {
    "num_agents": 2,
    "num_items": 6,
    "max_rounds": 10,
    "competition_level": 0.95,
    "discount_factor": 0.9
  },
  "agents": [
    "claude_4_sonnet_1",
    "qwen_3_235b_a22b_2507_2"
  ],
  "agent_models": {
    "claude_4_sonnet_1": "anthropic/claude-sonnet-4",
    "qwen_3_235b_a22b_2507_2": "qwen/qwen3-235b-a22b-2507"
  },
  "initial_preferences_matrix": [
    [
      3.3669443568671085,
      6.353220467537138,
      2.2375739636164593,
      0.28637606589311915,
      1.0640923495628785,
      3.32404767360838
    ],
    [
      3.107472805260312,
      4.875089331308668,
      2.9995679280723744,
      0.4258829327251865,
      2.8314314774126266,
      4.283851900743099
    ]
  ],
  "initial_preferences_by_agent": {
    "claude_4_sonnet_1": {
      "item_0": 3.3669443568671085,
      "item_1": 6.353220467537138,
      "item_2": 2.2375739636164593,
      "item_3": 0.28637606589311915,
      "item_4": 1.0640923495628785,
      "item_5": 3.32404767360838
    },
    "qwen_3_235b_a22b_2507_2": {
      "item_0": 3.107472805260312,
      "item_1": 4.875089331308668,
      "item_2": 2.9995679280723744,
      "item_3": 0.4258829327251865,
      "item_4": 2.8314314774126266,
      "item_5": 4.283851900743099
    }
  },
  "preference_cosine_similarities": {
    "agent_0_vs_agent_1": 0.95
  },
  "negotiation_outcome": {
    "consensus_reached": true,
    "final_round": 1,
    "final_allocation": {
      "claude_4_sonnet_1": [
        0,
        1,
        2
      ],
      "qwen_3_235b_a22b_2507_2": [
        3,
        4,
        5
      ]
    },
    "final_utilities": {
      "claude_4_sonnet_1": 14.775172417182501,
      "qwen_3_235b_a22b_2507_2": 6.036766124270903
    },
    "utility_realized": null
  },
  "complete_conversation_log": [
    {
      "phase": "discussion",
      "round": 1,
      "from": "claude_4_sonnet_1",
      "content": "I'm particularly interested in Items 2, 4, and 5, as they align well with my strategic objectives. I'd be open to trading Items 0 and 1, which have less value to me, in exchange for securing my priority items. Perhaps we could explore a deal where I focus on the higher-numbered items while you take the lower-numbered ones?",
      "timestamp": 1755503988.304597,
      "speaker_order": 1,
      "total_speakers": 2
    },
    {
      "phase": "discussion",
      "round": 1,
      "from": "qwen_3_235b_a22b_2507_2",
      "content": "I'm particularly interested in Item_0 and Item_3\u2014they're high priority for me. That said, I'm open to creative deals; perhaps I could trade one of them for Item_1 or Item_5 if bundled thoughtfully.",
      "timestamp": 1755503990.1465778,
      "speaker_order": 2,
      "total_speakers": 2
    }
  ],
  "all_proposals": [],
  "all_votes": [],
  "round_summaries": [],
  "timestamp": "2025-08-18T01:00:21.237999",
  "duration_seconds": 36.8393280506134,
  "metrics": {
    "mean_utility": 10.405969270726702,
    "max_utility": 14.775172417182501,
    "min_utility": 6.036766124270903,
    "utility_spread": 8.738406292911598
  }
}