{
  "run_index": 2,
  "experiment_config": {
    "num_agents": 2,
    "num_items": 6,
    "max_rounds": 10,
    "competition_level": 0.95,
    "discount_factor": 0.9
  },
  "agents": [
    "claude_4_sonnet_1",
    "qwen_3_235b_a22b_2507_2"
  ],
  "agent_models": {
    "claude_4_sonnet_1": "anthropic/claude-sonnet-4",
    "qwen_3_235b_a22b_2507_2": "qwen/qwen3-235b-a22b-2507"
  },
  "initial_preferences_matrix": [
    [
      3.2587855864964546,
      0.7957901828405334,
      8.915059691017927,
      0.19538734832608928,
      3.1070428695245775,
      9.841607900390956
    ],
    [
      4.5274794903166775,
      3.953102395449073,
      6.16839249843252,
      0.29395709501289796,
      3.377083343736528,
      10.0
    ]
  ],
  "initial_preferences_by_agent": {
    "claude_4_sonnet_1": {
      "item_0": 3.2587855864964546,
      "item_1": 0.7957901828405334,
      "item_2": 8.915059691017927,
      "item_3": 0.19538734832608928,
      "item_4": 3.1070428695245775,
      "item_5": 9.841607900390956
    },
    "qwen_3_235b_a22b_2507_2": {
      "item_0": 4.5274794903166775,
      "item_1": 3.953102395449073,
      "item_2": 6.16839249843252,
      "item_3": 0.29395709501289796,
      "item_4": 3.377083343736528,
      "item_5": 10.0
    }
  },
  "preference_cosine_similarities": {
    "agent_0_vs_agent_1": 0.9502208948903118
  },
  "negotiation_outcome": {
    "consensus_reached": true,
    "final_round": 1,
    "final_allocation": {
      "claude_4_sonnet_1": [
        0,
        1,
        2
      ],
      "qwen_3_235b_a22b_2507_2": [
        3,
        4,
        5
      ]
    },
    "final_utilities": {
      "claude_4_sonnet_1": 19.982499778117173,
      "qwen_3_235b_a22b_2507_2": 18.721101047955198
    },
    "utility_realized": null
  },
  "complete_conversation_log": [
    {
      "phase": "discussion",
      "round": 1,
      "from": "claude_4_sonnet_1",
      "content": "I'm particularly interested in Items 2, 4, and 5, as they align well with my strategic objectives. I'd be open to trading Items 0, 1, and 3 if we can find mutually beneficial arrangements. What items are you most drawn to, and do you see potential for us to create value through complementary preferences?",
      "timestamp": 1755502765.676905,
      "speaker_order": 1,
      "total_speakers": 2
    },
    {
      "phase": "discussion",
      "round": 1,
      "from": "qwen_3_235b_a22b_2507_2",
      "content": "I'm particularly interested in Item_0 and Item_3\u2014they're high priority for me. I'm open to deals where I could trade Item_1 or Item_2 in exchange for one of those, depending on what the other party values.",
      "timestamp": 1755502766.94804,
      "speaker_order": 2,
      "total_speakers": 2
    }
  ],
  "all_proposals": [],
  "all_votes": [],
  "round_summaries": [],
  "timestamp": "2025-08-18T00:39:49.804888",
  "duration_seconds": 27.946283102035522,
  "metrics": {
    "mean_utility": 19.351800413036187,
    "max_utility": 19.982499778117173,
    "min_utility": 18.721101047955198,
    "utility_spread": 1.2613987301619751
  }
}