{
  "run_index": 1,
  "experiment_config": {
    "num_agents": 2,
    "num_items": 6,
    "max_rounds": 10,
    "competition_level": 0.95,
    "discount_factor": 0.9
  },
  "agents": [
    "claude_4_sonnet_1",
    "qwen_3_235b_a22b_2507_2"
  ],
  "agent_models": {
    "claude_4_sonnet_1": "anthropic/claude-sonnet-4",
    "qwen_3_235b_a22b_2507_2": "qwen/qwen3-235b-a22b-2507"
  },
  "initial_preferences_matrix": [
    [
      4.873346470784444,
      1.7875039742501742,
      8.983067183467604,
      4.0227746250768135,
      4.310422230369104,
      0.6533209405338958
    ],
    [
      5.708947114559559,
      4.141284210963596,
      6.544139635712603,
      5.020319686162772,
      4.7395085417861145,
      1.6108474263772259
    ]
  ],
  "initial_preferences_by_agent": {
    "claude_4_sonnet_1": {
      "item_0": 4.873346470784444,
      "item_1": 1.7875039742501742,
      "item_2": 8.983067183467604,
      "item_3": 4.0227746250768135,
      "item_4": 4.310422230369104,
      "item_5": 0.6533209405338958
    },
    "qwen_3_235b_a22b_2507_2": {
      "item_0": 5.708947114559559,
      "item_1": 4.141284210963596,
      "item_2": 6.544139635712603,
      "item_3": 5.020319686162772,
      "item_4": 4.7395085417861145,
      "item_5": 1.6108474263772259
    }
  },
  "preference_cosine_similarities": {
    "agent_0_vs_agent_1": 0.95
  },
  "negotiation_outcome": {
    "consensus_reached": true,
    "final_round": 1,
    "final_allocation": {
      "claude_4_sonnet_1": [
        0,
        1,
        2
      ],
      "qwen_3_235b_a22b_2507_2": [
        3,
        4,
        5
      ]
    },
    "final_utilities": {
      "claude_4_sonnet_1": 14.3523855901936,
      "qwen_3_235b_a22b_2507_2": 16.3742397515815
    },
    "utility_realized": null
  },
  "complete_conversation_log": [
    {
      "phase": "discussion",
      "round": 1,
      "from": "claude_4_sonnet_1",
      "content": "I'm particularly interested in Items 1, 3, and 5, as they align well with my priorities. I'd be open to a deal where I focus on those items while you take Items 0, 2, and 4 - though I'm flexible and willing to discuss alternative arrangements that could work for both of us. What items are you most drawn to?",
      "timestamp": 1755502731.8725781,
      "speaker_order": 1,
      "total_speakers": 2
    },
    {
      "phase": "discussion",
      "round": 1,
      "from": "qwen_3_235b_a22b_2507_2",
      "content": "I'm particularly interested in Item_0 and Item_3, as they align closely with my core objectives. I'm open to creative deals\u2014perhaps a bundle involving Item_0 and Item_2 could be appealing, depending on your priorities.",
      "timestamp": 1755502733.062515,
      "speaker_order": 2,
      "total_speakers": 2
    }
  ],
  "all_proposals": [],
  "all_votes": [],
  "round_summaries": [],
  "timestamp": "2025-08-18T00:39:21.857201",
  "duration_seconds": 33.38764190673828,
  "metrics": {
    "mean_utility": 15.363312670887549,
    "max_utility": 16.3742397515815,
    "min_utility": 14.3523855901936,
    "utility_spread": 2.021854161387898
  }
}