{
  "run_index": 7,
  "experiment_config": {
    "num_agents": 2,
    "num_items": 6,
    "max_rounds": 10,
    "competition_level": 0.95,
    "discount_factor": 0.9
  },
  "agents": [
    "qwen_3_235b_a22b_2507_1",
    "claude_4_sonnet_2"
  ],
  "agent_models": {
    "qwen_3_235b_a22b_2507_1": "qwen/qwen3-235b-a22b-2507",
    "claude_4_sonnet_2": "anthropic/claude-sonnet-4"
  },
  "initial_preferences_matrix": [
    [
      0.8611708649496685,
      4.852152906476174,
      0.060109069997718034,
      6.614547012206952,
      6.608013545360883,
      3.163016692235666
    ],
    [
      3.3212696096948804,
      3.730621990889601,
      1.055478113968634,
      7.244454247828743,
      5.056260543049325,
      4.195363111597087
    ]
  ],
  "initial_preferences_by_agent": {
    "qwen_3_235b_a22b_2507_1": {
      "item_0": 0.8611708649496685,
      "item_1": 4.852152906476174,
      "item_2": 0.060109069997718034,
      "item_3": 6.614547012206952,
      "item_4": 6.608013545360883,
      "item_5": 3.163016692235666
    },
    "claude_4_sonnet_2": {
      "item_0": 3.3212696096948804,
      "item_1": 3.730621990889601,
      "item_2": 1.055478113968634,
      "item_3": 7.244454247828743,
      "item_4": 5.056260543049325,
      "item_5": 4.195363111597087
    }
  },
  "preference_cosine_similarities": {
    "agent_0_vs_agent_1": 0.9499999999999997
  },
  "negotiation_outcome": {
    "consensus_reached": true,
    "final_round": 1,
    "final_allocation": {
      "qwen_3_235b_a22b_2507_1": [
        0,
        2
      ],
      "claude_4_sonnet_2": [
        1,
        4
      ]
    },
    "final_utilities": {
      "qwen_3_235b_a22b_2507_1": 10.781298044806718,
      "claude_4_sonnet_2": 12.738999627992452
    },
    "utility_realized": null
  },
  "complete_conversation_log": [
    {
      "phase": "discussion",
      "round": 1,
      "from": "qwen_3_235b_a22b_2507_1",
      "content": "I\u2019m primarily interested in securing Item_0 and Item_2\u2014these are high priority for me. I\u2019m open to trading away Item_1 or Item_3 in exchange for those, and could potentially bundle one of them if it helps bridge a gap. Let\u2019s explore combinations that maximize value for both of us.",
      "timestamp": 1755567513.316483,
      "speaker_order": 1,
      "total_speakers": 2
    },
    {
      "phase": "discussion",
      "round": 1,
      "from": "claude_4_sonnet_2",
      "content": "I appreciate your directness about Item_0 and Item_2. I'm particularly focused on Item_1 and Item_4, which align well with my core objectives. Perhaps we can explore a trade where you get your high-priority items and I secure mine, leaving us to negotiate the remaining items based on our secondary preferences.",
      "timestamp": 1755567516.90768,
      "speaker_order": 2,
      "total_speakers": 2
    }
  ],
  "all_proposals": [],
  "all_votes": [],
  "round_summaries": [],
  "timestamp": "2025-08-18T18:39:03.928388",
  "duration_seconds": 33.44940114021301,
  "metrics": {
    "mean_utility": 11.760148836399585,
    "max_utility": 12.738999627992452,
    "min_utility": 10.781298044806718,
    "utility_spread": 1.9577015831857345
  }
}