{
  "type": "matrix",
  "agent_preferences": {
    "agent_0": [
      [
        3.745401188473625,
        7.605714451279329,
        5.855951534491241
      ],
      [
        5.986584841970366,
        1.2481491235394921,
        1.2479561626896212
      ],
      [
        0.5808361216819946,
        6.929409166199481,
        4.80892009394567
      ],
      [
        7.080725777960454,
        0.16467595436641957,
        7.759278817295955
      ],
      [
        8.324426408004218,
        1.6987128854262092,
        1.454599737656805
      ]
    ],
    "agent_1": [
      [
        1.8340450985343382,
        2.433937943676302,
        4.198051453057903
      ],
      [
        4.319450186421157,
        2.3298331215843358,
        4.894823157779037
      ],
      [
        1.3949386065204183,
        2.3371571882817452,
        2.9308947463495336
      ],
      [
        4.56069984217036,
        6.28140769114411,
        1.5973902572668779
      ],
      [
        5.142344384136116,
        4.73931655089634,
        0.3716033017599818
      ]
    ],
    "agent_2": [
      [
        6.075448519014383,
        1.3641929894983322,
        0.5204127438822361
      ],
      [
        9.488855372533333,
        7.725056264596475,
        6.467178784931689
      ],
      [
        3.0461376917337066,
        0.781376912051071,
        5.473864212097255
      ],
      [
        4.4015249373960135,
        0.9763058787582306,
        3.9614152808901615
      ],
      [
        0.34388521115218396,
        7.274563216630257,
        2.0702398528001353
      ]
    ]
  },
  "config": {
    "preference_type": "matrix",
    "m_items": 5,
    "n_agents": 3,
    "min_value": 0.0,
    "max_value": 10.0,
    "random_seed": 42,
    "known_to_all": true,
    "target_cosine_similarity": null,
    "cooperation_factor": 0.8
  }
}