{
  "type": "vector",
  "agent_preferences": {
    "agent_0": [
      3.745401188473625,
      9.50714306409916,
      7.319939418114051,
      5.986584841970366,
      1.5601864044243652
    ],
    "agent_1": [
      2.8746068063726145,
      5.103190384292646,
      9.262090934029754,
      6.878472873030533,
      5.372435029905389
    ],
    "agent_2": [
      0.0,
      10.0,
      9.040362859790802,
      1.6611100040397722,
      1.9806792143526801
    ]
  },
  "cosine_similarities": {
    "agent_0_vs_agent_1": 0.9,
    "agent_0_vs_agent_2": 0.90629961419746,
    "agent_1_vs_agent_2": 0.8155588244086267
  },
  "config": {
    "preference_type": "vector",
    "m_items": 5,
    "n_agents": 3,
    "min_value": 0.0,
    "max_value": 10.0,
    "random_seed": 42,
    "known_to_all": false,
    "target_cosine_similarity": 0.9,
    "cooperation_factor": 0.5
  }
}