{
  "run_index": 3,
  "experiment_config": {
    "num_agents": 2,
    "num_items": 6,
    "max_rounds": 10,
    "competition_level": 0.95,
    "discount_factor": 0.9
  },
  "agents": [
    "gemini_pro_1",
    "qwen_3_235b_a22b_2507_2"
  ],
  "agent_models": {
    "gemini_pro_1": "google/gemini-2.5-pro",
    "qwen_3_235b_a22b_2507_2": "qwen/qwen3-235b-a22b-2507"
  },
  "initial_preferences_matrix": [
    [
      9.744923257966981,
      0.2614899103898971,
      5.404219142667249,
      0.06360176755072167,
      3.1170233952882875,
      9.48689475871648
    ],
    [
      8.028811486088774,
      2.002180607385084,
      8.188852565087828,
      0.24854004857058307,
      5.42923508403277,
      7.674133818452978
    ]
  ],
  "initial_preferences_by_agent": {
    "gemini_pro_1": {
      "item_0": 9.744923257966981,
      "item_1": 0.2614899103898971,
      "item_2": 5.404219142667249,
      "item_3": 0.06360176755072167,
      "item_4": 3.1170233952882875,
      "item_5": 9.48689475871648
    },
    "qwen_3_235b_a22b_2507_2": {
      "item_0": 8.028811486088774,
      "item_1": 2.002180607385084,
      "item_2": 8.188852565087828,
      "item_3": 0.24854004857058307,
      "item_4": 5.42923508403277,
      "item_5": 7.674133818452978
    }
  },
  "preference_cosine_similarities": {
    "agent_0_vs_agent_1": 0.9500000000000001
  },
  "negotiation_outcome": {
    "consensus_reached": true,
    "final_round": 10,
    "final_allocation": {
      "gemini_pro_1": [
        0,
        1,
        2
      ],
      "qwen_3_235b_a22b_2507_2": [
        3,
        4,
        5
      ]
    },
    "final_utilities": {
      "gemini_pro_1": 3.440396634535266,
      "qwen_3_235b_a22b_2507_2": 4.942981595904815
    },
    "utility_realized": null
  },
  "complete_conversation_log": [
    {
      "phase": "discussion",
      "round": 1,
      "from": "gemini_pro_1",
      "content": "To start, I'm looking at the whole set to see what's possible. Item_1 and Item_4 seem particularly valuable, and I'd prioritize getting at least one of them. I'm not very interested in Item_3, so I'm open to any deal that sends that your way.",
      "timestamp": 1755508847.755188,
      "speaker_order": 1,
      "total_speakers": 2
    },
    {
      "phase": "discussion",
      "round": 1,
      "from": "qwen_3_235b_a22b_2507_2",
      "content": "I'm most interested in Item_0 and Item_3\u2014they're my top priorities. I\u2019d be open to trading Item_1 or Item_5 if it means securing one of those, depending on what you're looking for.",
      "timestamp": 1755508848.837749,
      "speaker_order": 2,
      "total_speakers": 2
    },
    {
      "phase": "reflection",
      "round": 1,
      "from": "gemini_pro_1",
      "content": "My analysis of our initial positions successfully identified the key points of contention, but a purely distributive approach has reached an impasse. I will now pivot to framing integrative proposals that focus on uncovering shared interests and expanding the overall value for both parties.",
      "timestamp": 1755508885.074386
    },
    {
      "phase": "reflection",
      "round": 1,
      "from": "qwen_3_235b_a22b_2507_2",
      "content": "The collaborative framing and active listening have helped build rapport, but clearer anchoring on shared interests could strengthen alignment. I should introduce more explicit trade-off proposals to unlock value and advance toward agreement.",
      "timestamp": 1755508886.236442
    },
    {
      "phase": "discussion",
      "round": 2,
      "from": "gemini_pro_1",
      "content": "I've got my eye on Item_1 and Item_3, as they seem to have the most potential for me. I'm open to discussing a package deal that allows us both to walk away with some key pieces. What items are you leaning towards?",
      "timestamp": 1755508904.7608378,
      "speaker_order": 1,
      "total_speakers": 2
    },
    {
      "phase": "discussion",
      "round": 2,
      "from": "qwen_3_235b_a22b_2507_2",
      "content": "I'm particularly interested in Item_0 and Item_3\u2014they're high priority for me. That said, I could see a deal where I take those in exchange for Item_5, or possibly bundle Item_1 with something less critical to balance things out. I'm open to creative combinations that respect both parties' core needs.",
      "timestamp": 1755508907.27551,
      "speaker_order": 2,
      "total_speakers": 2
    },
    {
      "phase": "reflection",
      "round": 2,
      "from": "gemini_pro_1",
      "content": "My firm, principled stance has successfully established our position and priorities, but to break the current impasse, I must now pivot to exploring their underlying interests to identify creative, mutually beneficial trade-offs.",
      "timestamp": 1755508962.403678
    },
    {
      "phase": "reflection",
      "round": 2,
      "from": "qwen_3_235b_a22b_2507_2",
      "content": "The collaborative framing and active listening have helped maintain constructive dialogue, but progress is limited by rigid positional bargaining. I should shift toward integrative strategies\u2014focusing on underlying interests and generating creative options\u2014to unlock new pathways to consensus.",
      "timestamp": 1755508964.457351
    },
    {
      "phase": "discussion",
      "round": 3,
      "from": "gemini_pro_1",
      "content": "My interests are primarily focused on Item_2 and Item_5, as they are both critical pieces for me. I'm not particularly attached to Item_1 or Item_3, so a deal centered around those could be a good starting point for us. What are your thoughts on that?",
      "timestamp": 1755508983.535018,
      "speaker_order": 1,
      "total_speakers": 2
    },
    {
      "phase": "discussion",
      "round": 3,
      "from": "qwen_3_235b_a22b_2507_2",
      "content": "I'm particularly interested in Item_0 and Item_3\u2014they're high priority for me. That said, I could be flexible on Item_1 if we can find a balanced exchange that includes one of my top picks.",
      "timestamp": 1755508985.06974,
      "speaker_order": 2,
      "total_speakers": 2
    },
    {
      "phase": "reflection",
      "round": 3,
      "from": "gemini_pro_1",
      "content": "My positional clarity has successfully established our core needs, but it has led to an impasse. I must now shift from defending my stance to proposing novel, integrative solutions that expand the potential for mutual gain.",
      "timestamp": 1755509030.250178
    },
    {
      "phase": "reflection",
      "round": 3,
      "from": "qwen_3_235b_a22b_2507_2",
      "content": "The collaborative framing and active listening are building trust, but progress is slow due to divergent priorities. I should shift toward integrative tactics\u2014identifying mutual gains through trade-offs and proposing a structured package deal to break the deadlock.",
      "timestamp": 1755509032.087136
    },
    {
      "phase": "discussion",
      "round": 4,
      "from": "gemini_pro_1",
      "content": "My interests are primarily focused on Item_2 and Item_4 at this stage. I believe they hold the most value, but I'm willing to be flexible depending on what items you are prioritizing.",
      "timestamp": 1755509046.221447,
      "speaker_order": 1,
      "total_speakers": 2
    },
    {
      "phase": "discussion",
      "round": 4,
      "from": "qwen_3_235b_a22b_2507_2",
      "content": "I'm particularly interested in Item_0 and Item_3\u2014they're high priority for me. I'd be open to trading Item_5 for either Item_1 or Item_4, depending on what you're willing to offer. Maybe we can find a\u4e92\u8865 deal where both of us walk away satisfied.",
      "timestamp": 1755509047.5539572,
      "speaker_order": 2,
      "total_speakers": 2
    },
    {
      "phase": "reflection",
      "round": 4,
      "from": "gemini_pro_1",