{
  "run_index": 8,
  "experiment_config": {
    "num_agents": 2,
    "num_items": 6,
    "max_rounds": 10,
    "competition_level": 0.95,
    "discount_factor": 0.9
  },
  "agents": [
    "gemini_pro_1",
    "qwen_3_235b_a22b_2507_2"
  ],
  "agent_models": {
    "gemini_pro_1": "google/gemini-2.5-pro",
    "qwen_3_235b_a22b_2507_2": "qwen/qwen3-235b-a22b-2507"
  },
  "initial_preferences_matrix": [
    [
      1.786934899246485,
      9.400415549704869,
      9.469314364877674,
      0.7706766180145974,
      2.121401919975453,
      5.247571993478424
    ],
    [
      3.8595063880401725,
      10.0,
      6.751065459437723,
      2.6256538146039623,
      3.521115818934521,
      3.840855693494678
    ]
  ],
  "initial_preferences_by_agent": {
    "gemini_pro_1": {
      "item_0": 1.786934899246485,
      "item_1": 9.400415549704869,
      "item_2": 9.469314364877674,
      "item_3": 0.7706766180145974,
      "item_4": 2.121401919975453,
      "item_5": 5.247571993478424
    },
    "qwen_3_235b_a22b_2507_2": {
      "item_0": 3.8595063880401725,
      "item_1": 10.0,
      "item_2": 6.751065459437723,
      "item_3": 2.6256538146039623,
      "item_4": 3.521115818934521,
      "item_5": 3.840855693494678
    }
  },
  "preference_cosine_similarities": {
    "agent_0_vs_agent_1": 0.9535089814924456
  },
  "negotiation_outcome": {
    "consensus_reached": false,
    "final_round": 10,
    "final_allocation": null,
    "final_utilities": null,
    "utility_realized": null
  },
  "complete_conversation_log": [
    {
      "phase": "discussion",
      "round": 1,
      "from": "gemini_pro_1",
      "content": "Hello there. I'm interested in working toward a deal that benefits us both. For my part, I have a particular interest in Item_2 and Item_5. I'm curious to learn what you're hoping to get out of this negotiation.",
      "timestamp": 1755512947.7620249,
      "speaker_order": 1,
      "total_speakers": 2
    },
    {
      "phase": "discussion",
      "round": 1,
      "from": "qwen_3_235b_a22b_2507_2",
      "content": "I'm particularly interested in Item_0 and Item_3\u2014they're high priority for me. A deal where I get Item_0 and one of Item_2 or Item_4 could work well, especially if it aligns with your priorities. Let\u2019s explore combinations that create mutual value.",
      "timestamp": 1755512949.17932,
      "speaker_order": 2,
      "total_speakers": 2
    },
    {
      "phase": "reflection",
      "round": 1,
      "from": "gemini_pro_1",
      "content": "Establishing our initial positions has successfully framed the negotiation, but to break the impasse, I must now pivot from defending my stance to probing the underlying interests of their position to uncover creative trade-offs.",
      "timestamp": 1755513015.1062999
    },
    {
      "phase": "reflection",
      "round": 1,
      "from": "qwen_3_235b_a22b_2507_2",
      "content": "The collaborative framing and active listening have built trust, but we need to shift toward more integrative solutions by identifying shared interests beneath positional demands. I should introduce objective criteria earlier to anchor trade-offs and prevent deadlock.",
      "timestamp": 1755513015.890955
    },
    {
      "phase": "discussion",
      "round": 2,
      "from": "gemini_pro_1",
      "content": "My main interests are in Item_1 and Item_2, as they appear to have the most utility. I believe a fair starting point would be a deal where I take those two items, and you can select any two of your choice from the remaining four. This would leave two items for a later round and seems like a good way to ensure we both get items we value.",
      "timestamp": 1755513036.1429608,
      "speaker_order": 1,
      "total_speakers": 2
    },
    {
      "phase": "discussion",
      "round": 2,
      "from": "qwen_3_235b_a22b_2507_2",
      "content": "I'm particularly interested in Item_0 and Item_3\u2014they're high priority for me. I'd be open to trading one of them in exchange for Item_1 or Item_5, depending on what you're looking for. Maybe we can find a balanced exchange that works for both of us.",
      "timestamp": 1755513038.7149498,
      "speaker_order": 2,
      "total_speakers": 2
    },
    {
      "phase": "reflection",
      "round": 2,
      "from": "gemini_pro_1",
      "content": "Our current strategy of making incremental concessions has kept the dialogue open, but it's not closing the gap. I need to pivot from this positional bargaining to exploring their underlying interests, which will allow me to introduce new variables and create a package offer to break the impasse.",
      "timestamp": 1755513101.324654
    },
    {
      "phase": "reflection",
      "round": 2,
      "from": "qwen_3_235b_a22b_2507_2",
      "content": "So far, emphasizing mutual gains and active listening has helped build trust, but rigid positions on key terms are stalling progress. I should explore creative trade-offs and signal flexibility on lower-priority items to unlock movement.",
      "timestamp": 1755513105.970319
    },
    {
      "phase": "discussion",
      "round": 3,
      "from": "gemini_pro_1",
      "content": "My main focus remains on Item_2, but I also have a strong interest in Item_4. I'm willing to concede on the other items if we can build a deal around that pair. What are your thoughts on that as a starting point?",
      "timestamp": 1755513124.231273,
      "speaker_order": 1,
      "total_speakers": 2
    },
    {
      "phase": "discussion",
      "round": 3,
      "from": "qwen_3_235b_a22b_2507_2",
      "content": "I'm particularly interested in Item_0 and Item_3\u2014they're high priority for me. That said, I could see a deal where I take those in exchange for Item_1 and Item_2, depending on your priorities. Open to creative bundles if it creates mutual value.",
      "timestamp": 1755513126.389827,
      "speaker_order": 2,
      "total_speakers": 2
    },
    {
      "phase": "reflection",
      "round": 3,
      "from": "gemini_pro_1",
      "content": "My strategy of firm, data-backed anchoring has successfully defined the negotiating range, but it has now led to an impasse. I must pivot from defending a fixed position to exploring their underlying interests, which will allow me to propose creative, multi-issue options that expand the pie for both of us.",
      "timestamp": 1755513174.2939079
    },
    {
      "phase": "reflection",
      "round": 3,
      "from": "qwen_3_235b_a22b_2507_2",
      "content": "So far, maintaining a collaborative tone and focusing on mutual gains has kept communication open and constructive. Moving forward, I should more actively probe underlying interests to uncover creative trade-offs that could break the impasse.",
      "timestamp": 1755513176.442658
    },
    {
      "phase": "discussion",
      "round": 4,
      "from": "gemini_pro_1",
      "content": "My priorities are starting to become clearer, and Item_2 is definitely high on my list. I also have a significant interest in Item_0. What items are you focused on securing?",
      "timestamp": 1755513189.256691,
      "speaker_order": 1,
      "total_speakers": 2
    },
    {
      "phase": "discussion",
      "round": 4,
      "from": "qwen_3_235b_a22b_2507_2",
      "content": "I'm particularly interested in Item_0 and Item_3\u2014they\u2019re high priority for me. That said, I could see a deal where I take those in exchange for giving up Item_1 and Item_5, if that aligns with your priorities.",
      "timestamp": 1755513190.945467,
      "speaker_order": 2,
      "total_speakers": 2
    },
    {
      "phase": "reflection",
      "round": 4,
      "from": "gemini_pro_1",
      "content": "My strategy of making incremental, data-driven concessions has kept us at the table but has now led to a predictable stalemate. I will now shift from fine-tuning my last offer to proposing a reframed package that addresses your core interests in a new way to break the deadlock.",