{
  "run_index": 9,
  "experiment_config": {
    "num_agents": 2,
    "num_items": 6,
    "max_rounds": 10,
    "competition_level": 0.95,
    "discount_factor": 0.9
  },
  "agents": [
    "gemini_pro_1",
    "qwen_3_235b_a22b_2507_2"
  ],
  "agent_models": {
    "gemini_pro_1": "google/gemini-2.5-pro",
    "qwen_3_235b_a22b_2507_2": "qwen/qwen3-235b-a22b-2507"
  },
  "initial_preferences_matrix": [
    [
      6.856300965246548,
      8.88289100854697,
      2.968766506797448,
      8.871398954553047,
      5.968969388736747,
      3.5699357150754296
    ],
    [
      8.091263743796965,
      6.800929711422162,
      4.339698248358507,
      5.873396047020402,
      7.716836339188066,
      6.099379242412935
    ]
  ],
  "initial_preferences_by_agent": {
    "gemini_pro_1": {
      "item_0": 6.856300965246548,
      "item_1": 8.88289100854697,
      "item_2": 2.968766506797448,
      "item_3": 8.871398954553047,
      "item_4": 5.968969388736747,
      "item_5": 3.5699357150754296
    },
    "qwen_3_235b_a22b_2507_2": {
      "item_0": 8.091263743796965,
      "item_1": 6.800929711422162,
      "item_2": 4.339698248358507,
      "item_3": 5.873396047020402,
      "item_4": 7.716836339188066,
      "item_5": 6.099379242412935
    }
  },
  "preference_cosine_similarities": {
    "agent_0_vs_agent_1": 0.9500000000000002
  },
  "negotiation_outcome": {
    "consensus_reached": false,
    "final_round": 10,
    "final_allocation": null,
    "final_utilities": null,
    "utility_realized": null
  },
  "complete_conversation_log": [
    {
      "phase": "discussion",
      "round": 1,
      "from": "gemini_pro_1",
      "content": "Hello! I'm open to discussing all the items to find a deal that works for both of us. Initially, Item_1 and Item_4 catch my eye, but my priorities are not set in stone. I'm curious to hear which items you're most interested in.",
      "timestamp": 1755513734.4270809,
      "speaker_order": 1,
      "total_speakers": 2
    },
    {
      "phase": "discussion",
      "round": 1,
      "from": "qwen_3_235b_a22b_2507_2",
      "content": "I'm particularly interested in Item_0 and Item_3\u2014they're high priority for me. That said, I could be flexible on Item_1 or Item_5 if you're open to giving up Item_0. Let\u2019s explore trades where I get one of my top two and you get something valuable in return.",
      "timestamp": 1755513736.084039,
      "speaker_order": 2,
      "total_speakers": 2
    },
    {
      "phase": "reflection",
      "round": 1,
      "from": "gemini_pro_1",
      "content": "My strategy of clearly stating my needs has successfully opened the dialogue, but to bridge the gap, I must now pivot to asking more probing questions about your priorities to uncover potential trade-offs.",
      "timestamp": 1755513779.076468
    },
    {
      "phase": "reflection",
      "round": 1,
      "from": "qwen_3_235b_a22b_2507_2",
      "content": "The collaborative framing and active listening are building trust, but more data anchoring is needed to sway undecided parties. I should introduce objective benchmarks next round to shift the momentum toward agreement.",
      "timestamp": 1755513781.280473
    },
    {
      "phase": "discussion",
      "round": 2,
      "from": "gemini_pro_1",
      "content": "To be honest, Item_5 and Item_3 are the most interesting to me right now. I'm open to different combinations, so I'm curious to hear what you have in mind for a potential deal.",
      "timestamp": 1755513796.437052,
      "speaker_order": 1,
      "total_speakers": 2
    },
    {
      "phase": "discussion",
      "round": 2,
      "from": "qwen_3_235b_a22b_2507_2",
      "content": "I'm particularly interested in Item_0 and Item_3\u2014they\u2019re high priority for me. That said, I could be flexible on Item_1 if you're open to giving up Item_3, which might make a balanced deal possible.",
      "timestamp": 1755513797.6898959,
      "speaker_order": 2,
      "total_speakers": 2
    },
    {
      "phase": "reflection",
      "round": 2,
      "from": "gemini_pro_1",
      "content": "My strategy of clearly defining our positions has successfully clarified the gap between us. I will now pivot from defending that position to proposing a novel, integrative solution that addresses both our underlying interests to break the impasse.",
      "timestamp": 1755513843.6937878
    },
    {
      "phase": "reflection",
      "round": 2,
      "from": "qwen_3_235b_a22b_2507_2",
      "content": "So far, emphasizing mutual gains and active listening has helped build trust, but a more assertive framing of shared interests may be needed to break the impasse. I should explore underlying concerns more deeply and propose creative trade-offs to align incentives.",
      "timestamp": 1755513845.2244961
    },
    {
      "phase": "discussion",
      "round": 3,
      "from": "gemini_pro_1",
      "content": "My primary interests lie with Item_4 and Item_0, as I believe they hold the most combined value. A deal that secures both of these for me would be a great outcome. What are your thoughts on a package deal?",
      "timestamp": 1755513861.441634,
      "speaker_order": 1,
      "total_speakers": 2
    },
    {
      "phase": "discussion",
      "round": 3,
      "from": "qwen_3_235b_a22b_2507_2",
      "content": "I'm particularly interested in Item_0 and Item_3\u2014they're high priority for me. A deal where I get Item_0 and one of Item_2 or Item_4 could work well, especially if it balances your needs too. Let\u2019s explore trades that maximize value for both of us.",
      "timestamp": 1755513864.027568,
      "speaker_order": 2,
      "total_speakers": 2
    },
    {
      "phase": "reflection",
      "round": 3,
      "from": "gemini_pro_1",
      "content": "My strategy of anchoring the discussion with objective data has been effective at establishing a logical baseline. To break the current impasse, I must now shift from defending my position to asking more open-ended questions to uncover their underlying interests and create new options for mutual gain.",
      "timestamp": 1755513923.343264
    },
    {
      "phase": "reflection",
      "round": 3,
      "from": "qwen_3_235b_a22b_2507_2",
      "content": "The collaborative framing and active listening have built trust, keeping dialogue open despite disagreements. To break the impasse, I should introduce data-driven trade-off scenarios that align with all parties' core interests.",
      "timestamp": 1755513925.265367
    },
    {
      "phase": "discussion",
      "round": 4,
      "from": "gemini_pro_1",
      "content": "My main priorities are Item_5 and Item_2, as they are the most critical for my goals. However, I am not particularly attached to Item_1 and Item_4. I am open to a deal that would send those two items your way in exchange for something I value more.",
      "timestamp": 1755513937.999989,
      "speaker_order": 1,
      "total_speakers": 2
    },
    {
      "phase": "discussion",
      "round": 4,
      "from": "qwen_3_235b_a22b_2507_2",
      "content": "I'm particularly interested in Item_0 and Item_3\u2014they're high priority for me. That said, I could be flexible on Item_1 if you're willing to concede on Item_3; a trade like Item_0 and Item_1 for Item_3 and Item_4 might work.",
      "timestamp": 1755513942.709352,
      "speaker_order": 2,
      "total_speakers": 2
    },
    {
      "phase": "reflection",
      "round": 4,
      "from": "gemini_pro_1",
      "content": "My current strategy of holding firm has protected my core interests but created an impasse. I must now pivot to exploring their underlying needs to find creative, new sources of value and break the deadlock.",
      "timestamp": 1755514058.523818
    },
    {
      "phase": "reflection",
      "round": 4,
      "from": "qwen_3_235b_a22b_2507_2",