{
  "run_index": 0,
  "experiment_config": {
    "num_agents": 2,
    "num_items": 6,
    "max_rounds": 10,
    "competition_level": 0.95,
    "discount_factor": 0.9
  },
  "agents": [
    "gemini_pro_1",
    "qwen_3_235b_a22b_2507_2"
  ],
  "agent_models": {
    "gemini_pro_1": "google/gemini-2.5-pro",
    "qwen_3_235b_a22b_2507_2": "qwen/qwen3-235b-a22b-2507"
  },
  "initial_preferences_matrix": [
    [
      9.593679590000002,
      5.84095311591804,
      6.481734481800423,
      8.31395893559368,
      9.101277231817088,
      1.3105330785573688
    ],
    [
      10.0,
      5.073016046260798,
      4.61159211391982,
      10.0,
      6.482231567450422,
      5.562324023599268
    ]
  ],
  "initial_preferences_by_agent": {
    "gemini_pro_1": {
      "item_0": 9.593679590000002,
      "item_1": 5.84095311591804,
      "item_2": 6.481734481800423,
      "item_3": 8.31395893559368,
      "item_4": 9.101277231817088,
      "item_5": 1.3105330785573688
    },
    "qwen_3_235b_a22b_2507_2": {
      "item_0": 10.0,
      "item_1": 5.073016046260798,
      "item_2": 4.61159211391982,
      "item_3": 10.0,
      "item_4": 6.482231567450422,
      "item_5": 5.562324023599268
    }
  },
  "preference_cosine_similarities": {
    "agent_0_vs_agent_1": 0.950094420539963
  },
  "negotiation_outcome": {
    "consensus_reached": false,
    "final_round": 10,
    "final_allocation": null,
    "final_utilities": null,
    "utility_realized": null
  },
  "complete_conversation_log": [
    {
      "phase": "discussion",
      "round": 1,
      "from": "gemini_pro_1",
      "content": "Hello! I'm interested in a few items on the list, particularly Item_1 and Item_4. I believe they hold significant value, but I'm open to hearing your perspective on them. I'm sure we can find a deal that works for both of us.",
      "timestamp": 1755506729.3902762,
      "speaker_order": 1,
      "total_speakers": 2
    },
    {
      "phase": "discussion",
      "round": 1,
      "from": "qwen_3_235b_a22b_2507_2",
      "content": "I'm particularly interested in Item_0 and Item_3\u2014they're my top priorities. A deal giving me one of those, perhaps in exchange for lower-value items like Item_1 or Item_5, could work well.",
      "timestamp": 1755506730.59165,
      "speaker_order": 2,
      "total_speakers": 2
    },
    {
      "phase": "reflection",
      "round": 1,
      "from": "gemini_pro_1",
      "content": "Establishing our core priorities has been effective for setting a baseline, but we are now stuck on competing positions. To break the impasse, I must shift from restating our needs to asking probing questions about their underlying interests to uncover new, creative solutions.",
      "timestamp": 1755506769.845935
    },
    {
      "phase": "reflection",
      "round": 1,
      "from": "qwen_3_235b_a22b_2507_2",
      "content": "The collaborative framing and active listening have built trust, but we need to shift toward integrative bargaining to uncover shared priorities. I should introduce objective criteria and trade-off proposals to move from positional stands to joint problem-solving.",
      "timestamp": 1755506770.3242838
    },
    {
      "phase": "discussion",
      "round": 2,
      "from": "gemini_pro_1",
      "content": "I'm primarily interested in Item_4 and Item_2, as they seem to hold the most potential value for me. However, I'm open to discussion and believe a fair outcome is possible for both of us. Perhaps a deal where we each end up with three items could be a good starting point, depending on which ones you value.",
      "timestamp": 1755506779.9007418,
      "speaker_order": 1,
      "total_speakers": 2
    },
    {
      "phase": "discussion",
      "round": 2,
      "from": "qwen_3_235b_a22b_2507_2",
      "content": "I'm particularly interested in Item_0 and Item_3\u2014they're high priority for me. That said, I'm open to creative deals; maybe I could trade one of those for a bundle involving Item_1 and Item_4.",
      "timestamp": 1755506781.285959,
      "speaker_order": 2,
      "total_speakers": 2
    },
    {
      "phase": "reflection",
      "round": 2,
      "from": "gemini_pro_1",
      "content": "While my strategy of justifying my position with clear data has established a firm baseline, it has led to a positional impasse. I must now pivot to exploring underlying interests and introduce new, tradable variables to expand the pie and create a path to a win-win outcome.",
      "timestamp": 1755506820.095967
    },
    {
      "phase": "reflection",
      "round": 2,
      "from": "qwen_3_235b_a22b_2507_2",
      "content": "So far, collaborative framing and active listening have built trust, but rigid positions on core demands are stalling progress. I should shift toward interest-based bargaining, exploring underlying needs to identify creative trade-offs and unlock mutual gains.",
      "timestamp": 1755506821.238998
    },
    {
      "phase": "discussion",
      "round": 3,
      "from": "gemini_pro_1",
      "content": "My main focus right now is on Item_4, but I also have some interest in Item_1. I'm open to discussing various packages, but a deal where I end up with Item_4 would be a strong foundation for an agreement.",
      "timestamp": 1755506833.742303,
      "speaker_order": 1,
      "total_speakers": 2
    },
    {
      "phase": "discussion",
      "round": 3,
      "from": "qwen_3_235b_a22b_2507_2",
      "content": "I'm particularly interested in Item_0 and Item_3\u2014they're high priority for me. That said, I could see a deal where I take those in exchange for giving up Item_1 and Item_4, if that aligns with your priorities. Let\u2019s explore trades that free up value on both sides.",
      "timestamp": 1755506835.325879,
      "speaker_order": 2,
      "total_speakers": 2
    },
    {
      "phase": "reflection",
      "round": 3,
      "from": "gemini_pro_1",
      "content": "My principled, data-driven approach has successfully defended my core interests but has led to a stalemate. I will now shift focus from our stated positions to uncovering their underlying interests, allowing me to propose a more creative, integrated solution.",
      "timestamp": 1755506881.69917
    },
    {
      "phase": "reflection",
      "round": 3,
      "from": "qwen_3_235b_a22b_2507_2",
      "content": "So far, active listening and reframing shared interests have kept dialogue constructive. To break the impasse, I should introduce a multi-option proposal to expand the solution space and uncover latent value.",
      "timestamp": 1755506882.4911082
    },
    {
      "phase": "discussion",
      "round": 4,
      "from": "gemini_pro_1",
      "content": "My primary focus is on acquiring Item_0 and Item_2, as they are the most critical pieces for my needs. I am willing to be very flexible with the other items, including Item_1 and Item_3, to make a deal that secures those two for me.",
      "timestamp": 1755506896.355478,
      "speaker_order": 1,
      "total_speakers": 2
    },
    {
      "phase": "discussion",
      "round": 4,
      "from": "qwen_3_235b_a22b_2507_2",
      "content": "I'm particularly interested in Item_0 and Item_3\u2014they're high priority for me. That said, I could be flexible on Item_1 if we can find a balanced exchange. Maybe we can build a deal where we both get our core priorities met.",
      "timestamp": 1755506897.74603,
      "speaker_order": 2,
      "total_speakers": 2
    },
    {
      "phase": "reflection",
      "round": 4,
      "from": "gemini_pro_1",
      "content": "My principled, data-driven approach has successfully defended my core interests, but it has not yet built the consensus needed for an agreement. To break the impasse, I must now pivot from positional bargaining to exploring their underlying interests to identify opportunities for mutual gain and creative trade-offs.",
      "timestamp": 1755506953.805098
    },
    {
      "phase": "reflection",
      "round": 4,