{
  "run_index": 3,
  "experiment_config": {
    "num_agents": 2,
    "num_items": 6,
    "max_rounds": 10,
    "competition_level": 0.95,
    "discount_factor": 0.9
  },
  "agents": [
    "qwen_3_235b_a22b_2507_1",
    "gemini_pro_2"
  ],
  "agent_models": {
    "qwen_3_235b_a22b_2507_1": "qwen/qwen3-235b-a22b-2507",
    "gemini_pro_2": "google/gemini-2.5-pro"
  },
  "initial_preferences_matrix": [
    [
      7.644070096626919,
      9.597921372146612,
      2.6243057803978154,
      3.6953297851328015,
      1.9451304960387317,
      9.331179682620528
    ],
    [
      7.507295920252587,
      8.745322419496734,
      5.738266919629887,
      4.590894223457919,
      5.057774789757827,
      7.03729587149371
    ]
  ],
  "initial_preferences_by_agent": {
    "qwen_3_235b_a22b_2507_1": {
      "item_0": 7.644070096626919,
      "item_1": 9.597921372146612,
      "item_2": 2.6243057803978154,
      "item_3": 3.6953297851328015,
      "item_4": 1.9451304960387317,
      "item_5": 9.331179682620528
    },
    "gemini_pro_2": {
      "item_0": 7.507295920252587,
      "item_1": 8.745322419496734,
      "item_2": 5.738266919629887,
      "item_3": 4.590894223457919,
      "item_4": 5.057774789757827,
      "item_5": 7.03729587149371
    }
  },
  "preference_cosine_similarities": {
    "agent_0_vs_agent_1": 0.9500000000000003
  },
  "negotiation_outcome": {
    "consensus_reached": false,
    "final_round": 10,
    "final_allocation": null,
    "final_utilities": null,
    "utility_realized": null
  },
  "complete_conversation_log": [
    {
      "phase": "discussion",
      "round": 1,
      "from": "qwen_3_235b_a22b_2507_1",
      "content": "I'm particularly interested in Item_0 and Item_3\u2014they\u2019re top priorities for me. That said, I\u2019m open to trades; for example, I could consider giving up Item_3 in exchange for Item_1 and Item_4.",
      "timestamp": 1755507617.791434,
      "speaker_order": 1,
      "total_speakers": 2
    },
    {
      "phase": "discussion",
      "round": 1,
      "from": "gemini_pro_2",
      "content": "I have my eye on a couple of things, primarily Item_2 and Item_5. I'm open to a deal that benefits us both, so I'm curious to hear what items you're most interested in.",
      "timestamp": 1755507635.585119,
      "speaker_order": 2,
      "total_speakers": 2
    },
    {
      "phase": "reflection",
      "round": 1,
      "from": "qwen_3_235b_a22b_2507_1",
      "content": "The collaborative framing and active listening have helped build trust, but we need to shift toward more interest-based bargaining to uncover shared priorities. I should explore underlying needs more directly and propose conditional trade-offs to break the deadlock.",
      "timestamp": 1755507670.327272
    },
    {
      "phase": "reflection",
      "round": 1,
      "from": "gemini_pro_2",
      "content": "My data-driven approach has effectively established a logical framework, but to break the current impasse, I will pivot to exploring more creative, multi-variable options that address their underlying interests.",
      "timestamp": 1755507686.468822
    },
    {
      "phase": "discussion",
      "round": 2,
      "from": "qwen_3_235b_a22b_2507_1",
      "content": "I'm particularly interested in Item_0 and Item_3\u2014they\u2019re high priority for me. That said, I could see a deal where I take those in exchange for giving up Item_1 and Item_5, if that aligns with your interests. Let\u2019s explore trades that create value on both sides.",
      "timestamp": 1755507688.9292648,
      "speaker_order": 1,
      "total_speakers": 2
    },
    {
      "phase": "discussion",
      "round": 2,
      "from": "gemini_pro_2",
      "content": "My main focus is on Item_2 and Item_5, as they are the most critical for my needs. I'm willing to be flexible on the other items if we can work something out for those two. What are you hoping to get from this negotiation?",
      "timestamp": 1755507703.047116,
      "speaker_order": 2,
      "total_speakers": 2
    },
    {
      "phase": "reflection",
      "round": 2,
      "from": "qwen_3_235b_a22b_2507_1",
      "content": "Collaborative framing and active listening have built trust, but greater alignment on priorities requires more targeted trade-off exploration. I should shift toward explicit value-claiming tactics while preserving relational capital.",
      "timestamp": 1755507771.9913301
    },
    {
      "phase": "reflection",
      "round": 2,
      "from": "gemini_pro_2",
      "content": "My strategy of active listening has successfully uncovered their core interests, but to break the current impasse, I must now pivot from information gathering to proposing a creative, flexible solution that bridges our positions.",
      "timestamp": 1755507784.8596191
    },
    {
      "phase": "discussion",
      "round": 3,
      "from": "qwen_3_235b_a22b_2507_1",
      "content": "I'm particularly interested in Item_0 and Item_3\u2014they hold the highest value for me. A deal where I receive both of those in exchange for Item_1 and Item_5 could work well, but I'm open to alternatives that include Item_3.",
      "timestamp": 1755507786.2028742,
      "speaker_order": 1,
      "total_speakers": 2
    },
    {
      "phase": "discussion",
      "round": 3,
      "from": "gemini_pro_2",
      "content": "My main interests lie with Item_2 and Item_0, as they are crucial for my goals. I would propose a deal where I take those two, and you can have the remaining four items. This seems like a straightforward way for us both to secure key assets early on.",
      "timestamp": 1755507802.359615,
      "speaker_order": 2,
      "total_speakers": 2
    },
    {
      "phase": "reflection",
      "round": 3,
      "from": "qwen_3_235b_a22b_2507_1",
      "content": "So far, emphasizing mutual gains and active listening has helped maintain constructive dialogue. To break the impasse, I should explore underlying interests more deeply and propose creative trade-offs that align with both parties\u2019 priorities.",
      "timestamp": 1755507852.130197
    },
    {
      "phase": "reflection",
      "round": 3,
      "from": "gemini_pro_2",
      "content": "My focus on finding common ground has kept the dialogue constructive, but we are now deadlocked on key positions. I will shift from debating individual points to proposing a creative package solution that introduces new value for both sides.",
      "timestamp": 1755507864.7735412
    },
    {
      "phase": "discussion",
      "round": 4,
      "from": "qwen_3_235b_a22b_2507_1",
      "content": "I'm particularly interested in Item_0 and Item_3\u2014they align closely with my priorities. That said, I could be flexible on Item_1 or Item_5 if you're willing to concede on Item_3.",
      "timestamp": 1755507865.687579,
      "speaker_order": 1,
      "total_speakers": 2
    },
    {
      "phase": "discussion",
      "round": 4,
      "from": "gemini_pro_2",
      "content": "My position remains firm on Item_1 and Item_4, as these are my highest priorities. I am, however, willing to be flexible on Item_2 and have very little interest in Item_0 or Item_5. A deal where I get my two key items and you receive a larger quantity of the others seems like a promising direction.",
      "timestamp": 1755507880.4625971,
      "speaker_order": 2,
      "total_speakers": 2
    },
    {
      "phase": "reflection",
      "round": 4,
      "from": "qwen_3_235b_a22b_2507_1",
      "content": "Collaborative framing and active listening have helped build trust, but rigid positions on key terms are stalling progress. I should experiment with principled bargaining, focusing more on underlying interests and generating creative trade-offs to break the impasse.",
      "timestamp": 1755507930.028235
    },
    {
      "phase": "reflection",
      "round": 4,
      "from": "gemini_pro_2",