{
  "run_index": 4,
  "experiment_config": {
    "num_agents": 2,
    "num_items": 6,
    "max_rounds": 10,
    "competition_level": 0.95,
    "discount_factor": 0.9
  },
  "agents": [
    "qwen_3_235b_a22b_2507_1",
    "gemini_pro_2"
  ],
  "agent_models": {
    "qwen_3_235b_a22b_2507_1": "qwen/qwen3-235b-a22b-2507",
    "gemini_pro_2": "google/gemini-2.5-pro"
  },
  "initial_preferences_matrix": [
    [
      6.990656505236911,
      8.584265342355069,
      4.54048803639636,
      1.7959455845549965,
      7.7755375758050995,
      7.064199829902521
    ],
    [
      3.1902588867438992,
      9.661654200261237,
      6.001626669061464,
      4.2515368908550935,
      8.141358320498355,
      5.732375446649404
    ]
  ],
  "initial_preferences_by_agent": {
    "qwen_3_235b_a22b_2507_1": {
      "item_0": 6.990656505236911,
      "item_1": 8.584265342355069,
      "item_2": 4.54048803639636,
      "item_3": 1.7959455845549965,
      "item_4": 7.7755375758050995,
      "item_5": 7.064199829902521
    },
    "gemini_pro_2": {
      "item_0": 3.1902588867438992,
      "item_1": 9.661654200261237,
      "item_2": 6.001626669061464,
      "item_3": 4.2515368908550935,
      "item_4": 8.141358320498355,
      "item_5": 5.732375446649404
    }
  },
  "preference_cosine_similarities": {
    "agent_0_vs_agent_1": 0.9500000000000002
  },
  "negotiation_outcome": {
    "consensus_reached": true,
    "final_round": 4,
    "final_allocation": {
      "qwen_3_235b_a22b_2507_1": [
        0,
        1,
        2
      ],
      "gemini_pro_2": [
        3,
        4,
        5
      ]
    },
    "final_utilities": {
      "qwen_3_235b_a22b_2507_1": 7.208697011460876,
      "gemini_pro_2": 11.518825331352371
    },
    "utility_realized": null
  },
  "complete_conversation_log": [
    {
      "phase": "discussion",
      "round": 1,
      "from": "qwen_3_235b_a22b_2507_1",
      "content": "I'm particularly interested in Item_0 and Item_3\u2014they're high priority for me. I could be flexible on the other items if we can work out a fair exchange involving those two. Maybe we can start by discussing our top preferences to find common ground.",
      "timestamp": 1755508373.4523442,
      "speaker_order": 1,
      "total_speakers": 2
    },
    {
      "phase": "discussion",
      "round": 1,
      "from": "gemini_pro_2",
      "content": "Hello there. I have a particular interest in Item_4 and Item_0, as they would be quite useful to me. I'm open to discussing different combinations, so I'm curious to hear what you are focused on.",
      "timestamp": 1755508382.345512,
      "speaker_order": 2,
      "total_speakers": 2
    },
    {
      "phase": "reflection",
      "round": 1,
      "from": "qwen_3_235b_a22b_2507_1",
      "content": "The collaborative framing and active listening helped build rapport, but clearer alignment on shared interests is needed. I should focus more on uncovering underlying priorities and propose integrative solutions to break the impasse.",
      "timestamp": 1755508412.860116
    },
    {
      "phase": "reflection",
      "round": 1,
      "from": "gemini_pro_2",
      "content": "Establishing my position has created a clear baseline, but we are now at an impasse. To move forward, I must pivot from defending my stance to exploring their underlying interests to uncover new, creative options for mutual gain.",
      "timestamp": 1755508428.016074
    },
    {
      "phase": "discussion",
      "round": 2,
      "from": "qwen_3_235b_a22b_2507_1",
      "content": "I'm particularly interested in Item_0 and Item_2\u2014they're high priority for me. That said, I could be flexible on Item_1 and Item_3 if we can find a balanced exchange that works for both of us. Let\u2019s explore combinations where we both walk away satisfied.",
      "timestamp": 1755508429.4902139,
      "speaker_order": 1,
      "total_speakers": 2
    },
    {
      "phase": "discussion",
      "round": 2,
      "from": "gemini_pro_2",
      "content": "My main priorities are Item_4 and Item_1, as they are the most critical for my needs. I'm willing to be flexible on the other items to make a deal work. What are you looking to get out of this negotiation?",
      "timestamp": 1755508444.318144,
      "speaker_order": 2,
      "total_speakers": 2
    },
    {
      "phase": "reflection",
      "round": 2,
      "from": "qwen_3_235b_a22b_2507_1",
      "content": "The collaborative framing and active listening have helped maintain constructive dialogue, but more targeted trade-off proposals are needed to break the current impasse. I should shift toward integrative bargaining by identifying shared priorities and leveraging complementary differences in interests.",
      "timestamp": 1755508483.5563278
    },
    {
      "phase": "reflection",
      "round": 2,
      "from": "gemini_pro_2",
      "content": "Our positional bargaining has effectively clarified initial stances but has now created a deadlock. To break the impasse, I will pivot to exploring their underlying interests to uncover new, creative options for mutual gain.",
      "timestamp": 1755508496.0075939
    },
    {
      "phase": "discussion",
      "round": 3,
      "from": "qwen_3_235b_a22b_2507_1",
      "content": "I'm particularly interested in Item_0 and Item_3\u2014they're high priority for me. I'm open to trading Item_1 or Item_5 in exchange for either of those, especially Item_0. A package deal involving Item_0 plus something mid-tier could work well.",
      "timestamp": 1755508498.366783,
      "speaker_order": 1,
      "total_speakers": 2
    },
    {
      "phase": "discussion",
      "round": 3,
      "from": "gemini_pro_2",
      "content": "My interests are quite broad, but Item_5 and Item_1 are two that stand out to me right now. I'm open to any arrangement, but a simple 3-item split for each of us seems like a fair place to start the conversation.",
      "timestamp": 1755508517.2923589,
      "speaker_order": 2,
      "total_speakers": 2
    },
    {
      "phase": "reflection",
      "round": 3,
      "from": "qwen_3_235b_a22b_2507_1",
      "content": "The collaborative framing and active listening have helped maintain constructive dialogue, but deeper interests remain unaddressed. I should shift toward integrative tactics\u2014uncovering priorities through targeted questions and proposing multi-issue trade-offs to unlock value.",
      "timestamp": 1755508576.280864
    },
    {
      "phase": "reflection",
      "round": 3,
      "from": "gemini_pro_2",
      "content": "While my data-driven offers have kept the negotiation going, we are stuck in a cycle of positional bargaining. I need to shift from defending my position to asking questions that uncover their underlying interests, which may reveal a new path to a creative agreement.",
      "timestamp": 1755508590.596457
    },
    {
      "phase": "discussion",
      "round": 4,
      "from": "qwen_3_235b_a22b_2507_1",
      "content": "I'm particularly interested in Item_0 and Item_3\u2014they're high priority for me. That said, I could be flexible on Item_1 and Item_5 if you're willing to accommodate on the others.",
      "timestamp": 1755508598.148373,
      "speaker_order": 1,
      "total_speakers": 2
    },
    {
      "phase": "discussion",
      "round": 4,
      "from": "gemini_pro_2",
      "content": "My highest priorities are Item_1 and Item_4, as they are the most valuable to me. I'm less concerned with the other items, so perhaps we can build a deal around that. I would be open to a trade where you take a package of items, like Item_0, Item_2, and Item_5, in exchange for one of my priorities.",
      "timestamp": 1755508611.627106,
      "speaker_order": 2,
      "total_speakers": 2
    }
  ],
  "all_proposals": [],
  "all_votes": [],
  "round_summaries": [],
  "timestamp": "2025-08-18T02:17:24.286970",
  "duration_seconds": 274.3808391094208,
  "metrics": {
    "mean_utility": 9.363761171406622,