{
  "run_index": 5,
  "experiment_config": {
    "num_agents": 2,
    "num_items": 6,
    "max_rounds": 10,
    "competition_level": 0.95,
    "discount_factor": 0.9
  },
  "agents": [
    "qwen_3_235b_a22b_2507_1",
    "gemini_pro_2"
  ],
  "agent_models": {
    "qwen_3_235b_a22b_2507_1": "qwen/qwen3-235b-a22b-2507",
    "gemini_pro_2": "google/gemini-2.5-pro"
  },
  "initial_preferences_matrix": [
    [
      9.209546685663225,
      4.397905634638263,
      4.735587405569916,
      3.0421773105701986,
      4.741270847445276,
      3.851232482682525
    ],
    [
      7.953063675264837,
      4.54471538643977,
      6.724659826656357,
      5.489388832700865,
      2.732441250815668,
      2.534415392016892
    ]
  ],
  "initial_preferences_by_agent": {
    "qwen_3_235b_a22b_2507_1": {
      "item_0": 9.209546685663225,
      "item_1": 4.397905634638263,
      "item_2": 4.735587405569916,
      "item_3": 3.0421773105701986,
      "item_4": 4.741270847445276,
      "item_5": 3.851232482682525
    },
    "gemini_pro_2": {
      "item_0": 7.953063675264837,
      "item_1": 4.54471538643977,
      "item_2": 6.724659826656357,
      "item_3": 5.489388832700865,
      "item_4": 2.732441250815668,
      "item_5": 2.534415392016892
    }
  },
  "preference_cosine_similarities": {
    "agent_0_vs_agent_1": 0.9499999999999998
  },
  "negotiation_outcome": {
    "consensus_reached": true,
    "final_round": 9,
    "final_allocation": {
      "qwen_3_235b_a22b_2507_1": [
        0,
        1,
        2
      ],
      "gemini_pro_2": [
        3,
        4,
        5
      ]
    },
    "final_utilities": {
      "qwen_3_235b_a22b_2507_1": 6.542436619168005,
      "gemini_pro_2": 6.002602991623506
    },
    "utility_realized": null
  },
  "complete_conversation_log": [
    {
      "phase": "discussion",
      "round": 1,
      "from": "qwen_3_235b_a22b_2507_1",
      "content": "I'm particularly interested in Item_0 and Item_3\u2014they're high priority for me. That said, I could see trading one of them for Item_1 or Item_5 if the right deal comes up. Open to creative bundles that reflect mutual gains.",
      "timestamp": 1755508652.502306,
      "speaker_order": 1,
      "total_speakers": 2
    },
    {
      "phase": "discussion",
      "round": 1,
      "from": "gemini_pro_2",
      "content": "Hello there. For me, Item_0 and Item_1 are the most compelling items on the table right now. I am sure we can work out a fair distribution that benefits both of us.",
      "timestamp": 1755508668.4270232,
      "speaker_order": 2,
      "total_speakers": 2
    },
    {
      "phase": "reflection",
      "round": 1,
      "from": "qwen_3_235b_a22b_2507_1",
      "content": "The collaborative framing and active listening helped build initial rapport, but clearer anchoring on shared interests could strengthen alignment. Next round, I\u2019ll aim to introduce a more structured trade-off proposal to unlock\u50f5\u5c40.",
      "timestamp": 1755508702.369287
    },
    {
      "phase": "reflection",
      "round": 1,
      "from": "gemini_pro_2",
      "content": "Establishing our initial positions has been a productive start, but to bridge the gap, I will now focus on exploring the underlying interests behind our proposals to identify potential trade-offs and creative solutions.",
      "timestamp": 1755508714.6962008
    },
    {
      "phase": "discussion",
      "round": 2,
      "from": "qwen_3_235b_a22b_2507_1",
      "content": "I'm particularly interested in Item_0 and Item_3\u2014they align best with my priorities. That said, I\u2019m open to creative deals; perhaps we could trade one of those for a bundle of lower-value items or future considerations.",
      "timestamp": 1755508717.2909,
      "speaker_order": 1,
      "total_speakers": 2
    },
    {
      "phase": "discussion",
      "round": 2,
      "from": "gemini_pro_2",
      "content": "My primary focus is on Item_5 and Item_2, as they hold the most value for my objectives. I'm less concerned about the other items, so I'm confident we can construct a deal that works for both of us. What are you hoping to walk away with?",
      "timestamp": 1755508727.50513,
      "speaker_order": 2,
      "total_speakers": 2
    },
    {
      "phase": "reflection",
      "round": 2,
      "from": "qwen_3_235b_a22b_2507_1",
      "content": "The collaborative framing and active listening have built trust, but progress is stalled due to misaligned priorities\u2014shifting toward interest-based bargaining with clearer trade-off proposals could unlock movement. I should surface underlying interests more explicitly and experiment with package deals to create value.",
      "timestamp": 1755508767.735848
    },
    {
      "phase": "reflection",
      "round": 2,
      "from": "gemini_pro_2",
      "content": "My strategy of clearly stating my core requirements has successfully revealed the points of contention, but to break the stalemate, I must now shift from defending my position to exploring their underlying interests to find creative trade-offs.",
      "timestamp": 1755508783.688441
    },
    {
      "phase": "discussion",
      "round": 3,
      "from": "qwen_3_235b_a22b_2507_1",
      "content": "I'm particularly interested in Item_0 and Item_3\u2014they're high priority for me. That said, I could be flexible on Item_1 if you're open to giving up Item_3.",
      "timestamp": 1755508785.260884,
      "speaker_order": 1,
      "total_speakers": 2
    },
    {
      "phase": "discussion",
      "round": 3,
      "from": "gemini_pro_2",
      "content": "I'm most interested in Item_2 and Item_3, as they seem to hold the most potential value for me. I'm open to a deal where I get both of those, and you can take a majority of the remaining items. What do you think about that as a starting point?",
      "timestamp": 1755508794.77415,
      "speaker_order": 2,
      "total_speakers": 2
    },
    {
      "phase": "reflection",
      "round": 3,
      "from": "qwen_3_235b_a22b_2507_1",
      "content": "Collaborative framing and active listening have built trust, but rigid positions on core demands are stalling progress. I should experiment with integrative bargaining\u2014uncovering hidden interests and proposing creative trade-offs\u2014to unlock value and shift from positional deadlock.",
      "timestamp": 1755508864.682256
    },
    {
      "phase": "reflection",
      "round": 3,
      "from": "gemini_pro_2",
      "content": "My strategy of anchoring on objective data has effectively framed the core issues, but to break the impasse, I must now pivot from defending a position to introducing a creative concession that addresses their stated interests.",
      "timestamp": 1755508886.013068
    },
    {
      "phase": "discussion",
      "round": 4,
      "from": "qwen_3_235b_a22b_2507_1",
      "content": "I'm particularly interested in Item_0 and Item_3\u2014they're high priority for me. That said, I could be flexible on Item_1 if you're open to giving up Item_3. A trade like Item_0 and Item_1 for Item_3 and Item_4 might work well if that aligns with your goals.",
      "timestamp": 1755508887.5887659,
      "speaker_order": 1,
      "total_speakers": 2
    },
    {
      "phase": "discussion",
      "round": 4,
      "from": "gemini_pro_2",
      "content": "My priorities are becoming clearer now, and Item_3 is definitely a key piece for me. I'd be willing to package some other items to make that happen. For instance, I could see a deal where I get Item_3, and you could take Item_2 and Item_4.",
      "timestamp": 1755508901.0653708,
      "speaker_order": 2,
      "total_speakers": 2
    },
    {
      "phase": "reflection",
      "round": 4,
      "from": "qwen_3_235b_a22b_2507_1",