{
  "run_index": 2,
  "experiment_config": {
    "num_agents": 2,
    "num_items": 6,
    "max_rounds": 10,
    "competition_level": 0.95,
    "discount_factor": 0.9
  },
  "agents": [
    "qwen_3_235b_a22b_2507_1",
    "claude_4_sonnet_2"
  ],
  "agent_models": {
    "qwen_3_235b_a22b_2507_1": "qwen/qwen3-235b-a22b-2507",
    "claude_4_sonnet_2": "anthropic/claude-sonnet-4"
  },
  "initial_preferences_matrix": [
    [
      2.796196387909716,
      2.097824171438237,
      5.543040171614456,
      4.551093396264511,
      7.550103275910713,
      2.9544961296254413
    ],
    [
      1.0454680184879719,
      1.9521837834405233,
      7.657549846344345,
      3.6477972297873795,
      7.198947202275025,
      0.8468015083405448
    ]
  ],
  "initial_preferences_by_agent": {
    "qwen_3_235b_a22b_2507_1": {
      "item_0": 2.796196387909716,
      "item_1": 2.097824171438237,
      "item_2": 5.543040171614456,
      "item_3": 4.551093396264511,
      "item_4": 7.550103275910713,
      "item_5": 2.9544961296254413
    },
    "claude_4_sonnet_2": {
      "item_0": 1.0454680184879719,
      "item_1": 1.9521837834405233,
      "item_2": 7.657549846344345,
      "item_3": 3.6477972297873795,
      "item_4": 7.198947202275025,
      "item_5": 0.8468015083405448
    }
  },
  "preference_cosine_similarities": {
    "agent_0_vs_agent_1": 0.9499999999999997
  },
  "negotiation_outcome": {
    "consensus_reached": true,
    "final_round": 1,
    "final_allocation": {
      "qwen_3_235b_a22b_2507_1": [
        0,
        1,
        2
      ],
      "claude_4_sonnet_2": [
        3,
        4,
        5
      ]
    },
    "final_utilities": {
      "qwen_3_235b_a22b_2507_1": 7.3846811149581,
      "claude_4_sonnet_2": 14.83911307442383
    },
    "utility_realized": null
  },
  "complete_conversation_log": [
    {
      "phase": "discussion",
      "round": 1,
      "from": "qwen_3_235b_a22b_2507_1",
      "content": "I'm particularly interested in Item_0 and Item_3\u2014they're high priority for me. I'm open to trading Item_1 or Item_5 in exchange for either of those, depending on what you're looking for. Let's explore bundles that maximize value for both of us.",
      "timestamp": 1755502401.490958,
      "speaker_order": 1,
      "total_speakers": 2
    },
    {
      "phase": "discussion",
      "round": 1,
      "from": "claude_4_sonnet_2",
      "content": "I'm particularly interested in Items 2, 4, and 5, as they align well with my priorities and would provide significant value to me. I'd be open to exploring a deal where I take those three items while you get Items 0, 1, and 3 - this could work well if your preferences complement mine differently. What items are you most drawn to, and do you see potential for a mutually beneficial arrangement?",
      "timestamp": 1755502405.698866,
      "speaker_order": 2,
      "total_speakers": 2
    }
  ],
  "all_proposals": [],
  "all_votes": [],
  "round_summaries": [],
  "timestamp": "2025-08-18T00:33:47.622589",
  "duration_seconds": 29.103534936904907,
  "metrics": {
    "mean_utility": 11.111897094690965,
    "max_utility": 14.83911307442383,
    "min_utility": 7.3846811149581,
    "utility_spread": 7.45443195946573
  }
}