{
  "run_index": 4,
  "experiment_config": {
    "num_agents": 2,
    "num_items": 6,
    "max_rounds": 10,
    "competition_level": 0.95,
    "discount_factor": 0.9
  },
  "agents": [
    "gemini_pro_1",
    "qwen_3_235b_a22b_2507_2"
  ],
  "agent_models": {
    "gemini_pro_1": "google/gemini-2.5-pro",
    "qwen_3_235b_a22b_2507_2": "qwen/qwen3-235b-a22b-2507"
  },
  "initial_preferences_matrix": [
    [
      6.657058053515771,
      2.061507035897524,
      4.974027180546406,
      8.23914867560012,
      8.701155656453869,
      8.48432030453153
    ],
    [
      7.808872463406948,
      5.532026079991481,
      3.3189128187284838,
      8.755044580006881,
      5.214478491210009,
      9.07997663736729
    ]
  ],
  "initial_preferences_by_agent": {
    "gemini_pro_1": {
      "item_0": 6.657058053515771,
      "item_1": 2.061507035897524,
      "item_2": 4.974027180546406,
      "item_3": 8.23914867560012,
      "item_4": 8.701155656453869,
      "item_5": 8.48432030453153
    },
    "qwen_3_235b_a22b_2507_2": {
      "item_0": 7.808872463406948,
      "item_1": 5.532026079991481,
      "item_2": 3.3189128187284838,
      "item_3": 8.755044580006881,
      "item_4": 5.214478491210009,
      "item_5": 9.07997663736729
    }
  },
  "preference_cosine_similarities": {
    "agent_0_vs_agent_1": 0.95
  },
  "negotiation_outcome": {
    "consensus_reached": false,
    "final_round": 10,
    "final_allocation": null,
    "final_utilities": null,
    "utility_realized": null
  },
  "complete_conversation_log": [
    {
      "phase": "discussion",
      "round": 1,
      "from": "gemini_pro_1",
      "content": "I'm primarily interested in Item_1 and Item_4, as they seem to be the most valuable. I'm open to a deal where we each get one of those and then split the remaining items. What are your thoughts on that initial approach?",
      "timestamp": 1755509663.548178,
      "speaker_order": 1,
      "total_speakers": 2
    },
    {
      "phase": "discussion",
      "round": 1,
      "from": "qwen_3_235b_a22b_2507_2",
      "content": "I'm particularly interested in Item_0 and Item_3\u2014they're my top priorities. I'd be open to trading Item_1 or Item_5 if it helps me secure one of those, but I\u2019d prefer to keep Item_2 regardless. A deal giving me Item_0 in exchange for Item_1 and Item_5 could work, but I\u2019m also listening to other proposals.",
      "timestamp": 1755509666.651236,
      "speaker_order": 2,
      "total_speakers": 2
    },
    {
      "phase": "reflection",
      "round": 1,
      "from": "gemini_pro_1",
      "content": "My initial data-driven approach has successfully framed the key issues, but I now need to pivot toward understanding their underlying interests and exploring creative concessions to bridge the gap.",
      "timestamp": 1755509704.051081
    },
    {
      "phase": "reflection",
      "round": 1,
      "from": "qwen_3_235b_a22b_2507_2",
      "content": "So far, clarifying priorities and actively listening have helped build mutual understanding, but rigid positioning on trade-offs has stalled progress. I should explore value-creating alternatives and propose integrative solutions to break the impasse.",
      "timestamp": 1755509704.886881
    },
    {
      "phase": "discussion",
      "round": 2,
      "from": "gemini_pro_1",
      "content": "I'm still evaluating all the items, but I'm most interested in Item_2 and Item_5. I'd be open to a deal where I get those two and you get three of the remaining four items.",
      "timestamp": 1755509717.581255,
      "speaker_order": 1,
      "total_speakers": 2
    },
    {
      "phase": "discussion",
      "round": 2,
      "from": "qwen_3_235b_a22b_2507_2",
      "content": "I'm particularly interested in Item_0 and Item_3\u2014they're high priority for me. That said, I could be flexible on Item_1 if you're open to giving up Item_3; a swap involving Item_0 and Item_4 for your Item_3 could work well.",
      "timestamp": 1755509750.346003,
      "speaker_order": 2,
      "total_speakers": 2
    },
    {
      "phase": "reflection",
      "round": 2,
      "from": "gemini_pro_1",
      "content": "My strategy of clearly stating my priorities has established a baseline, but since we are at an impasse, I must shift from defending my position to asking questions that uncover their underlying interests and allow us to generate new options together.",
      "timestamp": 1755509867.833243
    },
    {
      "phase": "reflection",
      "round": 2,
      "from": "qwen_3_235b_a22b_2507_2",
      "content": "So far, emphasizing mutual gains and active listening has helped build trust, but rigid positions on core interests are stalling progress. I should explore integrative tactics more deeply\u2014perhaps by identifying unmet needs or introducing creative trade-offs that align with both parties\u2019 priorities.",
      "timestamp": 1755509870.658006
    },
    {
      "phase": "discussion",
      "round": 3,
      "from": "gemini_pro_1",
      "content": "My main focus is on acquiring Item_0 and Item_1, as they are the most valuable to me. I would be open to a deal where I receive those two items and Item_3, leaving you with the remaining three items. Let me know if that works as a starting point for us.",
      "timestamp": 1755509884.1464581,
      "speaker_order": 1,
      "total_speakers": 2
    },
    {
      "phase": "discussion",
      "round": 3,
      "from": "qwen_3_235b_a22b_2507_2",
      "content": "I'm particularly interested in Item_0 and Item_3\u2014they align best with my priorities. That said, I could be flexible on Item_5 if you're willing to concede on one of those.",
      "timestamp": 1755509890.9982212,
      "speaker_order": 2,
      "total_speakers": 2
    },
    {
      "phase": "reflection",
      "round": 3,
      "from": "gemini_pro_1",
      "content": "While exchanging our core priorities has been productive, our positional approach has led to a stalemate; I propose we now shift to collaboratively brainstorming a package solution that addresses our underlying interests in a new way.",
      "timestamp": 1755509964.330013
    },
    {
      "phase": "reflection",
      "round": 3,
      "from": "qwen_3_235b_a22b_2507_2",
      "content": "The collaborative framing and active listening have helped maintain constructive dialogue, but progress is stalled due to unmet underlying interests. I should shift toward integrative tactics\u2014such as proposing multi-issue trade-offs or third-party benchmarks\u2014to unlock value and break the impasse.",
      "timestamp": 1755509971.14836
    },
    {
      "phase": "discussion",
      "round": 4,
      "from": "gemini_pro_1",
      "content": "My main priorities are shaping up to be Item_4 and Item_0. I believe securing those would be a great outcome for me, but I'm open to discussing other possibilities. What are your thoughts on a potential split?",
      "timestamp": 1755509983.711935,
      "speaker_order": 1,
      "total_speakers": 2
    },
    {
      "phase": "discussion",
      "round": 4,
      "from": "qwen_3_235b_a22b_2507_2",
      "content": "I'm particularly interested in Item_0 and Item_3\u2014they're high priority for me. That said, I could be flexible on Item_1 if you're willing to concede on Item_3. Let\u2019s explore a split where I take Item_0 and Item_3, and you get Item_1, Item_2, and the others\u2014might be a starting point.",
      "timestamp": 1755509985.37896,
      "speaker_order": 2,
      "total_speakers": 2
    },
    {
      "phase": "reflection",
      "round": 4,
      "from": "gemini_pro_1",
      "content": "My collaborative approach of exploring interests has successfully kept the dialogue open, but it has led to a stalemate on a core issue. I must now pivot from incremental concessions to proposing a bold, comprehensive package deal that reframes the value proposition entirely.",
      "timestamp": 1755510075.0018098
    },
    {
      "phase": "reflection",