{
  "run_index": 5,
  "experiment_config": {
    "num_agents": 2,
    "num_items": 6,
    "max_rounds": 10,
    "competition_level": 0.95,
    "discount_factor": 0.9
  },
  "agents": [
    "gemini_pro_1",
    "qwen_3_235b_a22b_2507_2"
  ],
  "agent_models": {
    "gemini_pro_1": "google/gemini-2.5-pro",
    "qwen_3_235b_a22b_2507_2": "qwen/qwen3-235b-a22b-2507"
  },
  "initial_preferences_matrix": [
    [
      1.558273229566084,
      4.537687853972695,
      0.8522777594156472,
      0.15790681466615109,
      0.6098595108116922,
      0.7420939676041216
    ],
    [
      2.428561518733947,
      3.941538744496362,
      0.5837724992280758,
      1.223170456259825,
      0.46192161883187394,
      1.099465295750934
    ]
  ],
  "initial_preferences_by_agent": {
    "gemini_pro_1": {
      "item_0": 1.558273229566084,
      "item_1": 4.537687853972695,
      "item_2": 0.8522777594156472,
      "item_3": 0.15790681466615109,
      "item_4": 0.6098595108116922,
      "item_5": 0.7420939676041216
    },
    "qwen_3_235b_a22b_2507_2": {
      "item_0": 2.428561518733947,
      "item_1": 3.941538744496362,
      "item_2": 0.5837724992280758,
      "item_3": 1.223170456259825,
      "item_4": 0.46192161883187394,
      "item_5": 1.099465295750934
    }
  },
  "preference_cosine_similarities": {
    "agent_0_vs_agent_1": 0.95
  },
  "negotiation_outcome": {
    "consensus_reached": false,
    "final_round": 10,
    "final_allocation": null,
    "final_utilities": null,
    "utility_realized": null
  },
  "complete_conversation_log": [
    {
      "phase": "discussion",
      "round": 1,
      "from": "gemini_pro_1",
      "content": "I'm primarily interested in Item_0, but I also see some value in Item_3. I'm open to any deal that seems fair, so I'm curious to hear what items you have your eye on.",
      "timestamp": 1755510568.375293,
      "speaker_order": 1,
      "total_speakers": 2
    },
    {
      "phase": "discussion",
      "round": 1,
      "from": "qwen_3_235b_a22b_2507_2",
      "content": "I'm particularly interested in Item_0 and Item_3\u2014they're my top priorities. I\u2019d be open to trading Item_1 or Item_5 if it means securing one of those, but I\u2019d need something of comparable value in return. A deal involving Item_0 for Item_2 and Item_4 might work, though I\u2019m also open to other combinations.",
      "timestamp": 1755510571.313496,
      "speaker_order": 2,
      "total_speakers": 2
    },
    {
      "phase": "reflection",
      "round": 1,
      "from": "gemini_pro_1",
      "content": "My strategy of clearly articulating our core needs has successfully laid the groundwork and established the current gap. To make progress, I will now shift from restating positions to exploring the underlying interests behind them to uncover creative, mutually beneficial solutions.",
      "timestamp": 1755510625.048183
    },
    {
      "phase": "reflection",
      "round": 1,
      "from": "qwen_3_235b_a22b_2507_2",
      "content": "The collaborative framing and active listening helped build rapport, but progress stalled due to misaligned priorities. I should shift toward interest-based bargaining, clarifying underlying needs and exploring trade-offs to unlock value.",
      "timestamp": 1755510626.9732249
    },
    {
      "phase": "discussion",
      "round": 2,
      "from": "gemini_pro_1",
      "content": "My main interests are in Item_2 and Item_5, as they would be the most useful for me. I think a fair outcome would be for each of us to receive three items, and I am flexible on which ones those are. What are your thoughts on an even split?",
      "timestamp": 1755510641.9446049,
      "speaker_order": 1,
      "total_speakers": 2
    },
    {
      "phase": "discussion",
      "round": 2,
      "from": "qwen_3_235b_a22b_2507_2",
      "content": "I'm particularly interested in Item_2 and Item_4, as they align closely with my priorities. I'd be open to trading Item_1 or Item_3 in exchange for one of those, depending on what the other party values.",
      "timestamp": 1755510642.3064692,
      "speaker_order": 2,
      "total_speakers": 2
    },
    {
      "phase": "reflection",
      "round": 2,
      "from": "gemini_pro_1",
      "content": "My strategy of clearly defining my position has established my boundaries but has also created a stalemate. I need to shift from defending my stance to asking diagnostic questions that uncover their underlying interests, which may reveal new paths to a solution.",
      "timestamp": 1755510707.205939
    },
    {
      "phase": "reflection",
      "round": 2,
      "from": "qwen_3_235b_a22b_2507_2",
      "content": "The collaborative framing and active listening have helped maintain constructive dialogue, but progress is hindered by rigid positional bargaining. I should shift toward integrative strategies\u2014focusing more on uncovering underlying interests and proposing creative trade-offs to break the impasse.",
      "timestamp": 1755510710.690242
    },
    {
      "phase": "discussion",
      "round": 3,
      "from": "gemini_pro_1",
      "content": "I'm primarily interested in securing Item_1 and Item_4 for myself. I see value in both of them and am willing to build a deal around that pairing. What are your priorities this round?",
      "timestamp": 1755510722.129633,
      "speaker_order": 1,
      "total_speakers": 2
    },
    {
      "phase": "discussion",
      "round": 3,
      "from": "qwen_3_235b_a22b_2507_2",
      "content": "I'm particularly interested in Item_0 and Item_3\u2014they hold the highest value for me. A deal where I receive both of those in exchange for Item_1 and Item_5 could work well, though I\u2019d also consider alternatives that include Item_2 as compensation.",
      "timestamp": 1755510723.2902322,
      "speaker_order": 2,
      "total_speakers": 2
    },
    {
      "phase": "reflection",
      "round": 3,
      "from": "gemini_pro_1",
      "content": "While our dialogue has successfully clarified our respective positions, we are stuck in a positional deadlock. To move forward, I must now shift from debating our stated terms to exploring the underlying interests driving them, which will help us uncover creative, mutually beneficial trade-offs.",
      "timestamp": 1755510773.3718772
    },
    {
      "phase": "reflection",
      "round": 3,
      "from": "qwen_3_235b_a22b_2507_2",
      "content": "The collaborative framing and active listening have helped maintain constructive dialogue, but clearer anchoring on shared interests could strengthen alignment. I should introduce more explicit trade-off proposals to unlock value and move closer to consensus.",
      "timestamp": 1755510779.7559948
    },
    {
      "phase": "discussion",
      "round": 4,
      "from": "gemini_pro_1",
      "content": "My main interests lie with Item_4 and Item_0. I'm willing to be flexible on the other items, so perhaps we can build a deal around that foundation. What are your thoughts on that?",
      "timestamp": 1755510798.290268,
      "speaker_order": 1,
      "total_speakers": 2
    },
    {
      "phase": "discussion",
      "round": 4,
      "from": "qwen_3_235b_a22b_2507_2",
      "content": "I'm particularly interested in Item_0 and Item_3\u2014they're high priority for me. That said, I could be flexible on Item_1 if you're open to giving up Item_3. Let\u2019s explore trades where I take Item_0 and Item_3, and you get the rest\u2014could that work for you?",
      "timestamp": 1755510799.851688,
      "speaker_order": 2,
      "total_speakers": 2
    },
    {
      "phase": "reflection",
      "round": 4,
      "from": "gemini_pro_1",
      "content": "My strategy of making firm, principled concessions has clearly defined my position, but it has resulted in a positional stalemate. I need to pivot from debating our positions to exploring their underlying interests, which may reveal opportunities for creative, multi-issue proposals.",