{
  "run_index": 1,
  "experiment_config": {
    "num_agents": 2,
    "num_items": 6,
    "max_rounds": 10,
    "competition_level": 0.95,
    "discount_factor": 0.9
  },
  "agents": [
    "gemini_pro_1",
    "qwen_3_235b_a22b_2507_2"
  ],
  "agent_models": {
    "gemini_pro_1": "google/gemini-2.5-pro",
    "qwen_3_235b_a22b_2507_2": "qwen/qwen3-235b-a22b-2507"
  },
  "initial_preferences_matrix": [
    [
      3.5553467233090466,
      9.047296226772342,
      0.732006200973484,
      4.832225443578429,
      5.212746730807021,
      0.8474686680579957
    ],
    [
      4.228178926464865,
      6.486188782008847,
      2.7996367091127654,
      6.501398946948762,
      5.921119562532445,
      1.075766695134914
    ]
  ],
  "initial_preferences_by_agent": {
    "gemini_pro_1": {
      "item_0": 3.5553467233090466,
      "item_1": 9.047296226772342,
      "item_2": 0.732006200973484,
      "item_3": 4.832225443578429,
      "item_4": 5.212746730807021,
      "item_5": 0.8474686680579957
    },
    "qwen_3_235b_a22b_2507_2": {
      "item_0": 4.228178926464865,
      "item_1": 6.486188782008847,
      "item_2": 2.7996367091127654,
      "item_3": 6.501398946948762,
      "item_4": 5.921119562532445,
      "item_5": 1.075766695134914
    }
  },
  "preference_cosine_similarities": {
    "agent_0_vs_agent_1": 0.95
  },
  "negotiation_outcome": {
    "consensus_reached": true,
    "final_round": 8,
    "final_allocation": {
      "gemini_pro_1": [
        0,
        1,
        2
      ],
      "qwen_3_235b_a22b_2507_2": [
        3,
        4,
        5
      ]
    },
    "final_utilities": {
      "gemini_pro_1": 5.932573794847677,
      "qwen_3_235b_a22b_2507_2": 7.136674973395919
    },
    "utility_realized": null
  },
  "complete_conversation_log": [
    {
      "phase": "discussion",
      "round": 1,
      "from": "gemini_pro_1",
      "content": "All the items have some potential value, so I'm keeping an open mind at this early stage. I'm most interested in hearing what you are prioritizing so we can start to find a mutually beneficial path forward. I'm confident we can find a deal that works for both of us.",
      "timestamp": 1755507475.095696,
      "speaker_order": 1,
      "total_speakers": 2
    },
    {
      "phase": "discussion",
      "round": 1,
      "from": "qwen_3_235b_a22b_2507_2",
      "content": "I'm particularly interested in Item_0 and Item_3\u2014they\u2019re my top priorities. I\u2019d be open to trading Item_1 or Item_5 if it means securing one of those, but I\u2019d prefer to keep Item_4 out of any deal.",
      "timestamp": 1755507476.339277,
      "speaker_order": 2,
      "total_speakers": 2
    },
    {
      "phase": "reflection",
      "round": 1,
      "from": "gemini_pro_1",
      "content": "Clearly articulating my position and rationale has established a solid foundation, but to move forward, I must now shift from defending that position to asking probing questions that uncover their underlying interests and create opportunities for mutual gain.",
      "timestamp": 1755507514.3328
    },
    {
      "phase": "reflection",
      "round": 1,
      "from": "qwen_3_235b_a22b_2507_2",
      "content": "So far, collaborative framing and active listening have helped build rapport, but more clarity is needed on underlying interests to move beyond positional bargaining. I should focus on uncovering priorities and experimenting with value-creating trade-offs in the next round.",
      "timestamp": 1755507515.5312908
    },
    {
      "phase": "discussion",
      "round": 2,
      "from": "gemini_pro_1",
      "content": "My main priorities are Item_2 and Item_4, as they hold the most value for me. What items are you most interested in so we can start looking for a fair trade? I'm confident we can find a deal that benefits us both.",
      "timestamp": 1755507528.541915,
      "speaker_order": 1,
      "total_speakers": 2
    },
    {
      "phase": "discussion",
      "round": 2,
      "from": "qwen_3_235b_a22b_2507_2",
      "content": "I'm particularly interested in Item_0 and Item_3\u2014they're high priority for me. That said, I'm open to trading either in exchange for Item_1 or Item_4, depending on the package. A deal involving Item_2 as a sweetener could also make sense.",
      "timestamp": 1755507530.978135,
      "speaker_order": 2,
      "total_speakers": 2
    },
    {
      "phase": "reflection",
      "round": 2,
      "from": "gemini_pro_1",
      "content": "My strategy of anchoring on my primary interests has successfully established the negotiation's parameters, but a positional, tit-for-tat approach has led to a stalemate. To break the deadlock, I must now shift from defending my position to exploring their underlying interests and proposing a creative, multi-variable solution.",
      "timestamp": 1755507592.178487
    },
    {
      "phase": "reflection",
      "round": 2,
      "from": "qwen_3_235b_a22b_2507_2",
      "content": "So far, emphasizing mutual gains and active listening has helped build trust, but we need to clarify decision-making criteria early to avoid prolonged stalemates. I should focus more on anchoring proposals with objective benchmarks to align expectations efficiently.",
      "timestamp": 1755507594.4761658
    },
    {
      "phase": "discussion",
      "round": 3,
      "from": "gemini_pro_1",
      "content": "My main interests are definitely Item_0 and Item_5, as they are the cornerstones of the set I am trying to build. I would consider trading Item_1 and Item_3 to you if you'd be willing to part with Item_0. What are your thoughts on a deal like that?",
      "timestamp": 1755507612.615325,
      "speaker_order": 1,
      "total_speakers": 2
    },
    {
      "phase": "discussion",
      "round": 3,
      "from": "qwen_3_235b_a22b_2507_2",
      "content": "I'm particularly interested in Item_0 and Item_3\u2014they hold the highest value for me due to their strategic utility. That said, I\u2019m open to creative deals; perhaps a trade involving Item_1 or Item_5 could work if it includes one of my priority items.",
      "timestamp": 1755507613.939199,
      "speaker_order": 2,
      "total_speakers": 2
    },
    {
      "phase": "reflection",
      "round": 3,
      "from": "gemini_pro_1",
      "content": "My focus on identifying their underlying interests has kept the negotiation constructive, but it's clear that positional bargaining is causing a stalemate. I will now pivot to proposing a creative package deal, bundling issues together to create new avenues for mutual gain and break the deadlock.",
      "timestamp": 1755507656.695591
    },
    {
      "phase": "reflection",
      "round": 3,
      "from": "qwen_3_235b_a22b_2507_2",
      "content": "So far, emphasizing mutual gains and active listening has helped build trust, but rigid positions on key terms are stalling progress. I should explore integrative solutions by uncovering underlying interests and propose creative trade-offs to break the impasse.",
      "timestamp": 1755507657.9395661
    },
    {
      "phase": "discussion",
      "round": 4,
      "from": "gemini_pro_1",
      "content": "My focus is primarily on acquiring Item_2 and Item_0, as they are the most valuable to me. I'm open to a fair split, perhaps where we each end up with three items. What are you hoping to get out of this negotiation?",
      "timestamp": 1755507671.547629,
      "speaker_order": 1,
      "total_speakers": 2
    },
    {
      "phase": "discussion",
      "round": 4,
      "from": "qwen_3_235b_a22b_2507_2",
      "content": "I'm particularly interested in Item_0 and Item_3\u2014they're high priority for me. That said, I could see a deal where I take Item_0, Item_2, and Item_5 if the other party values Item_3 more and is willing to trade something of comparable value. Open to creative bundles that reflect mutual priorities.",
      "timestamp": 1755507673.307956,
      "speaker_order": 2,