{
  "run_index": 4,
  "experiment_config": {
    "num_agents": 2,
    "num_items": 6,
    "max_rounds": 10,
    "competition_level": 0.95,
    "discount_factor": 0.9
  },
  "agents": [
    "qwen_3_235b_a22b_2507_1",
    "llama_3_1_405b_2"
  ],
  "agent_models": {
    "qwen_3_235b_a22b_2507_1": "qwen/qwen3-235b-a22b-2507",
    "llama_3_1_405b_2": "meta-llama/llama-3.1-405b-instruct"
  },
  "initial_preferences_matrix": [
    [
      1.1336793667434308,
      4.873999092449076,
      6.721588153393774,
      7.284203467296154,
      7.2568938152660465,
      6.043289240390088
    ],
    [
      4.0550352632359274,
      4.6834712355164125,
      7.628946528013291,
      5.5319003041210015,
      4.893850295031027,
      7.831576188319717
    ]
  ],
  "initial_preferences_by_agent": {
    "qwen_3_235b_a22b_2507_1": {
      "item_0": 1.1336793667434308,
      "item_1": 4.873999092449076,
      "item_2": 6.721588153393774,
      "item_3": 7.284203467296154,
      "item_4": 7.2568938152660465,
      "item_5": 6.043289240390088
    },
    "llama_3_1_405b_2": {
      "item_0": 4.0550352632359274,
      "item_1": 4.6834712355164125,
      "item_2": 7.628946528013291,
      "item_3": 5.5319003041210015,
      "item_4": 4.893850295031027,
      "item_5": 7.831576188319717
    }
  },
  "preference_cosine_similarities": {
    "agent_0_vs_agent_1": 0.95
  },
  "negotiation_outcome": {
    "consensus_reached": true,
    "final_round": 2,
    "final_allocation": {
      "qwen_3_235b_a22b_2507_1": [
        0,
        1,
        2
      ],
      "llama_3_1_405b_2": [
        3,
        4,
        5
      ]
    },
    "final_utilities": {
      "qwen_3_235b_a22b_2507_1": 9.170838581482919,
      "llama_3_1_405b_2": 8.808797402621298
    },
    "utility_realized": null
  },
  "complete_conversation_log": [
    {
      "phase": "discussion",
      "round": 1,
      "from": "qwen_3_235b_a22b_2507_1",
      "content": "I'm particularly interested in Item_0 and Item_3\u2014they're high priority for me. I could be open to trading one of them for Item_1 or Item_5, depending on the package. A bundle like Item_0 for Item_1 plus something small might work.",
      "timestamp": 1755507130.8944,
      "speaker_order": 1,
      "total_speakers": 2
    },
    {
      "phase": "discussion",
      "round": 1,
      "from": "llama_3_1_405b_2",
      "content": "I'm particularly interested in acquiring Item_2 and Item_5, as I believe they hold significant value. I'd be open to negotiating a trade involving Item_1 or Item_3 in exchange for one of these items. A potential deal could be Item_1 and Item_3 for Item_2, but I'm willing to listen to alternative proposals.",
      "timestamp": 1755507133.1870122,
      "speaker_order": 2,
      "total_speakers": 2
    },
    {
      "phase": "reflection",
      "round": 1,
      "from": "qwen_3_235b_a22b_2507_1",
      "content": "The collaborative framing and active listening have helped build rapport, but more assertive agenda-setting may be needed to advance stalled points. I should balance relationship-building with clearer issue-linking to drive trade-offs.",
      "timestamp": 1755507157.826147
    },
    {
      "phase": "reflection",
      "round": 1,
      "from": "llama_3_1_405b_2",
      "content": "Upon reflection, my initial open-ended questions and active listening approach have helped establish a rapport and encouraged the counterpart to share their interests and concerns. However, to move towards a consensus, I should try differently by introducing more concrete and creative proposals that address the counterpart's specific needs and priorities.",
      "timestamp": 1755507159.684109
    },
    {
      "phase": "discussion",
      "round": 2,
      "from": "qwen_3_235b_a22b_2507_1",
      "content": "I'm particularly interested in Item_0 and Item_3\u2014they're high priority for me. That said, I could be flexible on Item_1 or Item_5 if you're open to giving up Item_0 or Item_3. Let\u2019s explore trades where we both get core priorities met.",
      "timestamp": 1755507160.872004,
      "speaker_order": 1,
      "total_speakers": 2
    },
    {
      "phase": "discussion",
      "round": 2,
      "from": "llama_3_1_405b_2",
      "content": "I am particularly interested in Item_2 and Item_5. I would be open to a deal involving trading Item_0 and Item_4 for those two items. However, Item_3 also holds some appeal, so I may be convinced to include that in a potential trade as well.",
      "timestamp": 1755507167.011908,
      "speaker_order": 2,
      "total_speakers": 2
    }
  ],
  "all_proposals": [],
  "all_votes": [],
  "round_summaries": [],
  "timestamp": "2025-08-18T01:53:02.284628",
  "duration_seconds": 52.99112296104431,
  "metrics": {
    "mean_utility": 8.989817992052108,
    "max_utility": 9.170838581482919,
    "min_utility": 8.808797402621298,
    "utility_spread": 0.36204117886162024
  }
}