{
  "run_index": 5,
  "experiment_config": {
    "num_agents": 2,
    "num_items": 6,
    "max_rounds": 10,
    "competition_level": 0.95,
    "discount_factor": 0.9
  },
  "agents": [
    "qwen_3_235b_a22b_2507_1",
    "llama_3_1_405b_2"
  ],
  "agent_models": {
    "qwen_3_235b_a22b_2507_1": "qwen/qwen3-235b-a22b-2507",
    "llama_3_1_405b_2": "meta-llama/llama-3.1-405b-instruct"
  },
  "initial_preferences_matrix": [
    [
      8.48773916414464,
      7.375089089137379,
      2.0873135490359926,
      8.40881671842779,
      4.462546630773085,
      7.789608588190155
    ],
    [
      8.657651196283222,
      4.783737179708866,
      4.757506134153704,
      7.246882479913231,
      7.927732561987259,
      6.800873217961661
    ]
  ],
  "initial_preferences_by_agent": {
    "qwen_3_235b_a22b_2507_1": {
      "item_0": 8.48773916414464,
      "item_1": 7.375089089137379,
      "item_2": 2.0873135490359926,
      "item_3": 8.40881671842779,
      "item_4": 4.462546630773085,
      "item_5": 7.789608588190155
    },
    "llama_3_1_405b_2": {
      "item_0": 8.657651196283222,
      "item_1": 4.783737179708866,
      "item_2": 4.757506134153704,
      "item_3": 7.246882479913231,
      "item_4": 7.927732561987259,
      "item_5": 6.800873217961661
    }
  },
  "preference_cosine_similarities": {
    "agent_0_vs_agent_1": 0.9500000000000001
  },
  "negotiation_outcome": {
    "consensus_reached": true,
    "final_round": 1,
    "final_allocation": {
      "qwen_3_235b_a22b_2507_1": [
        0,
        1,
        2
      ],
      "llama_3_1_405b_2": [
        3,
        4,
        5
      ]
    },
    "final_utilities": {
      "qwen_3_235b_a22b_2507_1": 15.753314101971759,
      "llama_3_1_405b_2": 8.34127464664612
    },
    "utility_realized": null
  },
  "complete_conversation_log": [
    {
      "phase": "discussion",
      "round": 1,
      "from": "qwen_3_235b_a22b_2507_1",
      "content": "I'm particularly interested in Item_0 and Item_2\u2014they're high priority for me. I'm open to trading Item_1 or Item_5 if it means securing one of those two; a fair deal could involve swapping my Item_1 for someone else's Item_0.",
      "timestamp": 1755507183.935143,
      "speaker_order": 1,
      "total_speakers": 2
    },
    {
      "phase": "discussion",
      "round": 1,
      "from": "llama_3_1_405b_2",
      "content": "I am most interested in Item_2 and Item_5. I would be open to trading Item_0 or Item_3 in exchange for one of my preferred items. Alternatively, a combination trade involving multiple lower-value items could also be compelling to me.",
      "timestamp": 1755507186.89426,
      "speaker_order": 2,
      "total_speakers": 2
    }
  ],
  "all_proposals": [],
  "all_votes": [],
  "round_summaries": [],
  "timestamp": "2025-08-18T01:53:26.989322",
  "duration_seconds": 24.698307752609253,
  "metrics": {
    "mean_utility": 12.04729437430894,
    "max_utility": 15.753314101971759,
    "min_utility": 8.34127464664612,
    "utility_spread": 7.412039455325639
  }
}