{
  "run_index": 6,
  "experiment_config": {
    "num_agents": 2,
    "num_items": 6,
    "max_rounds": 10,
    "competition_level": 0.95,
    "discount_factor": 0.9
  },
  "agents": [
    "qwen_3_235b_a22b_2507_1",
    "llama_3_1_405b_2"
  ],
  "agent_models": {
    "qwen_3_235b_a22b_2507_1": "qwen/qwen3-235b-a22b-2507",
    "llama_3_1_405b_2": "meta-llama/llama-3.1-405b-instruct"
  },
  "initial_preferences_matrix": [
    [
      9.355543642865813,
      9.91694912819724,
      3.755268990294182,
      2.0846917977395907,
      9.45504497889019,
      0.814993776827232
    ],
    [
      7.979557786088577,
      10.0,
      1.9436474427001547,
      4.724430768557967,
      6.414562636610383,
      0.9167298853027843
    ]
  ],
  "initial_preferences_by_agent": {
    "qwen_3_235b_a22b_2507_1": {
      "item_0": 9.355543642865813,
      "item_1": 9.91694912819724,
      "item_2": 3.755268990294182,
      "item_3": 2.0846917977395907,
      "item_4": 9.45504497889019,
      "item_5": 0.814993776827232
    },
    "llama_3_1_405b_2": {
      "item_0": 7.979557786088577,
      "item_1": 10.0,
      "item_2": 1.9436474427001547,
      "item_3": 4.724430768557967,
      "item_4": 6.414562636610383,
      "item_5": 0.9167298853027843
    }
  },
  "preference_cosine_similarities": {
    "agent_0_vs_agent_1": 0.9661846981063766
  },
  "negotiation_outcome": {
    "consensus_reached": true,
    "final_round": 1,
    "final_allocation": {
      "qwen_3_235b_a22b_2507_1": [
        0,
        1,
        2
      ],
      "llama_3_1_405b_2": [
        3,
        4,
        5
      ]
    },
    "final_utilities": {
      "qwen_3_235b_a22b_2507_1": 24.126710127724543,
      "llama_3_1_405b_2": 18.288551579816584
    },
    "utility_realized": null
  },
  "complete_conversation_log": [
    {
      "phase": "discussion",
      "round": 1,
      "from": "qwen_3_235b_a22b_2507_1",
      "content": "I'm particularly interested in Item_0 and Item_3\u2014they're my top priorities. I'd be open to trading Item_1 or Item_5 if it helps secure either of those.",
      "timestamp": 1755507208.2694888,
      "speaker_order": 1,
      "total_speakers": 2
    },
    {
      "phase": "discussion",
      "round": 1,
      "from": "llama_3_1_405b_2",
      "content": "I'm particularly interested in Item_2 and Item_5, as they hold significant value for me. I'd be open to negotiating a package deal involving these two items, perhaps offering concessions on Item_1 or Item_3 in exchange for a favorable agreement. A trade involving Item_2 and Item_4 could also be a viable option, depending on the terms.",
      "timestamp": 1755507211.063413,
      "speaker_order": 2,
      "total_speakers": 2
    }
  ],
  "all_proposals": [],
  "all_votes": [],
  "round_summaries": [],
  "timestamp": "2025-08-18T01:53:45.749489",
  "duration_seconds": 18.75769305229187,
  "metrics": {
    "mean_utility": 21.207630853770564,
    "max_utility": 24.126710127724543,
    "min_utility": 18.288551579816584,
    "utility_spread": 5.838158547907959
  }
}