{
  "run_index": 4,
  "experiment_config": {
    "num_agents": 2,
    "num_items": 6,
    "max_rounds": 10,
    "competition_level": 0.95,
    "discount_factor": 0.9
  },
  "agents": [
    "claude_3_5_sonnet_1",
    "llama_3_1_405b_2"
  ],
  "agent_models": {
    "claude_3_5_sonnet_1": "anthropic/claude-sonnet-4",
    "llama_3_1_405b_2": "meta-llama/llama-3.1-405b-instruct"
  },
  "initial_preferences_matrix": [
    [
      0.9968018398364176,
      0.11324679561080075,
      0.6852249972566016,
      0.0017455559370016527,
      8.778617346123967,
      5.815865751561249
    ],
    [
      2.6385093426708592,
      0.9338097444129925,
      1.4762630039929554,
      2.4765118801231982,
      8.565408808824559,
      4.780373231928532
    ]
  ],
  "initial_preferences_by_agent": {
    "claude_3_5_sonnet_1": {
      "item_0": 0.9968018398364176,
      "item_1": 0.11324679561080075,
      "item_2": 0.6852249972566016,
      "item_3": 0.0017455559370016527,
      "item_4": 8.778617346123967,
      "item_5": 5.815865751561249
    },
    "llama_3_1_405b_2": {
      "item_0": 2.6385093426708592,
      "item_1": 0.9338097444129925,
      "item_2": 1.4762630039929554,
      "item_3": 2.4765118801231982,
      "item_4": 8.565408808824559,
      "item_5": 4.780373231928532
    }
  },
  "preference_cosine_similarities": {
    "agent_0_vs_agent_1": 0.9500000000000001
  },
  "negotiation_outcome": {
    "consensus_reached": true,
    "final_round": 2,
    "final_allocation": {
      "claude_3_5_sonnet_1": [
        0,
        1,
        3
      ],
      "llama_3_1_405b_2": [
        2,
        4,
        5
      ]
    },
    "final_utilities": {
      "claude_3_5_sonnet_1": 18.18307061183512,
      "llama_3_1_405b_2": 13.810462338993188
    },
    "utility_realized": null
  },
  "complete_conversation_log": [
    {
      "phase": "discussion",
      "round": 1,
      "from": "claude_3_5_sonnet_1",
      "content": "I'm particularly interested in Items 1, 3, and 5 as they align well with my priorities. I'd be open to trading away Items 0, 2, and 4 if we can find a mutually beneficial arrangement. What items are you most drawn to, and do you see any potential for us to each focus on different subsets?",
      "timestamp": 1755496977.3585029,
      "speaker_order": 1,
      "total_speakers": 2
    },
    {
      "phase": "discussion",
      "round": 1,
      "from": "llama_3_1_405b_2",
      "content": "I'm particularly interested in Item_2 and Item_5, as I believe they hold significant value. I'd be willing to consider trading Item_1 or Item_3 in a package deal to secure either of these items. A potential starting point for discussion could be a trade involving Item_1 and Item_3 in exchange for Item_2.",
      "timestamp": 1755496979.600806,
      "speaker_order": 2,
      "total_speakers": 2
    },
    {
      "phase": "reflection",
      "round": 1,
      "from": "claude_3_5_sonnet_1",
      "content": "I notice I don't have context about the specific negotiation details, participants, or what was discussed in Round 1. Without knowing the subject matter, positions taken, or dynamics at play, I cannot meaningfully assess what strategies worked or suggest different approaches.\n\nCould you provide some background on what we're negotiating and what happened in Round 1?",
      "timestamp": 1755497006.1700292
    },
    {
      "phase": "reflection",
      "round": 1,
      "from": "llama_3_1_405b_2",
      "content": "The human and I are both presenting our perspectives, which is good for understanding each other's positions. However, we need to find more common ground and creative solutions that address both of our key interests.",
      "timestamp": 1755497008.3539681
    },
    {
      "phase": "discussion",
      "round": 2,
      "from": "claude_3_5_sonnet_1",
      "content": "I'm particularly interested in Items 2, 4, and 5 - they align well with my current priorities and would provide significant value to me. I'd be willing to consider trading away Items 0 and 1, which are less critical to my needs, in exchange for securing at least two of my preferred items. What items are you most focused on, and do you see potential for a mutually beneficial arrangement?",
      "timestamp": 1755497012.538688,
      "speaker_order": 1,
      "total_speakers": 2
    },
    {
      "phase": "discussion",
      "round": 2,
      "from": "llama_3_1_405b_2",
      "content": "I have a strong interest in Item_2 and Item_5, as they hold significant value to me. I'd be willing to consider a trade involving Item_1 or Item_3 in exchange for one of these items. A potential deal could be Item_1 + Item_3 for Item_2, but I'm open to negotiations.",
      "timestamp": 1755497015.386074,
      "speaker_order": 2,
      "total_speakers": 2
    }
  ],
  "all_proposals": [],
  "all_votes": [],
  "round_summaries": [],
  "timestamp": "2025-08-17T23:04:05.831336",
  "duration_seconds": 72.02635288238525,
  "metrics": {
    "mean_utility": 15.996766475414155,
    "max_utility": 18.18307061183512,
    "min_utility": 13.810462338993188,
    "utility_spread": 4.372608272841932
  }
}