{
  "run_index": 7,
  "experiment_config": {
    "num_agents": 2,
    "num_items": 6,
    "max_rounds": 10,
    "competition_level": 0.95,
    "discount_factor": 0.9
  },
  "agents": [
    "qwen_3_235b_a22b_2507_1",
    "claude_4_sonnet_2"
  ],
  "agent_models": {
    "qwen_3_235b_a22b_2507_1": "qwen/qwen3-235b-a22b-2507",
    "claude_4_sonnet_2": "anthropic/claude-sonnet-4"
  },
  "initial_preferences_matrix": [
    [
      0.1517575279740957,
      5.383128190808909,
      4.866090257382929,
      8.603438763495808,
      6.567861047190675,
      6.585089965994304
    ],
    [
      4.089694832050803,
      7.02817512739547,
      4.60422473590836,
      7.6717405893807715,
      6.385502405699142,
      5.123409168542515
    ]
  ],
  "initial_preferences_by_agent": {
    "qwen_3_235b_a22b_2507_1": {
      "item_0": 0.1517575279740957,
      "item_1": 5.383128190808909,
      "item_2": 4.866090257382929,
      "item_3": 8.603438763495808,
      "item_4": 6.567861047190675,
      "item_5": 6.585089965994304
    },
    "claude_4_sonnet_2": {
      "item_0": 4.089694832050803,
      "item_1": 7.02817512739547,
      "item_2": 4.60422473590836,
      "item_3": 7.6717405893807715,
      "item_4": 6.385502405699142,
      "item_5": 5.123409168542515
    }
  },
  "preference_cosine_similarities": {
    "agent_0_vs_agent_1": 0.9499999999999998
  },
  "negotiation_outcome": {
    "consensus_reached": true,
    "final_round": 4,
    "final_allocation": {
      "qwen_3_235b_a22b_2507_1": [
        2,
        4
      ],
      "claude_4_sonnet_2": [
        0,
        1,
        3,
        5
      ]
    },
    "final_utilities": {
      "qwen_3_235b_a22b_2507_1": 6.770930705197312,
      "claude_4_sonnet_2": 10.393171256033046
    },
    "utility_realized": null
  },
  "complete_conversation_log": [
    {
      "phase": "discussion",
      "round": 1,
      "from": "qwen_3_235b_a22b_2507_1",
      "content": "I'm particularly interested in securing Item_0 and Item_2\u2014these are high priority for me. I'm open to trading Item_1 or Item_3 in exchange for those, depending on what the other party values. Let\u2019s explore combinations that maximize mutual gain while recognizing time is limited.",
      "timestamp": 1755569194.320759,
      "speaker_order": 1,
      "total_speakers": 2
    },
    {
      "phase": "discussion",
      "round": 1,
      "from": "claude_4_sonnet_2",
      "content": "I appreciate your directness about Item_0 and Item_2. I'm most interested in Item_1 and Item_4, which seem to complement your priorities well. Perhaps we could explore a trade where you get your high-priority items and I focus on mine, with Items_3 and Item_5 as potential negotiating points between us.",
      "timestamp": 1755569197.8483672,
      "speaker_order": 2,
      "total_speakers": 2
    },
    {
      "phase": "reflection",
      "round": 1,
      "from": "qwen_3_235b_a22b_2507_1",
      "content": "My initial proposal accurately reflected my priorities and helped clarify the divide, but offering Item_3 to the other agent in their counterproposal reveals it may be low-value to them, suggesting a willingness to concede it. Since consensus wasn\u2019t reached, I should adjust by strategically reclaiming Item_3 if it has hidden value or using it as a bargaining chip, while emphasizing mutual gains to secure agreement in the next round. Time is limited, so I\u2019ll aim to anchor on shared efficiency and fairness to build consensus.",
      "timestamp": 1755569217.040067
    },
    {
      "phase": "reflection",
      "round": 1,
      "from": "claude_4_sonnet_2",
      "content": "Looking at Round 1, I can see that both proposals failed to reach consensus, likely because we each tried to claim 3 items while leaving the other with only 2. The other agent (qwen) clearly prioritizes Items 0 and 2, while I focus on Items 1 and 4. \n\nMy strategy of offering Item 3 as a sweetener didn't work - perhaps because it wasn't valuable enough to them, or they felt the overall split was still unfair. For Round 2, I should focus on finding a more balanced 2-2 split of the core items we each want, and use Items 3 and 5 more strategically to create a win-win scenario that feels equitable to both parties.",
      "timestamp": 1755569223.776578
    },
    {
      "phase": "discussion",
      "round": 2,
      "from": "qwen_3_235b_a22b_2507_1",
      "content": "I\u2019m primarily focused on securing Item_2 and Item_4\u2014these are high-priority for me, and I\u2019d be willing to concede the others to reach a deal. That said, I\u2019m open to trade-offs; for instance, I could let go of Item_4 if I receive Item_0 and Item_2. Let\u2019s avoid deadlock\u2014what\u2019s your bottom line?",
      "timestamp": 1755569224.2165709,
      "speaker_order": 1,
      "total_speakers": 2
    },
    {
      "phase": "discussion",
      "round": 2,
      "from": "claude_4_sonnet_2",
      "content": "I appreciate your transparency about Item_2 and Item_4. My core priorities are Item_0 and Item_5, which seem to complement your interests well. I'm also moderately interested in Item_1 and Item_3, so perhaps we can find a mutually beneficial split that gives each of us our top priorities while sharing the remaining items based on our secondary preferences.",
      "timestamp": 1755569227.544019,
      "speaker_order": 2,
      "total_speakers": 2
    },
    {
      "phase": "reflection",
      "round": 2,
      "from": "qwen_3_235b_a22b_2507_1",
      "content": "My initial proposal successfully clarified priorities and mirrored Claude\u2019s focus on non-overlapping high-value items, but failed to secure agreement due to potential undervaluation of Item_1 and Item_3. I learned that Claude may be willing to bundle lower-priority items to strengthen their offer, suggesting a willingness to trade if it consolidates control over core targets. In the next round, I\u2019ll consider offering Item_1 or Item_3 conditionally\u2014perhaps as a time-limited concession\u2014to incentivize agreement and build momentum toward consensus.",
      "timestamp": 1755569254.2259688
    },
    {
      "phase": "reflection",
      "round": 2,
      "from": "claude_4_sonnet_2",
      "content": "Looking at Round 2, I successfully identified that qwen and I have complementary core priorities (they want Items 2&4, I want Items 0&5), which created a solid foundation. However, my proposal to add Items 1&3 to sweeten the deal was rejected, suggesting qwen either values those items more than I estimated or prefers a simpler 2-2 split.\n\nFor Round 3, I should focus on the clean 2-2 division they proposed, which gives us both our highest priorities. Since we're running out of time and have found a mutually beneficial core agreement, I'll accept their original proposal to secure the deal rather than risk losing everything by overcomplicating it.",
      "timestamp": 1755569260.731578
    },
    {
      "phase": "discussion",
      "round": 3,
      "from": "qwen_3_235b_a22b_2507_1",
      "content": "I'm primarily focused on securing Item_2 and Item_4\u2014these are high priority for me, though I could be flexible on Item_4 if it helps reach a deal. I\u2019m open to trade-offs on Item_0, Item_1, or Item_3, especially in exchange for future-round cooperation or if it means avoiding the discount penalty from delay. Let\u2019s explore bundles that give me Item_2 and possibly split the remaining items fairly.",
      "timestamp": 1755569262.664546,
      "speaker_order": 1,
      "total_speakers": 2
    },
    {
      "phase": "discussion",
      "round": 3,
      "from": "claude_4_sonnet_2",
      "content": "I appreciate your transparency about Item_2 and Item_4. My highest priorities are Item_1 and Item_5, which seem to complement your focus well. I'm also quite interested in Item_0, but I'm willing to be flexible on the remaining items if we can find a mutually beneficial arrangement that satisfies our core needs.",