{
  "run_index": 5,
  "experiment_config": {
    "num_agents": 2,
    "num_items": 6,
    "max_rounds": 10,
    "competition_level": 0.95,
    "discount_factor": 0.9
  },
  "agents": [
    "qwen_3_235b_a22b_2507_1",
    "claude_4_sonnet_2"
  ],
  "agent_models": {
    "qwen_3_235b_a22b_2507_1": "qwen/qwen3-235b-a22b-2507",
    "claude_4_sonnet_2": "anthropic/claude-sonnet-4"
  },
  "initial_preferences_matrix": [
    [
      2.6423328176807326,
      5.242055286265631,
      1.1705032457841946,
      7.930007062294454,
      2.017892777356373,
      1.6016531763660158
    ],
    [
      4.463275156516848,
      4.381075536578383,
      3.3141350268685623,
      6.959575355370348,
      1.3063292346454962,
      2.261197958094055
    ]
  ],
  "initial_preferences_by_agent": {
    "qwen_3_235b_a22b_2507_1": {
      "item_0": 2.6423328176807326,
      "item_1": 5.242055286265631,
      "item_2": 1.1705032457841946,
      "item_3": 7.930007062294454,
      "item_4": 2.017892777356373,
      "item_5": 1.6016531763660158
    },
    "claude_4_sonnet_2": {
      "item_0": 4.463275156516848,
      "item_1": 4.381075536578383,
      "item_2": 3.3141350268685623,
      "item_3": 6.959575355370348,
      "item_4": 1.3063292346454962,
      "item_5": 2.261197958094055
    }
  },
  "preference_cosine_similarities": {
    "agent_0_vs_agent_1": 0.9499999999999998
  },
  "negotiation_outcome": {
    "consensus_reached": true,
    "final_round": 1,
    "final_allocation": {
      "qwen_3_235b_a22b_2507_1": [
        0,
        2
      ],
      "claude_4_sonnet_2": [
        1,
        3,
        4,
        5
      ]
    },
    "final_utilities": {
      "qwen_3_235b_a22b_2507_1": 11.819177685001709,
      "claude_4_sonnet_2": 21.364749338537475
    },
    "utility_realized": null
  },
  "complete_conversation_log": [
    {
      "phase": "discussion",
      "round": 1,
      "from": "qwen_3_235b_a22b_2507_1",
      "content": "I'm particularly interested in securing Item_0 and Item_2, as they hold significant value for my objectives. I\u2019m open to trading Item_1 or Item_3 in exchange for stronger alignment on the items I prioritize\u2014perhaps a package deal involving Item_4 could be worth exploring to create mutual gain.",
      "timestamp": 1755569142.966246,
      "speaker_order": 1,
      "total_speakers": 2
    },
    {
      "phase": "discussion",
      "round": 1,
      "from": "claude_4_sonnet_2",
      "content": "I appreciate you sharing your interests in Item_0 and Item_2. I'm actually most focused on securing Item_1 and Item_4, which are crucial for my objectives, along with Item_5 as a secondary priority. Perhaps we can find a mutually beneficial arrangement where you take Item_0 and Item_2, while I focus on Item_1, Item_4, and Item_5, leaving Item_3 as a potential compromise item to discuss further.",
      "timestamp": 1755569147.5932171,
      "speaker_order": 2,
      "total_speakers": 2
    }
  ],
  "all_proposals": [],
  "all_votes": [],
  "round_summaries": [],
  "timestamp": "2025-08-18T19:06:08.130110",
  "duration_seconds": 26.959097146987915,
  "metrics": {
    "mean_utility": 16.591963511769592,
    "max_utility": 21.364749338537475,
    "min_utility": 11.819177685001709,
    "utility_spread": 9.545571653535767
  }
}