{
  "run_index": 1,
  "experiment_config": {
    "num_agents": 2,
    "num_items": 6,
    "max_rounds": 10,
    "competition_level": 0.95,
    "discount_factor": 0.9
  },
  "agents": [
    "gemini_pro_1",
    "claude_4_sonnet_2"
  ],
  "agent_models": {
    "gemini_pro_1": "google/gemini-2.5-pro",
    "claude_4_sonnet_2": "anthropic/claude-sonnet-4"
  },
  "initial_preferences_matrix": [
    [
      7.174951394202135,
      0.44376639708787025,
      4.257065364938018,
      9.820608842241038,
      0.7244529448105996,
      5.47602505787578
    ],
    [
      7.265580287218696,
      2.603121491947189,
      3.213190473846754,
      8.568715357004018,
      4.201695171655991,
      5.982381261987721
    ]
  ],
  "initial_preferences_by_agent": {
    "gemini_pro_1": {
      "item_0": 7.174951394202135,
      "item_1": 0.44376639708787025,
      "item_2": 4.257065364938018,
      "item_3": 9.820608842241038,
      "item_4": 0.7244529448105996,
      "item_5": 5.47602505787578
    },
    "claude_4_sonnet_2": {
      "item_0": 7.265580287218696,
      "item_1": 2.603121491947189,
      "item_2": 3.213190473846754,
      "item_3": 8.568715357004018,
      "item_4": 4.201695171655991,
      "item_5": 5.982381261987721
    }
  },
  "preference_cosine_similarities": {
    "agent_0_vs_agent_1": 0.9500000000000002
  },
  "negotiation_outcome": {
    "consensus_reached": true,
    "final_round": 2,
    "final_allocation": {
      "gemini_pro_1": [
        0,
        3,
        5
      ],
      "claude_4_sonnet_2": [
        1,
        2,
        4
      ]
    },
    "final_utilities": {
      "gemini_pro_1": 9.110815695963344,
      "claude_4_sonnet_2": 10.018584301909126
    },
    "utility_realized": null
  },
  "complete_conversation_log": [
    {
      "phase": "discussion",
      "round": 1,
      "from": "gemini_pro_1",
      "content": "Hello. I'm primarily interested in Item_1 and Item_5 at the moment, as they seem most useful. I believe a fair starting point for a deal would be for each of us to select three items to ensure a balanced outcome.",
      "timestamp": 1755502626.450743,
      "speaker_order": 1,
      "total_speakers": 2
    },
    {
      "phase": "discussion",
      "round": 1,
      "from": "claude_4_sonnet_2",
      "content": "I'm particularly interested in Items 2, 4, and 5, as they align well with my priorities. I'd be willing to consider a deal where I focus on those items while you take Items 0, 1, and 3 - though I'm open to discussing alternative arrangements if you have strong preferences for any of the items I mentioned.",
      "timestamp": 1755502630.0932531,
      "speaker_order": 2,
      "total_speakers": 2
    },
    {
      "phase": "reflection",
      "round": 1,
      "from": "gemini_pro_1",
      "content": "My strategy of anchoring with a clear, principled position has established a solid baseline for our discussion. To break the impasse, I will now shift from defending that position to actively exploring your underlying interests to find a creative, mutually beneficial solution.",
      "timestamp": 1755502682.668415
    },
    {
      "phase": "reflection",
      "round": 1,
      "from": "claude_4_sonnet_2",
      "content": "I notice I don't have context about the specific negotiation details, participants, or what was discussed in Round 1. Without knowing the positions, interests, or dynamics at play, I cannot meaningfully assess what strategies are working or suggest different approaches.\n\nCould you provide more details about the negotiation scenario, the parties involved, and what occurred in Round 1?",
      "timestamp": 1755502685.9399638
    },
    {
      "phase": "discussion",
      "round": 2,
      "from": "gemini_pro_1",
      "content": "I'm interested in a number of items, but Item_2 and Item_4 are catching my eye at the moment. I'm open to any deal that feels balanced, perhaps a simple 3-item split could work for both of us. What items are you most interested in acquiring?",
      "timestamp": 1755502698.97029,
      "speaker_order": 1,
      "total_speakers": 2
    },
    {
      "phase": "discussion",
      "round": 2,
      "from": "claude_4_sonnet_2",
      "content": "I'm particularly interested in Items 2, 4, and 5, as they align well with my strategic objectives. I'd be willing to consider a deal where I take those three items while you get Items 0, 1, and 3 - this seems like it could create mutual value if our preferences complement each other. What items are you most drawn to, and do you see potential for a trade that benefits us both?",
      "timestamp": 1755502703.277251,
      "speaker_order": 2,
      "total_speakers": 2
    }
  ],
  "all_proposals": [],
  "all_votes": [],
  "round_summaries": [],
  "timestamp": "2025-08-18T00:39:08.156172",
  "duration_seconds": 138.57356595993042,
  "metrics": {
    "mean_utility": 9.564699998936234,
    "max_utility": 10.018584301909126,
    "min_utility": 9.110815695963344,
    "utility_spread": 0.9077686059457815
  }
}