{
  "run_index": 0,
  "experiment_config": {
    "num_agents": 2,
    "num_items": 6,
    "max_rounds": 10,
    "competition_level": 0.95,
    "discount_factor": 0.9
  },
  "agents": [
    "gemini_pro_1",
    "claude_4_sonnet_2"
  ],
  "agent_models": {
    "gemini_pro_1": "google/gemini-2.5-pro",
    "claude_4_sonnet_2": "anthropic/claude-sonnet-4"
  },
  "initial_preferences_matrix": [
    [
      5.989698084743821,
      9.073847955259948,
      2.675730628802473,
      6.760657127221467,
      3.7612026672020193,
      8.319400442398518
    ],
    [
      7.819753886658388,
      7.422210710730005,
      1.1416809677259792,
      9.547571694458476,
      1.2180219111753934,
      6.652472286653228
    ]
  ],
  "initial_preferences_by_agent": {
    "gemini_pro_1": {
      "item_0": 5.989698084743821,
      "item_1": 9.073847955259948,
      "item_2": 2.675730628802473,
      "item_3": 6.760657127221467,
      "item_4": 3.7612026672020193,
      "item_5": 8.319400442398518
    },
    "claude_4_sonnet_2": {
      "item_0": 7.819753886658388,
      "item_1": 7.422210710730005,
      "item_2": 1.1416809677259792,
      "item_3": 9.547571694458476,
      "item_4": 1.2180219111753934,
      "item_5": 6.652472286653228
    }
  },
  "preference_cosine_similarities": {
    "agent_0_vs_agent_1": 0.9500000000000001
  },
  "negotiation_outcome": {
    "consensus_reached": true,
    "final_round": 2,
    "final_allocation": {
      "gemini_pro_1": [
        0,
        2,
        4
      ],
      "claude_4_sonnet_2": [
        1,
        3,
        5
      ]
    },
    "final_utilities": {
      "gemini_pro_1": 7.502398254036777,
      "claude_4_sonnet_2": 13.66836432356021
    },
    "utility_realized": null
  },
  "complete_conversation_log": [
    {
      "phase": "discussion",
      "round": 1,
      "from": "gemini_pro_1",
      "content": "I'm primarily interested in Item_0 and Item_5, as they seem to hold the most value for my objectives. However, I'm open to discussion on all items to ensure we both walk away with a favorable outcome. I'm confident we can find a fair split that benefits us both.",
      "timestamp": 1755502467.455064,
      "speaker_order": 1,
      "total_speakers": 2
    },
    {
      "phase": "discussion",
      "round": 1,
      "from": "claude_4_sonnet_2",
      "content": "I'm particularly interested in Items 2, 4, and 5, as they align well with my strategic objectives. I'm open to exploring mutually beneficial arrangements where we each focus on our highest-priority items - perhaps we could discuss a trade where I take some of these key items in exchange for giving you priority on others that might be more valuable to you?",
      "timestamp": 1755502471.402263,
      "speaker_order": 2,
      "total_speakers": 2
    },
    {
      "phase": "reflection",
      "round": 1,
      "from": "gemini_pro_1",
      "content": "My strategy of asking questions to understand their underlying interests has built a good foundation, but I now need to introduce new, tradable options to expand the pie and move beyond the single point of contention.",
      "timestamp": 1755502537.1729841
    },
    {
      "phase": "reflection",
      "round": 1,
      "from": "claude_4_sonnet_2",
      "content": "I don't have any context about what negotiation took place in Round 1 - no information about the topic, parties involved, positions taken, or what was discussed. Without knowing what strategies were attempted or what obstacles emerged, I can't meaningfully reflect on what's working or what should change.\n\nCould you provide details about the negotiation context and what happened in Round 1?",
      "timestamp": 1755502541.0326002
    },
    {
      "phase": "discussion",
      "round": 2,
      "from": "gemini_pro_1",
      "content": "I'm still evaluating all the items, but Item_3 is definitely a high priority for me, and I have some interest in Item_0 as well. I'm open to finding a fair split that works for both of us, perhaps where we each get three items. What are you leaning towards?",
      "timestamp": 1755502555.0048928,
      "speaker_order": 1,
      "total_speakers": 2
    },
    {
      "phase": "discussion",
      "round": 2,
      "from": "claude_4_sonnet_2",
      "content": "I'm particularly interested in Items 2, 4, and 5 - they align well with my current priorities and would provide significant value to me. I'd be willing to consider trading Items 0, 1, and 3 if you have strong preferences for those, as I see potential for a mutually beneficial arrangement where we each focus on our highest-value items.",
      "timestamp": 1755502559.6049101,
      "speaker_order": 2,
      "total_speakers": 2
    }
  ],
  "all_proposals": [],
  "all_votes": [],
  "round_summaries": [],
  "timestamp": "2025-08-18T00:36:49.579025",
  "duration_seconds": 155.19903302192688,
  "metrics": {
    "mean_utility": 10.585381288798494,
    "max_utility": 13.66836432356021,
    "min_utility": 7.502398254036777,
    "utility_spread": 6.165966069523433
  }
}