{
  "run_index": 1,
  "experiment_config": {
    "num_agents": 2,
    "num_items": 6,
    "max_rounds": 10,
    "competition_level": 0.95,
    "discount_factor": 0.9
  },
  "agents": [
    "llama_3_1_405b_1",
    "llama_3_1_405b_2"
  ],
  "agent_models": {
    "llama_3_1_405b_1": "meta-llama/llama-3.1-405b-instruct",
    "llama_3_1_405b_2": "meta-llama/llama-3.1-405b-instruct"
  },
  "initial_preferences_matrix": [
    [
      4.931569451528125,
      9.667294116643193,
      2.133003405011189,
      5.410473097256551,
      4.493589149787304,
      2.251102097559605
    ],
    [
      6.251449790755333,
      7.383813609678719,
      5.001820220456489,
      6.4354967221505435,
      3.3034932885903485,
      2.4313494525526984
    ]
  ],
  "initial_preferences_by_agent": {
    "llama_3_1_405b_1": {
      "item_0": 4.931569451528125,
      "item_1": 9.667294116643193,
      "item_2": 2.133003405011189,
      "item_3": 5.410473097256551,
      "item_4": 4.493589149787304,
      "item_5": 2.251102097559605
    },
    "llama_3_1_405b_2": {
      "item_0": 6.251449790755333,
      "item_1": 7.383813609678719,
      "item_2": 5.001820220456489,
      "item_3": 6.4354967221505435,
      "item_4": 3.3034932885903485,
      "item_5": 2.4313494525526984
    }
  },
  "preference_cosine_similarities": {
    "agent_0_vs_agent_1": 0.95
  },
  "negotiation_outcome": {
    "consensus_reached": true,
    "final_round": 3,
    "final_allocation": {
      "llama_3_1_405b_1": [
        0,
        1,
        2
      ],
      "llama_3_1_405b_2": [
        3,
        4,
        5
      ]
    },
    "final_utilities": {
      "llama_3_1_405b_1": 16.277063721269474,
      "llama_3_1_405b_2": 11.40167733242268
    },
    "utility_realized": null
  },
  "complete_conversation_log": [
    {
      "phase": "discussion",
      "round": 1,
      "from": "llama_3_1_405b_1",
      "content": "I am particularly interested in acquiring Item_2 and Item_5, as they hold significant strategic value. I may be open to negotiating a package deal involving these items, potentially including Item_3 as a concession. What are your priorities, and are you willing to collaborate on a mutually beneficial agreement?",
      "timestamp": 1755506612.645812,
      "speaker_order": 1,
      "total_speakers": 2
    },
    {
      "phase": "discussion",
      "round": 1,
      "from": "llama_3_1_405b_2",
      "content": "I'm particularly interested in acquiring Item_2 and Item_5, as I believe they hold significant value. I'd be willing to consider a trade involving Item_1 or Item_3 in exchange for one of these preferred items. Perhaps a bundle deal involving Item_0 and Item_4 could also be a viable option for discussion.",
      "timestamp": 1755506614.922988,
      "speaker_order": 2,
      "total_speakers": 2
    },
    {
      "phase": "reflection",
      "round": 1,
      "from": "llama_3_1_405b_1",
      "content": "The human and I have been directly stating our positions, which helps clarify our stances. To make progress, I should try to find more common ground and shared interests.",
      "timestamp": 1755506635.117939
    },
    {
      "phase": "reflection",
      "round": 1,
      "from": "llama_3_1_405b_2",
      "content": "Upon reflection, I notice that active listening and asking clarifying questions have been effective in establishing a rapport and gathering information, but we have yet to find common ground. To move forward, I may need to shift from inquiry to advocacy, presenting creative solutions and making strategic concessions to bridge the gap between our positions.",
      "timestamp": 1755506637.1383948
    },
    {
      "phase": "discussion",
      "round": 2,
      "from": "llama_3_1_405b_1",
      "content": "I am quite keen on acquiring Item_2 and Item_4, as they hold significant value to me. I would be open to negotiating a trade involving Item_1 or Item_3 in exchange. However, Item_0 and Item_5 are non-negotiable for me at this point in time.",
      "timestamp": 1755506639.780982,
      "speaker_order": 1,
      "total_speakers": 2
    },
    {
      "phase": "discussion",
      "round": 2,
      "from": "llama_3_1_405b_2",
      "content": "I am most interested in Item_2 and Item_5. I would be open to a deal involving trading Item_0 and Item_3 for those two items. However, I am also quite fond of Item_4 and would consider offers involving that as well.",
      "timestamp": 1755506642.988885,
      "speaker_order": 2,
      "total_speakers": 2
    },
    {
      "phase": "reflection",
      "round": 2,
      "from": "llama_3_1_405b_1",
      "content": "The strategies of active listening, asking clarifying questions, and proposing creative solutions seem to be working well. To make further progress, I should try building more rapport and finding common ground, while also being a bit more assertive in pushing for my key priorities.",
      "timestamp": 1755506664.463547
    },
    {
      "phase": "reflection",
      "round": 2,
      "from": "llama_3_1_405b_2",
      "content": "Upon reflection, I notice that actively listening to the counterparty's concerns and acknowledging their needs has helped build trust and facilitated open communication. However, I may need to adapt my approach to be more flexible and creative in finding mutually beneficial solutions, rather than simply relying on logical arguments and data-driven points.",
      "timestamp": 1755506666.504253
    },
    {
      "phase": "discussion",
      "round": 3,
      "from": "llama_3_1_405b_1",
      "content": "I am most interested in Item_2 and Item_5. I would be open to a deal involving trading Item_0 and Item_3 for those two items. However, Item_4 also intrigues me, so I may consider offers including that as well.",
      "timestamp": 1755506668.817667,
      "speaker_order": 1,
      "total_speakers": 2
    },
    {
      "phase": "discussion",
      "round": 3,
      "from": "llama_3_1_405b_2",
      "content": "I'm most interested in Item_2 and Item_5, as I believe they hold significant value. I'd be open to negotiating a bundle deal involving these two items, potentially offering concessions on Item_0 or Item_1 in exchange. A trade involving Item_3 or Item_4 could also be considered if the terms are favorable.",
      "timestamp": 1755506671.3904,
      "speaker_order": 2,
      "total_speakers": 2
    }
  ],
  "all_proposals": [],
  "all_votes": [],
  "round_summaries": [],
  "timestamp": "2025-08-18T01:44:48.030562",
  "duration_seconds": 77.35967803001404,
  "metrics": {
    "mean_utility": 13.839370526846078,
    "max_utility": 16.277063721269474,
    "min_utility": 11.40167733242268,
    "utility_spread": 4.875386388846794
  }
}