{
  "run_index": 8,
  "experiment_config": {
    "num_agents": 2,
    "num_items": 6,
    "max_rounds": 10,
    "competition_level": 0.95,
    "discount_factor": 0.9
  },
  "agents": [
    "qwen_3_235b_a22b_2507_1",
    "gemini_pro_2"
  ],
  "agent_models": {
    "qwen_3_235b_a22b_2507_1": "qwen/qwen3-235b-a22b-2507",
    "gemini_pro_2": "google/gemini-2.5-pro"
  },
  "initial_preferences_matrix": [
    [
      8.374859923963454,
      7.552959180844501,
      7.425414722278286,
      4.0344006533322485,
      6.642869780651895,
      1.8433274547083534
    ],
    [
      7.159498627565452,
      9.011146534773635,
      3.6058375874409228,
      5.630780443789901,
      7.469093757881376,
      3.629038639152438
    ]
  ],
  "initial_preferences_by_agent": {
    "qwen_3_235b_a22b_2507_1": {
      "item_0": 8.374859923963454,
      "item_1": 7.552959180844501,
      "item_2": 7.425414722278286,
      "item_3": 4.0344006533322485,
      "item_4": 6.642869780651895,
      "item_5": 1.8433274547083534
    },
    "gemini_pro_2": {
      "item_0": 7.159498627565452,
      "item_1": 9.011146534773635,
      "item_2": 3.6058375874409228,
      "item_3": 5.630780443789901,
      "item_4": 7.469093757881376,
      "item_5": 3.629038639152438
    }
  },
  "preference_cosine_similarities": {
    "agent_0_vs_agent_1": 0.95
  },
  "negotiation_outcome": {
    "consensus_reached": true,
    "final_round": 2,
    "final_allocation": {
      "qwen_3_235b_a22b_2507_1": [
        0,
        1,
        2
      ],
      "gemini_pro_2": [
        3,
        4,
        5
      ]
    },
    "final_utilities": {
      "qwen_3_235b_a22b_2507_1": 14.141531866157775,
      "gemini_pro_2": 15.632670477777063
    },
    "utility_realized": null
  },
  "complete_conversation_log": [
    {
      "phase": "discussion",
      "round": 1,
      "from": "qwen_3_235b_a22b_2507_1",
      "content": "I'm particularly interested in Item_0 and Item_3\u2014they\u2019re high priority for me. That said, I\u2019m open to trading Item_1 or Item_5 if it helps create a win-win deal.",
      "timestamp": 1755510180.256282,
      "speaker_order": 1,
      "total_speakers": 2
    },
    {
      "phase": "discussion",
      "round": 1,
      "from": "gemini_pro_2",
      "content": "I'm evaluating all the items to find a fair outcome for both of us. At first glance, Item_2, Item_4, and Item_5 seem particularly interesting to me. I'm open to various package deals, depending on what you're hoping to get.",
      "timestamp": 1755510191.224711,
      "speaker_order": 2,
      "total_speakers": 2
    },
    {
      "phase": "reflection",
      "round": 1,
      "from": "qwen_3_235b_a22b_2507_1",
      "content": "The collaborative framing and active listening have helped build trust, but more data-driven arguments may be needed to sway undecided parties. I should shift toward principled negotiation, emphasizing objective criteria and mutual gains, while probing deeper into underlying interests.",
      "timestamp": 1755510216.1421068
    },
    {
      "phase": "reflection",
      "round": 1,
      "from": "gemini_pro_2",
      "content": "Establishing our common interests has been a productive foundation; I will now pivot from defending a single position to proposing more flexible, multi-option packages that address our differing priorities.",
      "timestamp": 1755510229.341084
    },
    {
      "phase": "discussion",
      "round": 2,
      "from": "qwen_3_235b_a22b_2507_1",
      "content": "I'm particularly interested in Item_0 and Item_2\u2014they're high priority for me. That said, I could be flexible on Item_1 if you're open to giving up Item_0. Let\u2019s explore trades where I get one of my top picks in exchange for something mid-value like Item_3.",
      "timestamp": 1755510232.242927,
      "speaker_order": 1,
      "total_speakers": 2
    },
    {
      "phase": "discussion",
      "round": 2,
      "from": "gemini_pro_2",
      "content": "Honestly, I'm most interested in Item_5 and Item_0, as they are crucial for my needs. I'm willing to be flexible on the other items to make a deal happen. What items are you focused on?",
      "timestamp": 1755510248.058704,
      "speaker_order": 2,
      "total_speakers": 2
    }
  ],
  "all_proposals": [],
  "all_votes": [],
  "round_summaries": [],
  "timestamp": "2025-08-18T02:44:33.752630",
  "duration_seconds": 96.23701620101929,
  "metrics": {
    "mean_utility": 14.88710117196742,
    "max_utility": 15.632670477777063,
    "min_utility": 14.141531866157775,
    "utility_spread": 1.491138611619288
  }
}