{
  "run_index": 4,
  "experiment_config": {
    "num_agents": 2,
    "num_items": 6,
    "max_rounds": 10,
    "competition_level": 0.95,
    "discount_factor": 0.9
  },
  "agents": [
    "qwen_3_235b_a22b_2507_1",
    "claude_4_sonnet_2"
  ],
  "agent_models": {
    "qwen_3_235b_a22b_2507_1": "qwen/qwen3-235b-a22b-2507",
    "claude_4_sonnet_2": "anthropic/claude-sonnet-4"
  },
  "initial_preferences_matrix": [
    [
      0.36750567989652927,
      8.6643227827151,
      6.199113174779184,
      4.452347634226142,
      8.426638890216754,
      9.125069277754736
    ],
    [
      2.6920330410425697,
      9.27259992152939,
      7.36946756591315,
      6.496592705120016,
      4.25333598661366,
      8.938640748592032
    ]
  ],
  "initial_preferences_by_agent": {
    "qwen_3_235b_a22b_2507_1": {
      "item_0": 0.36750567989652927,
      "item_1": 8.6643227827151,
      "item_2": 6.199113174779184,
      "item_3": 4.452347634226142,
      "item_4": 8.426638890216754,
      "item_5": 9.125069277754736
    },
    "claude_4_sonnet_2": {
      "item_0": 2.6920330410425697,
      "item_1": 9.27259992152939,
      "item_2": 7.36946756591315,
      "item_3": 6.496592705120016,
      "item_4": 4.25333598661366,
      "item_5": 8.938640748592032
    }
  },
  "preference_cosine_similarities": {
    "agent_0_vs_agent_1": 0.9500000000000001
  },
  "negotiation_outcome": {
    "consensus_reached": true,
    "final_round": 1,
    "final_allocation": {
      "qwen_3_235b_a22b_2507_1": [
        0,
        2
      ],
      "claude_4_sonnet_2": [
        1,
        3
      ]
    },
    "final_utilities": {
      "qwen_3_235b_a22b_2507_1": 10.372745753991914,
      "claude_4_sonnet_2": 9.783188754844645
    },
    "utility_realized": null
  },
  "complete_conversation_log": [
    {
      "phase": "discussion",
      "round": 1,
      "from": "qwen_3_235b_a22b_2507_1",
      "content": "I'm particularly interested in securing Item_0 and Item_2\u2014these are high priority for me, though I could be flexible if a creative trade offers comparable value. I'm open to bundles and curious what the other party values\u2014perhaps we can craft a deal that maximizes both our goals early, before the discounting pressure mounts.",
      "timestamp": 1755566703.752359,
      "speaker_order": 1,
      "total_speakers": 2
    },
    {
      "phase": "discussion",
      "round": 1,
      "from": "claude_4_sonnet_2",
      "content": "I appreciate your openness about Item_0 and Item_2. I'm actually most interested in Item_1, Item_3, and Item_5, which seems like it could create a mutually beneficial arrangement. Perhaps we could explore a trade where you get your high-priority items and I focus on mine, though I'd want to understand the relative values we each place on these items before finalizing anything.",
      "timestamp": 1755566708.3438468,
      "speaker_order": 2,
      "total_speakers": 2
    }
  ],
  "all_proposals": [],
  "all_votes": [],
  "round_summaries": [],
  "timestamp": "2025-08-18T18:25:25.642859",
  "duration_seconds": 24.0766179561615,
  "metrics": {
    "mean_utility": 10.07796725441828,
    "max_utility": 10.372745753991914,
    "min_utility": 9.783188754844645,
    "utility_spread": 0.5895569991472698
  }
}