{
  "run_index": 8,
  "experiment_config": {
    "num_agents": 2,
    "num_items": 6,
    "max_rounds": 10,
    "competition_level": 0.95,
    "discount_factor": 0.9
  },
  "agents": [
    "qwen_3_235b_a22b_2507_1",
    "claude_4_sonnet_2"
  ],
  "agent_models": {
    "qwen_3_235b_a22b_2507_1": "qwen/qwen3-235b-a22b-2507",
    "claude_4_sonnet_2": "anthropic/claude-sonnet-4"
  },
  "initial_preferences_matrix": [
    [
      1.2073612956041158,
      9.61931452478707,
      4.03237351105774,
      0.1701255861060047,
      1.4490603075356812,
      6.041281724533308
    ],
    [
      3.7827696342200743,
      8.386963242423136,
      5.205562403744322,
      2.261469718062851,
      2.0693639233120056,
      5.2659170061115415
    ]
  ],
  "initial_preferences_by_agent": {
    "qwen_3_235b_a22b_2507_1": {
      "item_0": 1.2073612956041158,
      "item_1": 9.61931452478707,
      "item_2": 4.03237351105774,
      "item_3": 0.1701255861060047,
      "item_4": 1.4490603075356812,
      "item_5": 6.041281724533308
    },
    "claude_4_sonnet_2": {
      "item_0": 3.7827696342200743,
      "item_1": 8.386963242423136,
      "item_2": 5.205562403744322,
      "item_3": 2.261469718062851,
      "item_4": 2.0693639233120056,
      "item_5": 5.2659170061115415
    }
  },
  "preference_cosine_similarities": {
    "agent_0_vs_agent_1": 0.9499999999999998
  },
  "negotiation_outcome": {
    "consensus_reached": true,
    "final_round": 5,
    "final_allocation": {
      "qwen_3_235b_a22b_2507_1": [
        0,
        2,
        4
      ],
      "claude_4_sonnet_2": [
        1,
        3,
        5
      ]
    },
    "final_utilities": {
      "qwen_3_235b_a22b_2507_1": 8.607141994156414,
      "claude_4_sonnet_2": 10.560919304649437
    },
    "utility_realized": null
  },
  "complete_conversation_log": [
    {
      "phase": "discussion",
      "round": 1,
      "from": "qwen_3_235b_a22b_2507_1",
      "content": "I'm particularly interested in securing Item_0 and Item_2\u2014these are high-priority for me, especially Item_0, which has significant value. That said, I\u2019m open to creative trade-offs; for instance, I could consider releasing Item_2 in exchange for Item_4 and partial access to Item_1, depending on the structure of the deal. Let\u2019s explore bundles that reflect mutual gains, especially as time value decreases with each round.",
      "timestamp": 1755567545.904605,
      "speaker_order": 1,
      "total_speakers": 2
    },
    {
      "phase": "discussion",
      "round": 1,
      "from": "claude_4_sonnet_2",
      "content": "I appreciate you sharing your priorities. I'm most interested in Item_1 and Item_4, which align well with my strategic objectives. Since our primary interests don't directly overlap, I believe we can find a mutually beneficial arrangement - perhaps I could support your claim on Item_0 in exchange for your flexibility on Item_1?",
      "timestamp": 1755567549.379252,
      "speaker_order": 2,
      "total_speakers": 2
    },
    {
      "phase": "reflection",
      "round": 1,
      "from": "qwen_3_235b_a22b_2507_1",
      "content": "The initial proposal aligned with my high-priority items but failed to account for potential overlap or value trade-offs for the other agent. Claude\u2019s counter-proposal reveals a strong interest in Item_3 and willingness to concede Item_5, suggesting flexibility on lower-priority items. In the next round, I should signal openness to bundling less critical items to create mutual gains and move toward consensus.",
      "timestamp": 1755567576.031768
    },
    {
      "phase": "reflection",
      "round": 1,
      "from": "claude_4_sonnet_2",
      "content": "Looking at Round 1, I can see that qwen and I have some compatible preferences (they want Items 0&2, I want Items 1&4), but we disagreed on the remaining items. My proposal to give them Item 5 while keeping Items 3&4 for myself was rejected, likely because they value Item 5 or don't see Item 3 as valuable enough for me.\n\nThe key insight is that we need to find a mutually beneficial trade-off on Items 3 and 5. Since they rejected my offer of Item 5, they probably want it, which means I should focus on securing Item 3 in exchange for giving up Item 5. I'll propose a more balanced split and emphasize the mutual benefits of our core compatible items to build consensus.",
      "timestamp": 1755567583.8555
    },
    {
      "phase": "discussion",
      "round": 2,
      "from": "qwen_3_235b_a22b_2507_1",
      "content": "I'm primarily focused on securing Item_0 and Item_2\u2014these are high priority for me, though I could be flexible on Item_2 if it helps reach a deal. I notice we're at an impasse, so I'd consider trading Item_4 for Item_1 if it means clearing lower-priority items and moving toward consensus. Let\u2019s explore bundles that balance priority needs and free up overlapping interests.",
      "timestamp": 1755567587.915658,
      "speaker_order": 1,
      "total_speakers": 2
    },
    {
      "phase": "discussion",
      "round": 2,
      "from": "claude_4_sonnet_2",
      "content": "I appreciate your transparency about prioritizing Item_0 and Item_2. My primary interests lie with Item_1, Item_3, and Item_5, which seem to complement your preferences well. I'm open to exploring a deal where you get Item_0 and Item_2, while I focus on securing Item_1, Item_3, and Item_5 - this could leave Item_4 as our main point of negotiation.",
      "timestamp": 1755567591.818901,
      "speaker_order": 2,
      "total_speakers": 2
    },
    {
      "phase": "reflection",
      "round": 2,
      "from": "qwen_3_235b_a22b_2507_1",
      "content": "The initial proposal prioritizing my top items was effective in signaling clear preferences, but likely too rigid given Claude\u2019s competing claim on Item_5. I now suspect Item_5 holds higher value for Claude than initially apparent, making it a potential bargaining chip. In the next round, I should explore trade-offs involving Item_5 in exchange for securing Item_0 and Item_2, while framing concessions as reciprocal to build consensus.",
      "timestamp": 1755567622.403224
    },
    {
      "phase": "reflection",
      "round": 2,
      "from": "claude_4_sonnet_2",
      "content": "Looking at this round, I can see that both proposals were quite close - the key difference was Item_5. My opponent clearly values Items 0 and 2 highly and was willing to give me Items 1, 3, and 4, but they want to keep Item_5 for themselves while I included it in their allocation.\n\nThe fact that they rejected my proposal suggests Item_5 has significant value to them, or they're testing my flexibility. Since we're both being transparent about our core priorities and there's substantial overlap in our proposals, I should focus on finding a mutually acceptable solution around Item_5.\n\nFor the next round, I'll explore whether I can afford to concede Item_5 to them while potentially securing some other concession, or find creative ways to share value around the contested items.",
      "timestamp": 1755567629.107003
    },
    {
      "phase": "discussion",
      "round": 3,
      "from": "qwen_3_235b_a22b_2507_1",
      "content": "I'm primarily focused on securing Item_0 and Item_2\u2014these are my highest priorities. I could be flexible on Item_1 and Item_3 if you're willing to concede on Item_0 or Item_2. Let\u2019s find a split that gives me one of those key items in exchange for letting you have a stronger share of the mid-value items.",
      "timestamp": 1755567632.190859,
      "speaker_order": 1,
      "total_speakers": 2
    },
    {
      "phase": "discussion",
      "round": 3,
      "from": "claude_4_sonnet_2",