{
  "run_index": 6,
  "experiment_config": {
    "num_agents": 2,
    "num_items": 6,
    "max_rounds": 10,
    "competition_level": 0.95,
    "discount_factor": 0.9
  },
  "agents": [
    "claude_4_sonnet_1",
    "gemini_pro_2"
  ],
  "agent_models": {
    "claude_4_sonnet_1": "anthropic/claude-sonnet-4",
    "gemini_pro_2": "google/gemini-2.5-pro"
  },
  "initial_preferences_matrix": [
    [
      4.169168749637607,
      1.8198407786059578,
      5.363827711922613,
      8.759741561831119,
      7.456730718391481,
      3.604558582922268
    ],
    [
      5.1394550108159285,
      4.526166224943212,
      5.829461521952405,
      7.112652512953493,
      5.518856181167173,
      5.732607138261099
    ]
  ],
  "initial_preferences_by_agent": {
    "claude_4_sonnet_1": {
      "item_0": 4.169168749637607,
      "item_1": 1.8198407786059578,
      "item_2": 5.363827711922613,
      "item_3": 8.759741561831119,
      "item_4": 7.456730718391481,
      "item_5": 3.604558582922268
    },
    "gemini_pro_2": {
      "item_0": 5.1394550108159285,
      "item_1": 4.526166224943212,
      "item_2": 5.829461521952405,
      "item_3": 7.112652512953493,
      "item_4": 5.518856181167173,
      "item_5": 5.732607138261099
    }
  },
  "preference_cosine_similarities": {
    "agent_0_vs_agent_1": 0.9499999999999998
  },
  "negotiation_outcome": {
    "consensus_reached": true,
    "final_round": 1,
    "final_allocation": {
      "gemini_pro_2": [
        0,
        1,
        2
      ],
      "claude_4_sonnet_1": [
        3,
        4,
        5
      ]
    },
    "final_utilities": {
      "gemini_pro_2": 19.70571992079964,
      "claude_4_sonnet_1": 15.161913692359839
    },
    "utility_realized": null
  },
  "complete_conversation_log": [
    {
      "phase": "discussion",
      "round": 1,
      "from": "claude_4_sonnet_1",
      "content": "I'm particularly interested in Items 2, 4, and 5, as they align well with my strategic objectives. I'd be open to discussing a deal where I focus on these items while potentially trading away Items 0, 1, and 3 if the terms are favorable. What items are you most drawn to, and do you see any potential for mutually beneficial exchanges?",
      "timestamp": 1755503102.158575,
      "speaker_order": 1,
      "total_speakers": 2
    },
    {
      "phase": "discussion",
      "round": 1,
      "from": "gemini_pro_2",
      "content": "Hello there. I'm still evaluating all the items, but I'm initially drawn to Item_3 and Item_1 as they seem to have some unique potential. I'm curious to hear which items have caught your attention.",
      "timestamp": 1755503116.8583438,
      "speaker_order": 2,
      "total_speakers": 2
    }
  ],
  "all_proposals": [],
  "all_votes": [],
  "round_summaries": [],
  "timestamp": "2025-08-18T00:45:54.418472",
  "duration_seconds": 57.037647008895874,
  "metrics": {
    "mean_utility": 17.433816806579742,
    "max_utility": 19.70571992079964,
    "min_utility": 15.161913692359839,
    "utility_spread": 4.543806228439802
  }
}