{
  "run_index": 2,
  "experiment_config": {
    "num_agents": 2,
    "num_items": 6,
    "max_rounds": 10,
    "competition_level": 0.95,
    "discount_factor": 0.9
  },
  "agents": [
    "claude_4_sonnet_1",
    "gemini_pro_2"
  ],
  "agent_models": {
    "claude_4_sonnet_1": "anthropic/claude-sonnet-4",
    "gemini_pro_2": "google/gemini-2.5-pro"
  },
  "initial_preferences_matrix": [
    [
      8.62039912564494,
      1.121019140688354,
      7.713720479576304,
      6.029120652932063,
      9.154667958813253,
      5.993457279791357
    ],
    [
      4.529264345758881,
      2.0708246842867126,
      6.512776728071445,
      8.750134305971427,
      9.480556905004066,
      7.5818598896696505
    ]
  ],
  "initial_preferences_by_agent": {
    "claude_4_sonnet_1": {
      "item_0": 8.62039912564494,
      "item_1": 1.121019140688354,
      "item_2": 7.713720479576304,
      "item_3": 6.029120652932063,
      "item_4": 9.154667958813253,
      "item_5": 5.993457279791357
    },
    "gemini_pro_2": {
      "item_0": 4.529264345758881,
      "item_1": 2.0708246842867126,
      "item_2": 6.512776728071445,
      "item_3": 8.750134305971427,
      "item_4": 9.480556905004066,
      "item_5": 7.5818598896696505
    }
  },
  "preference_cosine_similarities": {
    "agent_0_vs_agent_1": 0.9500000000000001
  },
  "negotiation_outcome": {
    "consensus_reached": true,
    "final_round": 1,
    "final_allocation": {
      "gemini_pro_2": [
        0,
        1,
        2
      ],
      "claude_4_sonnet_1": [
        3,
        4,
        5
      ]
    },
    "final_utilities": {
      "gemini_pro_2": 7.077603440755974,
      "claude_4_sonnet_1": 13.017518634722784
    },
    "utility_realized": null
  },
  "complete_conversation_log": [
    {
      "phase": "discussion",
      "round": 1,
      "from": "claude_4_sonnet_1",
      "content": "I'm particularly interested in Items 2, 4, and 5, as they align well with my strategic objectives. I'd be open to exploring a deal where I focus on these higher-priority items while potentially offering you favorable terms on Items 0, 1, and 3. What items are you most drawn to, and do you see any potential for a mutually beneficial arrangement?",
      "timestamp": 1755502680.597978,
      "speaker_order": 1,
      "total_speakers": 2
    },
    {
      "phase": "discussion",
      "round": 1,
      "from": "gemini_pro_2",
      "content": "My main interests are in Item_4 and Item_2, as they hold the most value for my purposes. I am confident we can find a fair split of all the items that leaves us both satisfied with the outcome. What are your priorities?",
      "timestamp": 1755502696.158567,
      "speaker_order": 2,
      "total_speakers": 2
    }
  ],
  "all_proposals": [],
  "all_votes": [],
  "round_summaries": [],
  "timestamp": "2025-08-18T00:39:08.660812",
  "duration_seconds": 71.53068590164185,
  "metrics": {
    "mean_utility": 10.047561037739378,
    "max_utility": 13.017518634722784,
    "min_utility": 7.077603440755974,
    "utility_spread": 5.93991519396681
  }
}