{
  "run_index": 2,
  "experiment_config": {
    "num_agents": 2,
    "num_items": 6,
    "max_rounds": 10,
    "competition_level": 0.95,
    "discount_factor": 0.9
  },
  "agents": [
    "llama_3_1_405b_1",
    "gemini_pro_2"
  ],
  "agent_models": {
    "llama_3_1_405b_1": "meta-llama/llama-3.1-405b-instruct",
    "gemini_pro_2": "google/gemini-2.5-pro"
  },
  "initial_preferences_matrix": [
    [
      9.29837309963432,
      6.687006333830819,
      5.922041875509672,
      6.227077708272217,
      1.8005093227225966,
      1.1538818331822398
    ],
    [
      7.271179300223746,
      5.541777258021888,
      7.358086340993758,
      6.298872966770395,
      3.7298395387005185,
      4.2761978490233785
    ]
  ],
  "initial_preferences_by_agent": {
    "llama_3_1_405b_1": {
      "item_0": 9.29837309963432,
      "item_1": 6.687006333830819,
      "item_2": 5.922041875509672,
      "item_3": 6.227077708272217,
      "item_4": 1.8005093227225966,
      "item_5": 1.1538818331822398
    },
    "gemini_pro_2": {
      "item_0": 7.271179300223746,
      "item_1": 5.541777258021888,
      "item_2": 7.358086340993758,
      "item_3": 6.298872966770395,
      "item_4": 3.7298395387005185,
      "item_5": 4.2761978490233785
    }
  },
  "preference_cosine_similarities": {
    "agent_0_vs_agent_1": 0.95
  },
  "negotiation_outcome": {
    "consensus_reached": true,
    "final_round": 1,
    "final_allocation": {
      "gemini_pro_2": [
        0,
        1,
        2
      ],
      "llama_3_1_405b_1": [
        3,
        4,
        5
      ]
    },
    "final_utilities": {
      "gemini_pro_2": 17.53421797786144,
      "llama_3_1_405b_1": 11.6906139675214
    },
    "utility_realized": null
  },
  "complete_conversation_log": [
    {
      "phase": "discussion",
      "round": 1,
      "from": "llama_3_1_405b_1",
      "content": "I have a strong interest in acquiring Item_2 and Item_5, as they hold significant value to me. I'd be willing to consider a trade involving Item_1 or Item_3 in exchange for one of these items. A bundle deal including Item_2 and Item_5 would be particularly appealing to me.",
      "timestamp": 1755506977.362995,
      "speaker_order": 1,
      "total_speakers": 2
    },
    {
      "phase": "discussion",
      "round": 1,
      "from": "gemini_pro_2",
      "content": "Hello, I'm looking at all the items, but Item_1 and Item_5 have certainly caught my eye. I am sure we can find a deal that benefits us both, what are you thinking?",
      "timestamp": 1755506989.954976,
      "speaker_order": 2,
      "total_speakers": 2
    }
  ],
  "all_proposals": [],
  "all_votes": [],
  "round_summaries": [],
  "timestamp": "2025-08-18T01:50:16.218580",
  "duration_seconds": 40.968090772628784,
  "metrics": {
    "mean_utility": 14.612415972691421,
    "max_utility": 17.53421797786144,
    "min_utility": 11.6906139675214,
    "utility_spread": 5.843604010340041
  }
}