{
  "run_index": 5,
  "experiment_config": {
    "num_agents": 2,
    "num_items": 6,
    "max_rounds": 10,
    "competition_level": 0.95,
    "discount_factor": 0.9
  },
  "agents": [
    "llama_3_1_405b_1",
    "gemini_pro_2"
  ],
  "agent_models": {
    "llama_3_1_405b_1": "meta-llama/llama-3.1-405b-instruct",
    "gemini_pro_2": "google/gemini-2.5-pro"
  },
  "initial_preferences_matrix": [
    [
      8.249975009218621,
      4.824621163686988,
      6.519395125154823,
      8.040741781579593,
      4.252285964979288,
      6.039254218700587
    ],
    [
      7.920099205101037,
      6.29545667595383,
      1.9835642621060368,
      8.217336648163224,
      5.446100768382572,
      7.040576477805734
    ]
  ],
  "initial_preferences_by_agent": {
    "llama_3_1_405b_1": {
      "item_0": 8.249975009218621,
      "item_1": 4.824621163686988,
      "item_2": 6.519395125154823,
      "item_3": 8.040741781579593,
      "item_4": 4.252285964979288,
      "item_5": 6.039254218700587
    },
    "gemini_pro_2": {
      "item_0": 7.920099205101037,
      "item_1": 6.29545667595383,
      "item_2": 1.9835642621060368,
      "item_3": 8.217336648163224,
      "item_4": 5.446100768382572,
      "item_5": 7.040576477805734
    }
  },
  "preference_cosine_similarities": {
    "agent_0_vs_agent_1": 0.9500000000000001
  },
  "negotiation_outcome": {
    "consensus_reached": true,
    "final_round": 1,
    "final_allocation": {
      "llama_3_1_405b_1": [
        0,
        1,
        2
      ],
      "gemini_pro_2": [
        3,
        4,
        5
      ]
    },
    "final_utilities": {
      "llama_3_1_405b_1": 17.976636377352058,
      "gemini_pro_2": 18.596115521776312
    },
    "utility_realized": null
  },
  "complete_conversation_log": [
    {
      "phase": "discussion",
      "round": 1,
      "from": "llama_3_1_405b_1",
      "content": "I have a strong interest in acquiring Item_2 and Item_5, as they hold significant value to me. I'm open to negotiating a deal that involves trading Item_0 or Item_1 in exchange for one of these items. A potential 2-for-1 deal involving Item_0 and Item_1 for Item_5 could be a mutually beneficial arrangement.",
      "timestamp": 1755508178.020235,
      "speaker_order": 1,
      "total_speakers": 2
    },
    {
      "phase": "discussion",
      "round": 1,
      "from": "gemini_pro_2",
      "content": "I'm most interested in Item_1 and Item_5, as they are crucial for my needs. Item_0 is also on my radar, but to a lesser extent. I'm willing to consider any deal that lets me walk away with at least two of those three items.",
      "timestamp": 1755508191.191015,
      "speaker_order": 2,
      "total_speakers": 2
    }
  ],
  "all_proposals": [],
  "all_votes": [],
  "round_summaries": [],
  "timestamp": "2025-08-18T02:10:18.931375",
  "duration_seconds": 43.318187952041626,
  "metrics": {
    "mean_utility": 18.286375949564185,
    "max_utility": 18.596115521776312,
    "min_utility": 17.976636377352058,
    "utility_spread": 0.619479144424254
  }
}