{
  "run_index": 3,
  "experiment_config": {
    "num_agents": 2,
    "num_items": 6,
    "max_rounds": 10,
    "competition_level": 0.95,
    "discount_factor": 0.9
  },
  "agents": [
    "claude_4_sonnet_1",
    "gemini_pro_2"
  ],
  "agent_models": {
    "claude_4_sonnet_1": "anthropic/claude-sonnet-4",
    "gemini_pro_2": "google/gemini-2.5-pro"
  },
  "initial_preferences_matrix": [
    [
      3.3602561646551155,
      7.172446703908429,
      0.5646139741554668,
      4.937492958952543,
      0.3477864582629442,
      4.987125163189841
    ],
    [
      3.5144577768967196,
      6.173018176420506,
      3.136516225872722,
      5.608075021793788,
      1.9036228318279633,
      4.129857799344283
    ]
  ],
  "initial_preferences_by_agent": {
    "claude_4_sonnet_1": {
      "item_0": 3.3602561646551155,
      "item_1": 7.172446703908429,
      "item_2": 0.5646139741554668,
      "item_3": 4.937492958952543,
      "item_4": 0.3477864582629442,
      "item_5": 4.987125163189841
    },
    "gemini_pro_2": {
      "item_0": 3.5144577768967196,
      "item_1": 6.173018176420506,
      "item_2": 3.136516225872722,
      "item_3": 5.608075021793788,
      "item_4": 1.9036228318279633,
      "item_5": 4.129857799344283
    }
  },
  "preference_cosine_similarities": {
    "agent_0_vs_agent_1": 0.95
  },
  "negotiation_outcome": {
    "consensus_reached": true,
    "final_round": 1,
    "final_allocation": {
      "gemini_pro_2": [
        0,
        1,
        2
      ],
      "claude_4_sonnet_1": [
        3,
        4,
        5
      ]
    },
    "final_utilities": {
      "gemini_pro_2": 18.986271390881537,
      "claude_4_sonnet_1": 2.932889534362592
    },
    "utility_realized": null
  },
  "complete_conversation_log": [
    {
      "phase": "discussion",
      "round": 1,
      "from": "claude_4_sonnet_1",
      "content": "I'm particularly interested in Items 2, 4, and 5, as they align well with my strategic objectives. I'd be open to trading Items 0, 1, and 3 for favorable consideration on my priority items, though I'm flexible on the exact arrangements. What items are you most drawn to, and do you see potential for a mutually beneficial exchange?",
      "timestamp": 1755502752.567563,
      "speaker_order": 1,
      "total_speakers": 2
    },
    {
      "phase": "discussion",
      "round": 1,
      "from": "gemini_pro_2",
      "content": "Hello, I'm most interested in Item_2 and Item_3, as they would be quite valuable for me. I'm sure we can find a fair split of all the items, and I'm open to discussing any arrangement that works for you as well.",
      "timestamp": 1755502764.633541,
      "speaker_order": 2,
      "total_speakers": 2
    }
  ],
  "all_proposals": [],
  "all_votes": [],
  "round_summaries": [],
  "timestamp": "2025-08-18T00:40:01.424798",
  "duration_seconds": 52.76290512084961,
  "metrics": {
    "mean_utility": 10.959580462622064,
    "max_utility": 18.986271390881537,
    "min_utility": 2.932889534362592,
    "utility_spread": 16.053381856518946
  }
}