{
  "run_index": 4,
  "experiment_config": {
    "num_agents": 2,
    "num_items": 6,
    "max_rounds": 10,
    "competition_level": 0.95,
    "discount_factor": 0.9
  },
  "agents": [
    "claude_4_sonnet_1",
    "gemini_pro_2"
  ],
  "agent_models": {
    "claude_4_sonnet_1": "anthropic/claude-sonnet-4",
    "gemini_pro_2": "google/gemini-2.5-pro"
  },
  "initial_preferences_matrix": [
    [
      0.1521043065696348,
      1.4862970850570667,
      9.18924600320785,
      6.051379742365496,
      4.6051803103020825,
      3.879487430881304
    ],
    [
      3.346231609427843,
      2.522769975582872,
      7.818589255655832,
      5.7711936230341205,
      4.190923813605863,
      5.476246116399212
    ]
  ],
  "initial_preferences_by_agent": {
    "claude_4_sonnet_1": {
      "item_0": 0.1521043065696348,
      "item_1": 1.4862970850570667,
      "item_2": 9.18924600320785,
      "item_3": 6.051379742365496,
      "item_4": 4.6051803103020825,
      "item_5": 3.879487430881304
    },
    "gemini_pro_2": {
      "item_0": 3.346231609427843,
      "item_1": 2.522769975582872,
      "item_2": 7.818589255655832,
      "item_3": 5.7711936230341205,
      "item_4": 4.190923813605863,
      "item_5": 5.476246116399212
    }
  },
  "preference_cosine_similarities": {
    "agent_0_vs_agent_1": 0.95
  },
  "negotiation_outcome": {
    "consensus_reached": true,
    "final_round": 3,
    "final_allocation": {
      "gemini_pro_2": [
        0,
        1,
        2
      ],
      "claude_4_sonnet_1": [
        3,
        4,
        5
      ]
    },
    "final_utilities": {
      "gemini_pro_2": 12.841572238064995,
      "claude_4_sonnet_1": 8.642135154918808
    },
    "utility_realized": null
  },
  "complete_conversation_log": [
    {
      "phase": "discussion",
      "round": 1,
      "from": "claude_4_sonnet_1",
      "content": "I'm particularly interested in Items 1, 3, and 5, as they align well with my strategic objectives. I'd be open to trading Items 0, 2, and 4 if you have strong preferences for those, but I'd need to see compelling value in return. What items are you most drawn to, and do you see any potential for a mutually beneficial exchange?",
      "timestamp": 1755502805.145039,
      "speaker_order": 1,
      "total_speakers": 2
    },
    {
      "phase": "discussion",
      "round": 1,
      "from": "gemini_pro_2",
      "content": "I'm interested in a few of the items, but Item_2 and Item_0 are the most appealing to me at the moment. Ultimately, I'm looking for a fair distribution, so I'm open to hearing what you have in mind.",
      "timestamp": 1755502818.287335,
      "speaker_order": 2,
      "total_speakers": 2
    },
    {
      "phase": "reflection",
      "round": 1,
      "from": "claude_4_sonnet_1",
      "content": "I notice I don't have context about what negotiation just occurred or what positions were taken. Without knowing the specific issues, parties, or proposals from Round 1, I cannot meaningfully assess what strategies worked or recommend changes.\n\nCould you provide details about the negotiation topic, the parties involved, and what happened in Round 1 so I can offer strategic reflection?",
      "timestamp": 1755502876.857187
    },
    {
      "phase": "reflection",
      "round": 1,
      "from": "gemini_pro_2",
      "content": "My strategy of clearly defining my core objectives has successfully revealed the primary points of contention; now, I must pivot to exploring their underlying interests to create new, tradable options and break the stalemate.",
      "timestamp": 1755502892.09004
    },
    {
      "phase": "discussion",
      "round": 2,
      "from": "claude_4_sonnet_1",
      "content": "I'm particularly interested in Items 2, 4, and 5 - they align well with my strategic priorities for this negotiation. I'd be open to discussing a trade where I focus on these items while potentially offering you favorable terms on Items 0, 1, and 3. What items are you most drawn to, and do you see potential for a mutually beneficial arrangement?",
      "timestamp": 1755502895.708218,
      "speaker_order": 1,
      "total_speakers": 2
    },
    {
      "phase": "discussion",
      "round": 2,
      "from": "gemini_pro_2",
      "content": "My primary interests lie with Item_0 and Item_2, as they seem to have the most utility for me. I'm not particularly attached to the other items, especially Item_3. Perhaps we could work towards a deal where you get the items you want most in exchange for those two.",
      "timestamp": 1755502913.186791,
      "speaker_order": 2,
      "total_speakers": 2
    },
    {
      "phase": "reflection",
      "round": 2,
      "from": "claude_4_sonnet_1",
      "content": "I need to see what specific proposals and counteroffers have been made to assess what's working and what isn't. Without knowing the actual negotiation details, positions taken, or points of contention from Round 2, I cannot provide meaningful strategic reflection on which approaches are succeeding or what adjustments would be most effective going forward.",
      "timestamp": 1755502971.0549052
    },
    {
      "phase": "reflection",
      "round": 2,
      "from": "gemini_pro_2",
      "content": "My strategy of anchoring on my core priorities has successfully framed the negotiation, but we are now deadlocked on our stated positions. I need to shift from defending my position to asking diagnostic questions that uncover their underlying interests, which will reveal opportunities for creative trade-offs.",
      "timestamp": 1755502984.798211
    },
    {
      "phase": "discussion",
      "round": 3,
      "from": "claude_4_sonnet_1",
      "content": "I'm particularly interested in Items 2, 4, and 5, as they align well with my priorities. I'd be willing to consider a deal where I focus on those items while you take Items 0, 1, and 3 - though I'm open to discussing adjustments if you have strong preferences for any of the items I mentioned.",
      "timestamp": 1755502989.178368,
      "speaker_order": 1,
      "total_speakers": 2
    },
    {
      "phase": "discussion",
      "round": 3,
      "from": "gemini_pro_2",
      "content": "My focus is narrowing toward Item_2 and Item_1, as they seem to hold the most value for me. I am willing to be flexible with the other items if we can agree on a deal where I secure at least those two. What items are you prioritizing?",
      "timestamp": 1755503009.398886,
      "speaker_order": 2,
      "total_speakers": 2
    }
  ],
  "all_proposals": [],
  "all_votes": [],
  "round_summaries": [],
  "timestamp": "2025-08-18T00:44:04.016005",
  "duration_seconds": 242.58938097953796,
  "metrics": {
    "mean_utility": 10.741853696491901,
    "max_utility": 12.841572238064995,
    "min_utility": 8.642135154918808,
    "utility_spread": 4.1994370831461865
  }
}