{
  "run_index": 1,
  "experiment_config": {
    "num_agents": 2,
    "num_items": 6,
    "max_rounds": 10,
    "competition_level": 0.95,
    "discount_factor": 0.9
  },
  "agents": [
    "gemini_pro_1",
    "gemini_pro_2"
  ],
  "agent_models": {
    "gemini_pro_1": "google/gemini-2.5-pro",
    "gemini_pro_2": "google/gemini-2.5-pro"
  },
  "initial_preferences_matrix": [
    [
      7.589676117318018,
      9.155524892544948,
      0.9310751168421627,
      4.632834007066381,
      7.868895226821299,
      5.171464094014238
    ],
    [
      5.669862692973636,
      7.44402390162464,
      3.303364961019658,
      7.853246289603758,
      7.022545878751642,
      6.554215561394677
    ]
  ],
  "initial_preferences_by_agent": {
    "gemini_pro_1": {
      "item_0": 7.589676117318018,
      "item_1": 9.155524892544948,
      "item_2": 0.9310751168421627,
      "item_3": 4.632834007066381,
      "item_4": 7.868895226821299,
      "item_5": 5.171464094014238
    },
    "gemini_pro_2": {
      "item_0": 5.669862692973636,
      "item_1": 7.44402390162464,
      "item_2": 3.303364961019658,
      "item_3": 7.853246289603758,
      "item_4": 7.022545878751642,
      "item_5": 6.554215561394677
    }
  },
  "preference_cosine_similarities": {
    "agent_0_vs_agent_1": 0.95
  },
  "negotiation_outcome": {
    "consensus_reached": true,
    "final_round": 1,
    "final_allocation": {
      "gemini_pro_1": [
        0,
        1,
        2
      ],
      "gemini_pro_2": [
        3,
        4,
        5
      ]
    },
    "final_utilities": {
      "gemini_pro_1": 11.571089412738708,
      "gemini_pro_2": 21.764731361597704
    },
    "utility_realized": null
  },
  "complete_conversation_log": [
    {
      "phase": "discussion",
      "round": 1,
      "from": "gemini_pro_1",
      "content": "Hello, I'm looking forward to a productive negotiation. While all the items have some appeal, I'm particularly interested in Item_3 and Item_5 at the moment. I'm open to any deal that feels balanced, perhaps a simple 3-3 split to start the conversation.",
      "timestamp": 1755506793.522481,
      "speaker_order": 1,
      "total_speakers": 2
    },
    {
      "phase": "discussion",
      "round": 1,
      "from": "gemini_pro_2",
      "content": "Hello! I'm interested in a few items, particularly Item_2 and Item_4, but my priorities are flexible. I'm open to any arrangement that feels fair, so I'm curious to hear what items you have your eye on.",
      "timestamp": 1755506804.570574,
      "speaker_order": 2,
      "total_speakers": 2
    }
  ],
  "all_proposals": [],
  "all_votes": [],
  "round_summaries": [],
  "timestamp": "2025-08-18T01:47:20.310406",
  "duration_seconds": 58.21982407569885,
  "metrics": {
    "mean_utility": 16.667910387168206,
    "max_utility": 21.764731361597704,
    "min_utility": 11.571089412738708,
    "utility_spread": 10.193641948858996
  }
}