{
  "run_index": 6,
  "experiment_config": {
    "num_agents": 2,
    "num_items": 6,
    "max_rounds": 10,
    "competition_level": 0.95,
    "discount_factor": 0.9
  },
  "agents": [
    "qwen_3_235b_a22b_2507_1",
    "claude_4_sonnet_2"
  ],
  "agent_models": {
    "qwen_3_235b_a22b_2507_1": "qwen/qwen3-235b-a22b-2507",
    "claude_4_sonnet_2": "anthropic/claude-sonnet-4"
  },
  "initial_preferences_matrix": [
    [
      5.27220063046013,
      9.526983816374262,
      5.706218299094386,
      3.5398314587186253,
      6.8950234586280565,
      4.156089616467744
    ],
    [
      5.402400598778997,
      9.714475185082476,
      6.29698188813595,
      4.224657235149753,
      2.735693834681788,
      6.318591044772158
    ]
  ],
  "initial_preferences_by_agent": {
    "qwen_3_235b_a22b_2507_1": {
      "item_0": 5.27220063046013,
      "item_1": 9.526983816374262,
      "item_2": 5.706218299094386,
      "item_3": 3.5398314587186253,
      "item_4": 6.8950234586280565,
      "item_5": 4.156089616467744
    },
    "claude_4_sonnet_2": {
      "item_0": 5.402400598778997,
      "item_1": 9.714475185082476,
      "item_2": 6.29698188813595,
      "item_3": 4.224657235149753,
      "item_4": 2.735693834681788,
      "item_5": 6.318591044772158
    }
  },
  "preference_cosine_similarities": {
    "agent_0_vs_agent_1": 0.9500000000000001
  },
  "negotiation_outcome": {
    "consensus_reached": true,
    "final_round": 1,
    "final_allocation": {
      "qwen_3_235b_a22b_2507_1": [
        0,
        2,
        5
      ],
      "claude_4_sonnet_2": [
        1,
        3,
        4
      ]
    },
    "final_utilities": {
      "qwen_3_235b_a22b_2507_1": 8.632783620192946,
      "claude_4_sonnet_2": 14.481400610614322
    },
    "utility_realized": null
  },
  "complete_conversation_log": [
    {
      "phase": "discussion",
      "round": 1,
      "from": "qwen_3_235b_a22b_2507_1",
      "content": "I'm particularly interested in securing Item_0 and Item_2\u2014they hold the highest value for me, especially Item_0, which I prioritize above all. That said, I\u2019m open to trading Item_4 or Item_5 if it means reaching a balanced agreement. I\u2019d like to hear your priorities to explore complementary exchanges.",
      "timestamp": 1755566396.878199,
      "speaker_order": 1,
      "total_speakers": 2
    },
    {
      "phase": "discussion",
      "round": 1,
      "from": "claude_4_sonnet_2",
      "content": "I appreciate your directness about Item_0 and Item_2. I'm most focused on Item_1 and Item_4, which align perfectly with my core objectives, so there may be room for a mutually beneficial arrangement there. I'm also quite interested in Item_5, but I'd be willing to discuss trade-offs if we can find the right balance across our priorities.",
      "timestamp": 1755566401.20331,
      "speaker_order": 2,
      "total_speakers": 2
    }
  ],
  "all_proposals": [],
  "all_votes": [],
  "round_summaries": [],
  "timestamp": "2025-08-18T18:20:24.560353",
  "duration_seconds": 29.252391815185547,
  "metrics": {
    "mean_utility": 11.557092115403634,
    "max_utility": 14.481400610614322,
    "min_utility": 8.632783620192946,
    "utility_spread": 5.848616990421377
  }
}