{
  "run_index": 4,
  "experiment_config": {
    "num_agents": 2,
    "num_items": 6,
    "max_rounds": 10,
    "competition_level": 0.95,
    "discount_factor": 0.9
  },
  "agents": [
    "qwen_3_235b_a22b_2507_1",
    "claude_4_sonnet_2"
  ],
  "agent_models": {
    "qwen_3_235b_a22b_2507_1": "qwen/qwen3-235b-a22b-2507",
    "claude_4_sonnet_2": "anthropic/claude-sonnet-4"
  },
  "initial_preferences_matrix": [
    [
      7.129589731798043,
      4.1963363269532845,
      2.9134950764756304,
      9.999037938186996,
      5.668716716622607,
      3.3231666457864306
    ],
    [
      8.288663306739513,
      6.520161430446389,
      1.4295225648385934,
      8.96381655633422,
      2.4259842487106926,
      4.538050379408015
    ]
  ],
  "initial_preferences_by_agent": {
    "qwen_3_235b_a22b_2507_1": {
      "item_0": 7.129589731798043,
      "item_1": 4.1963363269532845,
      "item_2": 2.9134950764756304,
      "item_3": 9.999037938186996,
      "item_4": 5.668716716622607,
      "item_5": 3.3231666457864306
    },
    "claude_4_sonnet_2": {
      "item_0": 8.288663306739513,
      "item_1": 6.520161430446389,
      "item_2": 1.4295225648385934,
      "item_3": 8.96381655633422,
      "item_4": 2.4259842487106926,
      "item_5": 4.538050379408015
    }
  },
  "preference_cosine_similarities": {
    "agent_0_vs_agent_1": 0.9500000000000001
  },
  "negotiation_outcome": {
    "consensus_reached": true,
    "final_round": 1,
    "final_allocation": {
      "qwen_3_235b_a22b_2507_1": [
        0,
        2,
        5
      ],
      "claude_4_sonnet_2": [
        1,
        3,
        4
      ]
    },
    "final_utilities": {
      "qwen_3_235b_a22b_2507_1": 18.452824199188225,
      "claude_4_sonnet_2": 21.757127433211508
    },
    "utility_realized": null
  },
  "complete_conversation_log": [
    {
      "phase": "discussion",
      "round": 1,
      "from": "qwen_3_235b_a22b_2507_1",
      "content": "I'm particularly interested in securing Item_0 and Item_2\u2014these are high priority for me. That said, I'm open to creative trade-offs; for instance, I could consider releasing Item_2 in exchange for Item_0 and Item_4. Let\u2019s explore bundles that reflect mutual priorities.",
      "timestamp": 1755566341.807796,
      "speaker_order": 1,
      "total_speakers": 2
    },
    {
      "phase": "discussion",
      "round": 1,
      "from": "claude_4_sonnet_2",
      "content": "I appreciate your openness about Item_0 and Item_2. I'm primarily focused on Item_1 and Item_4, which align perfectly with my core objectives, so there may be good potential for a mutually beneficial arrangement here. I'm also quite interested in Item_5, but I'd be willing to explore various combinations if we can find a deal that works for both of us.",
      "timestamp": 1755566345.5060139,
      "speaker_order": 2,
      "total_speakers": 2
    }
  ],
  "all_proposals": [],
  "all_votes": [],
  "round_summaries": [],
  "timestamp": "2025-08-18T18:19:26.898812",
  "duration_seconds": 27.198381185531616,
  "metrics": {
    "mean_utility": 20.104975816199868,
    "max_utility": 21.757127433211508,
    "min_utility": 18.452824199188225,
    "utility_spread": 3.3043032340232834
  }
}