adversary_model,adversary_elo,adversary_short,model_order,run_id,rho,theta,competition_index,baseline_utility,adversary_utility,social_welfare,payoff_diff,util_ratio,consensus_reached,final_round
gpt-5-nano,1338,GPT-5-nano,strong_first,run_1,1.0,0.0,0.0,98.94792071748388,99.63677407189174,198.58469478937562,0.6888533544078541,1.0069617769571395,1.0,1
gpt-5-nano,1338,GPT-5-nano,strong_first,run_1,-1.0,1.0,1.0,39.55870238257435,68.33138744545927,107.89008982803362,28.772685062884918,1.7273414781056953,1.0,4
gpt-5-nano,1338,GPT-5-nano,weak_first,run_1,1.0,0.0,0.0,96.96090143829244,99.36435058943933,196.32525202773178,2.403449151146887,1.0247878177233787,1.0,1
gpt-5-nano,1338,GPT-5-nano,weak_first,run_1,-1.0,1.0,1.0,20.334041714321113,36.34375249621253,56.67779421053365,16.009710781891417,1.787335395826197,1.0,10
