{
  "run_index": 6,
  "experiment_config": {
    "num_agents": 2,
    "num_items": 6,
    "max_rounds": 10,
    "competition_level": 0.95,
    "discount_factor": 0.9
  },
  "agents": [
    "qwen_3_235b_a22b_2507_1",
    "gemini_pro_2"
  ],
  "agent_models": {
    "qwen_3_235b_a22b_2507_1": "qwen/qwen3-235b-a22b-2507",
    "gemini_pro_2": "google/gemini-2.5-pro"
  },
  "initial_preferences_matrix": [
    [
      2.225751093657158,
      8.352443632107091,
      6.80267473424284,
      2.511373993458018,
      7.694455599046963,
      9.29601932063794
    ],
    [
      6.80270987117226,
      7.620154062813641,
      7.8842837458209685,
      1.6742945905765494,
      6.049824542987852,
      8.18609238371983
    ]
  ],
  "initial_preferences_by_agent": {
    "qwen_3_235b_a22b_2507_1": {
      "item_0": 2.225751093657158,
      "item_1": 8.352443632107091,
      "item_2": 6.80267473424284,
      "item_3": 2.511373993458018,
      "item_4": 7.694455599046963,
      "item_5": 9.29601932063794
    },
    "gemini_pro_2": {
      "item_0": 6.80270987117226,
      "item_1": 7.620154062813641,
      "item_2": 7.8842837458209685,
      "item_3": 1.6742945905765494,
      "item_4": 6.049824542987852,
      "item_5": 8.18609238371983
    }
  },
  "preference_cosine_similarities": {
    "agent_0_vs_agent_1": 0.9500000000000002
  },
  "negotiation_outcome": {
    "consensus_reached": true,
    "final_round": 1,
    "final_allocation": {
      "qwen_3_235b_a22b_2507_1": [
        0,
        1,
        2
      ],
      "gemini_pro_2": [
        3,
        4,
        5
      ]
    },
    "final_utilities": {
      "qwen_3_235b_a22b_2507_1": 23.499601569305803,
      "gemini_pro_2": 17.5542286592198
    },
    "utility_realized": null
  },
  "complete_conversation_log": [
    {
      "phase": "discussion",
      "round": 1,
      "from": "qwen_3_235b_a22b_2507_1",
      "content": "I'm particularly interested in Item_0 and Item_3\u2014they're high priority for me. I could see a deal where I take those in exchange for Item_5, depending on your preferences. Open to discussion.",
      "timestamp": 1755509350.5673862,
      "speaker_order": 1,
      "total_speakers": 2
    },
    {
      "phase": "discussion",
      "round": 1,
      "from": "gemini_pro_2",
      "content": "Hello! I'm looking at all the items, but Item_1 and Item_4 have caught my eye initially. I'm ultimately looking for a deal that is fair for both of us, so I'm curious to hear what you are interested in.",
      "timestamp": 1755509364.967273,
      "speaker_order": 2,
      "total_speakers": 2
    }
  ],
  "all_proposals": [],
  "all_votes": [],
  "round_summaries": [],
  "timestamp": "2025-08-18T02:29:45.451623",
  "duration_seconds": 38.6882209777832,
  "metrics": {
    "mean_utility": 20.5269151142628,
    "max_utility": 23.499601569305803,
    "min_utility": 17.5542286592198,
    "utility_spread": 5.945372910086004
  }
}