{
  "run_index": 0,
  "experiment_config": {
    "num_agents": 2,
    "num_items": 6,
    "max_rounds": 10,
    "competition_level": 0.95,
    "discount_factor": 0.9
  },
  "agents": [
    "qwen_3_235b_a22b_2507_1",
    "gemini_pro_2"
  ],
  "agent_models": {
    "qwen_3_235b_a22b_2507_1": "qwen/qwen3-235b-a22b-2507",
    "gemini_pro_2": "google/gemini-2.5-pro"
  },
  "initial_preferences_matrix": [
    [
      5.5833439690616835,
      0.2187176852464623,
      9.788069562423157,
      2.079922978255302,
      8.159216980433103,
      4.238129282214089
    ],
    [
      6.541285015516789,
      1.02188605061008,
      6.867281712017581,
      1.7530565326696737,
      7.995566358945019,
      7.608811124588277
    ]
  ],
  "initial_preferences_by_agent": {
    "qwen_3_235b_a22b_2507_1": {
      "item_0": 5.5833439690616835,
      "item_1": 0.2187176852464623,
      "item_2": 9.788069562423157,
      "item_3": 2.079922978255302,
      "item_4": 8.159216980433103,
      "item_5": 4.238129282214089
    },
    "gemini_pro_2": {
      "item_0": 6.541285015516789,
      "item_1": 1.02188605061008,
      "item_2": 6.867281712017581,
      "item_3": 1.7530565326696737,
      "item_4": 7.995566358945019,
      "item_5": 7.608811124588277
    }
  },
  "preference_cosine_similarities": {
    "agent_0_vs_agent_1": 0.9500000000000001
  },
  "negotiation_outcome": {
    "consensus_reached": true,
    "final_round": 10,
    "final_allocation": {
      "gemini_pro_2": [
        0,
        1,
        2
      ],
      "qwen_3_235b_a22b_2507_1": [
        3,
        4,
        5
      ]
    },
    "final_utilities": {
      "gemini_pro_2": 6.224877895251888,
      "qwen_3_235b_a22b_2507_1": 7.65055112054535
    },
    "utility_realized": null
  },
  "complete_conversation_log": [
    {
      "phase": "discussion",
      "round": 1,
      "from": "qwen_3_235b_a22b_2507_1",
      "content": "I'm particularly interested in Item_0 and Item_3\u2014they're my top priorities. I'd be open to trading Item_1 or Item_5 in exchange for either of those, depending on what others value.",
      "timestamp": 1755506627.353055,
      "speaker_order": 1,
      "total_speakers": 2
    },
    {
      "phase": "discussion",
      "round": 1,
      "from": "gemini_pro_2",
      "content": "I'm still evaluating all the options, but Item_2 and Item_4 are standing out to me initially. I'm open to finding a fair split that works for both of us, so I'm curious to hear what items you're leaning towards.",
      "timestamp": 1755506637.261703,
      "speaker_order": 2,
      "total_speakers": 2
    },
    {
      "phase": "reflection",
      "round": 1,
      "from": "qwen_3_235b_a22b_2507_1",
      "content": "The collaborative tone and active listening helped build rapport, but clearer framing of mutual benefits could strengthen alignment. I should introduce specific trade-offs earlier to accelerate convergence.",
      "timestamp": 1755506665.1938171
    },
    {
      "phase": "reflection",
      "round": 1,
      "from": "gemini_pro_2",
      "content": "My initial strategy of clearly articulating my core requirements has established a firm baseline, but to move forward, I must now pivot to asking more open-ended questions to understand their underlying interests and identify potential trade-offs.",
      "timestamp": 1755506679.610274
    },
    {
      "phase": "discussion",
      "round": 2,
      "from": "qwen_3_235b_a22b_2507_1",
      "content": "I'm particularly interested in Item_0 and Item_3\u2014they're high priority for me. That said, I could be flexible on Item_1 if you're open to giving up Item_3. Let\u2019s explore trades where we both get strong value.",
      "timestamp": 1755506682.703285,
      "speaker_order": 1,
      "total_speakers": 2
    },
    {
      "phase": "discussion",
      "round": 2,
      "from": "gemini_pro_2",
      "content": "My main interests lie with Item_0 and Item_2, as they are crucial for my goals. I'm less concerned about the other items and am willing to be flexible with them. Perhaps we could start by ensuring we each get our top priority item and build a deal from there.",
      "timestamp": 1755506696.561267,
      "speaker_order": 2,
      "total_speakers": 2
    },
    {
      "phase": "reflection",
      "round": 2,
      "from": "qwen_3_235b_a22b_2507_1",
      "content": "So far, emphasizing mutual gains and active listening has helped build trust, but rigid positions on key terms are stalling progress. I should explore more integrative trade-offs and probe underlying interests to unlock creative solutions.",
      "timestamp": 1755506739.414698
    },
    {
      "phase": "reflection",
      "round": 2,
      "from": "gemini_pro_2",
      "content": "My strategy of clearly articulating my rationale has successfully established our position, but to achieve consensus, I must now pivot to exploring their underlying interests more deeply to find creative, mutually beneficial trade-offs.",
      "timestamp": 1755506755.1656802
    },
    {
      "phase": "discussion",
      "round": 3,
      "from": "qwen_3_235b_a22b_2507_1",
      "content": "I'm particularly interested in Item_0 and Item_3\u2014they're high priority for me. That said, I could see a deal where I take those in exchange for giving up Item_1 and Item_4, if that aligns with your interests. Let\u2019s explore trades that free up items others value more.",
      "timestamp": 1755506756.286329,
      "speaker_order": 1,
      "total_speakers": 2
    },
    {
      "phase": "discussion",
      "round": 3,
      "from": "gemini_pro_2",
      "content": "My main focus is on acquiring Item_2, but I also have some interest in Item_0. To figure out a fair deal, it would be helpful to know which items are most important to you. I'm open to a deal where we both walk away with items we value.",
      "timestamp": 1755506768.805812,
      "speaker_order": 2,
      "total_speakers": 2
    },
    {
      "phase": "reflection",
      "round": 3,
      "from": "qwen_3_235b_a22b_2507_1",
      "content": "So far, maintaining a collaborative tone while firmly advocating for core interests has kept the dialogue productive. To break the impasse, I should explore integrative bargaining by identifying previously unshared priorities or trade-offs that could create mutual gains.",
      "timestamp": 1755506829.5518432
    },
    {
      "phase": "reflection",
      "round": 3,
      "from": "gemini_pro_2",
      "content": "My firm offers have effectively anchored the negotiation and revealed their resistance, but this positional approach has clearly reached an impasse. I must now pivot to interest-based negotiation, asking diagnostic questions to understand their underlying priorities and introduce new variables to expand the pie.",
      "timestamp": 1755506847.35827
    },
    {
      "phase": "discussion",
      "round": 4,
      "from": "qwen_3_235b_a22b_2507_1",
      "content": "I'm particularly interested in Item_0 and Item_3\u2014they're high priority for me. That said, I'm open to creative deals; maybe we can find a bundle that works for both of us if you're willing to trade off on items you value less.",
      "timestamp": 1755506848.512116,
      "speaker_order": 1,
      "total_speakers": 2
    },
    {
      "phase": "discussion",
      "round": 4,
      "from": "gemini_pro_2",
      "content": "My priorities are beginning to solidify, with Item_4 and Item_2 standing out as particularly valuable to me. I believe a fair deal would involve me securing at least one of those two items. What are your thoughts on a potential split?",
      "timestamp": 1755506863.829566,
      "speaker_order": 2,
      "total_speakers": 2
    },
    {
      "phase": "reflection",
      "round": 4,
      "from": "qwen_3_235b_a22b_2507_1",