{
  "run_index": 2,
  "experiment_config": {
    "num_agents": 2,
    "num_items": 6,
    "max_rounds": 10,
    "competition_level": 0.95,
    "discount_factor": 0.9
  },
  "agents": [
    "qwen_3_235b_a22b_2507_1",
    "gemini_pro_2"
  ],
  "agent_models": {
    "qwen_3_235b_a22b_2507_1": "qwen/qwen3-235b-a22b-2507",
    "gemini_pro_2": "google/gemini-2.5-pro"
  },
  "initial_preferences_matrix": [
    [
      0.6150164114463463,
      6.883607939805593,
      4.288424835937127,
      4.242863870944249,
      9.254026210565861,
      4.919721074390175
    ],
    [
      0.5567075367284547,
      5.791252667510829,
      7.297235291438414,
      3.988702530843802,
      9.346181815266823,
      1.9069361208987268
    ]
  ],
  "initial_preferences_by_agent": {
    "qwen_3_235b_a22b_2507_1": {
      "item_0": 0.6150164114463463,
      "item_1": 6.883607939805593,
      "item_2": 4.288424835937127,
      "item_3": 4.242863870944249,
      "item_4": 9.254026210565861,
      "item_5": 4.919721074390175
    },
    "gemini_pro_2": {
      "item_0": 0.5567075367284547,
      "item_1": 5.791252667510829,
      "item_2": 7.297235291438414,
      "item_3": 3.988702530843802,
      "item_4": 9.346181815266823,
      "item_5": 1.9069361208987268
    }
  },
  "preference_cosine_similarities": {
    "agent_0_vs_agent_1": 0.95
  },
  "negotiation_outcome": {
    "consensus_reached": true,
    "final_round": 3,
    "final_allocation": {
      "qwen_3_235b_a22b_2507_1": [
        0,
        1,
        2
      ],
      "gemini_pro_2": [
        3,
        4,
        5
      ]
    },
    "final_utilities": {
      "qwen_3_235b_a22b_2507_1": 12.854252802790212,
      "gemini_pro_2": 10.731020862109808
    },
    "utility_realized": null
  },
  "complete_conversation_log": [
    {
      "phase": "discussion",
      "round": 1,
      "from": "qwen_3_235b_a22b_2507_1",
      "content": "I'm particularly interested in Item_2 and Item_4, as they hold the highest value for me. A deal where I receive Item_2 in exchange for Item_1 and Item_3 could work, or alternatively, pairing Item_4 with Item_0 would also be acceptable. I'm open to creative combinations that reflect mutual benefit.",
      "timestamp": 1755507420.682893,
      "speaker_order": 1,
      "total_speakers": 2
    },
    {
      "phase": "discussion",
      "round": 1,
      "from": "gemini_pro_2",
      "content": "Hello, I'm most interested in Item_0 and Item_4 at the moment. However, I'm flexible and willing to consider different packages depending on what you're looking for. I'm sure we can find a deal that works for both of us.",
      "timestamp": 1755507431.902495,
      "speaker_order": 2,
      "total_speakers": 2
    },
    {
      "phase": "reflection",
      "round": 1,
      "from": "qwen_3_235b_a22b_2507_1",
      "content": "The collaborative framing and active listening helped build rapport, but clearer alignment on mutual gains could strengthen progress. I should focus more on prioritizing interests over positions and introduce objective criteria to bridge remaining gaps.",
      "timestamp": 1755507474.3558981
    },
    {
      "phase": "reflection",
      "round": 1,
      "from": "gemini_pro_2",
      "content": "My strategy of active listening to identify their underlying interests has been effective, but now I must pivot from debating our primary point of contention to introducing new variables that can create value and break the deadlock.",
      "timestamp": 1755507488.669882
    },
    {
      "phase": "discussion",
      "round": 2,
      "from": "qwen_3_235b_a22b_2507_1",
      "content": "I'm particularly interested in Item_0 and Item_3\u2014they hold the highest value for me due to their strategic utility. That said, I'm open to creative deals; perhaps a swap involving Item_1 or Item_5 could work if it aligns with mutual interests. Let's explore options that maximize joint gains.",
      "timestamp": 1755507489.925245,
      "speaker_order": 1,
      "total_speakers": 2
    },
    {
      "phase": "discussion",
      "round": 2,
      "from": "gemini_pro_2",
      "content": "I'm primarily focused on getting a fair outcome, and for me, that includes Item_0 and Item_3. I'm open to a deal where we each take three items, as long as we can agree on a combination that works for both of us.",
      "timestamp": 1755507506.252673,
      "speaker_order": 2,
      "total_speakers": 2
    },
    {
      "phase": "reflection",
      "round": 2,
      "from": "qwen_3_235b_a22b_2507_1",
      "content": "So far, emphasizing mutual gains and active listening has helped build trust and keep dialogue open. To progress, I should more directly probe underlying interests and test creative trade-offs to overcome remaining sticking points.",
      "timestamp": 1755507546.444855
    },
    {
      "phase": "reflection",
      "round": 2,
      "from": "gemini_pro_2",
      "content": "Our strategy of clearly defining positions has successfully framed the disagreement, but it has not created a path to consensus. I will now shift from defending a position to exploring the underlying interests behind our requests to identify new, creative solutions.",
      "timestamp": 1755507565.490109
    },
    {
      "phase": "discussion",
      "round": 3,
      "from": "qwen_3_235b_a22b_2507_1",
      "content": "I'm particularly interested in Item_0 and Item_3\u2014they're my top priorities. I'd be open to trading Item_1 or Item_5 if it helps secure one of those, but I\u2019d prefer to keep Item_2 regardless. A fair deal might involve me taking Item_0 and Item_2 in exchange for Item_1 and Item_5.",
      "timestamp": 1755507566.91536,
      "speaker_order": 1,
      "total_speakers": 2
    },
    {
      "phase": "discussion",
      "round": 3,
      "from": "gemini_pro_2",
      "content": "My main interests are focused on Item_2 and Item_4 right now. I'm open to a fair trade, perhaps where I take those two and you get a couple of your preferred items. What do you have in mind?",
      "timestamp": 1755507583.570005,
      "speaker_order": 2,
      "total_speakers": 2
    }
  ],
  "all_proposals": [],
  "all_votes": [],
  "round_summaries": [],
  "timestamp": "2025-08-18T02:00:16.123794",
  "duration_seconds": 196.82577300071716,
  "metrics": {
    "mean_utility": 11.792636832450011,
    "max_utility": 12.854252802790212,
    "min_utility": 10.731020862109808,
    "utility_spread": 2.1232319406804034
  }
}