{
  "run_index": 7,
  "experiment_config": {
    "num_agents": 2,
    "num_items": 6,
    "max_rounds": 10,
    "competition_level": 0.95,
    "discount_factor": 0.9
  },
  "agents": [
    "qwen_3_235b_a22b_2507_1",
    "gemini_pro_2"
  ],
  "agent_models": {
    "qwen_3_235b_a22b_2507_1": "qwen/qwen3-235b-a22b-2507",
    "gemini_pro_2": "google/gemini-2.5-pro"
  },
  "initial_preferences_matrix": [
    [
      1.3871749896033736,
      4.313517044157011,
      1.4804041389161982,
      2.8791739491577797,
      8.484195313676286,
      3.719646834442444
    ],
    [
      1.5666193608220926,
      5.247502302296082,
      2.7721529122831967,
      3.8792481822937344,
      6.06678216823947,
      5.224887055195008
    ]
  ],
  "initial_preferences_by_agent": {
    "qwen_3_235b_a22b_2507_1": {
      "item_0": 1.3871749896033736,
      "item_1": 4.313517044157011,
      "item_2": 1.4804041389161982,
      "item_3": 2.8791739491577797,
      "item_4": 8.484195313676286,
      "item_5": 3.719646834442444
    },
    "gemini_pro_2": {
      "item_0": 1.5666193608220926,
      "item_1": 5.247502302296082,
      "item_2": 2.7721529122831967,
      "item_3": 3.8792481822937344,
      "item_4": 6.06678216823947,
      "item_5": 5.224887055195008
    }
  },
  "preference_cosine_similarities": {
    "agent_0_vs_agent_1": 0.9500000000000002
  },
  "negotiation_outcome": {
    "consensus_reached": false,
    "final_round": 10,
    "final_allocation": null,
    "final_utilities": null,
    "utility_realized": null
  },
  "complete_conversation_log": [
    {
      "phase": "discussion",
      "round": 1,
      "from": "qwen_3_235b_a22b_2507_1",
      "content": "I'm particularly interested in Item_0 and Item_3, as they hold the highest value for me. I'm open to deals involving Item_1 or Item_2 as trade-offs, especially if it means securing Item_0.",
      "timestamp": 1755509386.3822021,
      "speaker_order": 1,
      "total_speakers": 2
    },
    {
      "phase": "discussion",
      "round": 1,
      "from": "gemini_pro_2",
      "content": "My main priorities are Item_4 and Item_1, as they are crucial for my objectives. I am open to discussing a trade that allows us each to secure one of our most desired items. I believe a fair and mutually beneficial agreement is definitely within reach.",
      "timestamp": 1755509397.0586271,
      "speaker_order": 2,
      "total_speakers": 2
    },
    {
      "phase": "reflection",
      "round": 1,
      "from": "qwen_3_235b_a22b_2507_1",
      "content": "The collaborative framing and active listening have built trust, but overly rigid positions on key terms are stalling progress. I should introduce trade-offs and explore underlying interests more explicitly to unlock value.",
      "timestamp": 1755509428.800846
    },
    {
      "phase": "reflection",
      "round": 1,
      "from": "gemini_pro_2",
      "content": "My initial strategy of anchoring high has successfully framed the negotiation and revealed their key constraints; I will now pivot to exploring their underlying interests to create new, tradable options that can lead to a mutually beneficial agreement.",
      "timestamp": 1755509441.9094982
    },
    {
      "phase": "discussion",
      "round": 2,
      "from": "qwen_3_235b_a22b_2507_1",
      "content": "I'm particularly interested in Item_0 and Item_3\u2014they\u2019re high priority for me. That said, I could see a deal where I take Item_0 and one of Item_4 or Item_5, leaving the others on the table for you. What are your thoughts on that split?",
      "timestamp": 1755509444.4706402,
      "speaker_order": 1,
      "total_speakers": 2
    },
    {
      "phase": "discussion",
      "round": 2,
      "from": "gemini_pro_2",
      "content": "I'm primarily interested in Item_2 and Item_0, as they seem to have the most utility for me. I'm not particularly attached to Item_4, so I'm open to deals where I trade that away. Let me know what you're thinking.",
      "timestamp": 1755509454.9646232,
      "speaker_order": 2,
      "total_speakers": 2
    },
    {
      "phase": "reflection",
      "round": 2,
      "from": "qwen_3_235b_a22b_2507_1",
      "content": "So far, open-ended questioning and active listening have built trust and surfaced key interests, but we need to shift toward integrative solutions by proposing creative trade-offs that align with both parties' priorities. I should introduce objective criteria earlier to anchor discussions and prevent positional bargaining from stalling progress.",
      "timestamp": 1755509493.424781
    },
    {
      "phase": "reflection",
      "round": 2,
      "from": "gemini_pro_2",
      "content": "Establishing my key priorities has laid a clear foundation, but to break the current impasse, I will focus on proposing creative, multi-issue packages that address both of our underlying interests.",
      "timestamp": 1755509511.08794
    },
    {
      "phase": "discussion",
      "round": 3,
      "from": "qwen_3_235b_a22b_2507_1",
      "content": "I'm particularly interested in Item_0 and Item_3\u2014they're my top priorities. That said, I could be flexible on Item_1 or Item_5 if you're willing to concede on Item_0.",
      "timestamp": 1755509512.2062469,
      "speaker_order": 1,
      "total_speakers": 2
    },
    {
      "phase": "discussion",
      "round": 3,
      "from": "gemini_pro_2",
      "content": "My main interests are Item_2 and Item_5, as they seem to hold the most value for me. I'm open to a fair 3-3 split, but it really depends on which specific items we each get. What are your thoughts on those two items?",
      "timestamp": 1755509523.577783,
      "speaker_order": 2,
      "total_speakers": 2
    },
    {
      "phase": "reflection",
      "round": 3,
      "from": "qwen_3_235b_a22b_2507_1",
      "content": "Collaborative framing and active listening are building trust, but progress is slow. I should introduce more concrete trade-off proposals to catalyze movement toward agreement.",
      "timestamp": 1755509565.227802
    },
    {
      "phase": "reflection",
      "round": 3,
      "from": "gemini_pro_2",
      "content": "My strategy of anchoring and information gathering has successfully clarified their core interests, but our incremental concessions have reached an impasse. To break this deadlock, I will now shift to proposing a creative package deal that trades on our differing priorities to create new value.",
      "timestamp": 1755509578.2501671
    },
    {
      "phase": "discussion",
      "round": 4,
      "from": "qwen_3_235b_a22b_2507_1",
      "content": "I'm particularly interested in Item_0 and Item_3\u2014they're high priority for me. That said, I could be flexible on Item_1 if we can find a balanced exchange that respects both our needs. Let\u2019s explore trades where we each get strong value.",
      "timestamp": 1755509579.332129,
      "speaker_order": 1,
      "total_speakers": 2
    },
    {
      "phase": "discussion",
      "round": 4,
      "from": "gemini_pro_2",
      "content": "My primary interests lie with Item_2 and Item_0 at the moment. I'm open to negotiations, and I'd be willing to part with items like Item_3 and Item_5 if we can work out a fair trade.",
      "timestamp": 1755509594.179766,
      "speaker_order": 2,
      "total_speakers": 2
    },
    {
      "phase": "reflection",
      "round": 4,
      "from": "qwen_3_235b_a22b_2507_1",
      "content": "So far, active listening and reframing common interests have built incremental trust, but rigid positions on concessions are stalling progress. I should shift toward integrative bargaining\u2014exploring hidden priorities and proposing creative trade-offs to unlock value beyond fixed demands.",
      "timestamp": 1755509667.635621
    },
    {
      "phase": "reflection",
      "round": 4,
      "from": "gemini_pro_2",