adversary_model,adversary_short,adversary_elo,num_runs,avg_baseline_utility,std_baseline_utility
gpt-3.5-turbo-0125,GPT-3.5,1223,18,80.6001,18.711851019934457
gemini-3-flash,Gemini 3 Flash,1474,18,75.30508333333334,18.276225578367892
grok-4,Grok-4,1491,1,72.0,0.0
claude-opus-4-6,Opus 4.6,1499,18,80.63703733333334,14.330942099372285
