{
  "experiment": "Strong Models Competition",
  "timestamp": "2025-08-17T22:49:51.282517",
  "configuration": {
    "models": [
      "claude-3-5-sonnet",
      "llama-3-1-405b"
    ],
    "num_runs": 1,
    "max_rounds": 2,
    "num_items": 6,
    "competition_level": 0.95
  },
  "runs": [
    {
      "run_index": 0,
      "experiment_config": {
        "num_agents": 2,
        "num_items": 6,
        "max_rounds": 2,
        "competition_level": 0.95,
        "discount_factor": 0.9
      },
      "agents": [
        "claude_3_5_sonnet_1",
        "llama_3_1_405b_2"
      ],
      "agent_models": {
        "claude_3_5_sonnet_1": "anthropic/claude-sonnet-4",
        "llama_3_1_405b_2": "meta-llama/llama-3.1-405b-instruct"
      },
      "initial_preferences_matrix": [
        [
          7.282006092700248,
          8.73433512248997,
          2.8121770437423077,
          8.445514053563208,
          6.12696748809118,
          1.8090146977924404
        ],
        [
          6.293543820755298,
          8.767860952208288,
          2.6350610774480296,
          5.892895872505134,
          7.674781082433995,
          5.683961830180017
        ]
      ],
      "initial_preferences_by_agent": {
        "claude_3_5_sonnet_1": {
          "item_0": 7.282006092700248,
          "item_1": 8.73433512248997,
          "item_2": 2.8121770437423077,
          "item_3": 8.445514053563208,
          "item_4": 6.12696748809118,
          "item_5": 1.8090146977924404
        },
        "llama_3_1_405b_2": {
          "item_0": 6.293543820755298,
          "item_1": 8.767860952208288,
          "item_2": 2.6350610774480296,
          "item_3": 5.892895872505134,
          "item_4": 7.674781082433995,
          "item_5": 5.683961830180017
        }
      },
      "preference_cosine_similarities": {
        "agent_0_vs_agent_1": 0.9499999999999998
      },
      "negotiation_outcome": {
        "consensus_reached": false,
        "final_round": 2,
        "final_allocation": null,
        "final_utilities": null,
        "utility_realized": null
      },
      "complete_conversation_log": [
        {
          "phase": "discussion",
          "round": 1,
          "from": "claude_3_5_sonnet_1",
          "content": "I'm particularly interested in Items 2, 4, and 5 - they align well with my current needs and priorities. I'd be open to trading away Items 0, 1, and 3 if we can find a mutually beneficial arrangement. What items are you most interested in, and do you see any potential for a trade that works for both of us?",
          "timestamp": 1755496194.818135,
          "speaker_order": 1,
          "total_speakers": 2
        },
        {
          "phase": "discussion",
          "round": 1,
          "from": "llama_3_1_405b_2",
          "content": "I have a strong interest in acquiring Item_2 and Item_5, as they hold significant value to me. I'm willing to consider a trade involving Item_1 or Item_3 in exchange for one of these items. Alternatively, a bundle deal involving Item_0 and Item_4 could also be enticing, but only if the terms are favorable.",
          "timestamp": 1755496197.588076,
          "speaker_order": 2,
          "total_speakers": 2
        },
        {
          "phase": "reflection",
          "round": 1,
          "from": "claude_3_5_sonnet_1",
          "content": "I need more context about what negotiation took place in Round 1 to provide meaningful reflection. Without knowing the specific proposals, counteroffers, or points of disagreement from the first round, I cannot assess which strategies worked or suggest different approaches for future rounds.\n\nCould you provide details about what was discussed, proposed, or rejected in Round 1?",
          "timestamp": 1755496222.039834
        },
        {
          "phase": "reflection",
          "round": 1,
          "from": "llama_3_1_405b_2",
          "content": "So far, I have focused on emphasizing the benefits and addressing concerns. For the next round, I should explore more creative solutions that could be win-win for both sides.",
          "timestamp": 1755496223.793328
        },
        {
          "phase": "discussion",
          "round": 2,
          "from": "claude_3_5_sonnet_1",
          "content": "I'm particularly interested in Items 2, 4, and 5, as they align well with my strategic priorities. I'd be open to a deal where I take those three items while you get Items 0, 1, and 3 - this seems like it could create mutual value if our preferences complement each other. What items are you most drawn to?",
          "timestamp": 1755496228.938476,
          "speaker_order": 1,
          "total_speakers": 2
        },
        {
          "phase": "discussion",
          "round": 2,
          "from": "llama_3_1_405b_2",
          "content": "I am most interested in Item_2 and Item_4. I would be open to a deal where I receive both of those items in exchange for the others. However, I am also quite fond of Item_5 and would consider substituting it for one of my top choices.",
          "timestamp": 1755496231.4224372,
          "speaker_order": 2,
          "total_speakers": 2
        }
      ],
      "all_proposals": [],
      "all_votes": [],
      "round_summaries": [],
      "timestamp": "2025-08-17T22:50:57.967986",
      "duration_seconds": 66.6854178905487
    }
  ],
  "summary": {
    "total_runs": 1,
    "successful_runs": 1,
    "consensus_rate": 0.0,
    "avg_rounds": 2.0,
    "avg_utility_spread": 0.0
  }
}