{
  "run_index": 6,
  "experiment_config": {
    "num_agents": 2,
    "num_items": 6,
    "max_rounds": 10,
    "competition_level": 0.95,
    "discount_factor": 0.9
  },
  "agents": [
    "llama_3_1_405b_1",
    "claude_4_sonnet_2"
  ],
  "agent_models": {
    "llama_3_1_405b_1": "meta-llama/llama-3.1-405b-instruct",
    "claude_4_sonnet_2": "anthropic/claude-sonnet-4"
  },
  "initial_preferences_matrix": [
    [
      5.325528875484738,
      1.5840733897714965,
      0.1403758930607546,
      3.533055298919485,
      6.727261475602157,
      8.519241612350477
    ],
    [
      6.735359285633821,
      4.154816766414871,
      1.7466558593541899,
      3.960815653221714,
      6.244212902711969,
      6.391371283365677
    ]
  ],
  "initial_preferences_by_agent": {
    "llama_3_1_405b_1": {
      "item_0": 5.325528875484738,
      "item_1": 1.5840733897714965,
      "item_2": 0.1403758930607546,
      "item_3": 3.533055298919485,
      "item_4": 6.727261475602157,
      "item_5": 8.519241612350477
    },
    "claude_4_sonnet_2": {
      "item_0": 6.735359285633821,
      "item_1": 4.154816766414871,
      "item_2": 1.7466558593541899,
      "item_3": 3.960815653221714,
      "item_4": 6.244212902711969,
      "item_5": 6.391371283365677
    }
  },
  "preference_cosine_similarities": {
    "agent_0_vs_agent_1": 0.9499999999999998
  },
  "negotiation_outcome": {
    "consensus_reached": true,
    "final_round": 5,
    "final_allocation": {
      "llama_3_1_405b_1": [
        0,
        1,
        3
      ],
      "claude_4_sonnet_2": [
        2,
        4,
        5
      ]
    },
    "final_utilities": {
      "llama_3_1_405b_1": 9.49180607865368,
      "claude_4_sonnet_2": 9.742200466924233
    },
    "utility_realized": null
  },
  "complete_conversation_log": [
    {
      "phase": "discussion",
      "round": 1,
      "from": "llama_3_1_405b_1",
      "content": "I have a strong interest in acquiring Item_2 and Item_5, as they hold significant value to me. I'd be willing to consider a trade involving Item_1 or Item_3 in exchange for one of these items. A package deal including both Item_2 and Item_5 would be ideal, but I'm open to negotiating alternative arrangements.",
      "timestamp": 1755507289.905003,
      "speaker_order": 1,
      "total_speakers": 2
    },
    {
      "phase": "discussion",
      "round": 1,
      "from": "claude_4_sonnet_2",
      "content": "I'm particularly interested in Items 2, 4, and 5, as they align well with my priorities for this negotiation. I'd be willing to consider trading away Items 0 and 1 if we can find a mutually beneficial arrangement. What items are you most drawn to, and do you see any potential for us to complement each other's needs?",
      "timestamp": 1755507293.6666722,
      "speaker_order": 2,
      "total_speakers": 2
    },
    {
      "phase": "reflection",
      "round": 1,
      "from": "llama_3_1_405b_1",
      "content": "Upon reflection, it appears that active listening and asking clarifying questions have been effective in building understanding, but a more direct and assertive approach to addressing key interests and needs may be necessary to move towards consensus. In the next round, I should try to more explicitly link proposals to underlying interests and seek creative solutions that meet multiple parties' needs.",
      "timestamp": 1755507319.570102
    },
    {
      "phase": "reflection",
      "round": 1,
      "from": "claude_4_sonnet_2",
      "content": "I need more context about what negotiation took place in Round 1 to provide meaningful reflection. Without knowing the specific proposals, counteroffers, or positions taken by each party, I cannot assess which strategies worked or suggest different approaches for future rounds.\n\nCould you provide details about what happened in Round 1 - the initial positions, any offers made, and points of disagreement?",
      "timestamp": 1755507323.433077
    },
    {
      "phase": "discussion",
      "round": 2,
      "from": "llama_3_1_405b_1",
      "content": "I'm particularly interested in Item_2 and Item_5, as I believe they hold significant value. I'd be open to a deal involving Item_2 and Item_3, or alternatively, a trade of Item_5 for Item_1 and Item_4. However, I'm not keen on parting with any of my preferences without a substantial offer.",
      "timestamp": 1755507326.263791,
      "speaker_order": 1,
      "total_speakers": 2
    },
    {
      "phase": "discussion",
      "round": 2,
      "from": "claude_4_sonnet_2",
      "content": "I'm particularly interested in Items 2, 4, and 5 - they align well with my priorities for this negotiation. I'd be willing to consider trading away Items 0 and 1 if we can find a mutually beneficial arrangement, and Item 3 could be negotiable depending on what you're most interested in securing. What are your top priorities among these items?",
      "timestamp": 1755507330.1448011,
      "speaker_order": 2,
      "total_speakers": 2
    },
    {
      "phase": "reflection",
      "round": 2,
      "from": "llama_3_1_405b_1",
      "content": "Upon reflection, I notice that actively listening to the counterparty's concerns and asking clarifying questions has helped build trust and encouraged them to share more information, which I can leverage to find creative solutions. To further progress, I should focus on making more targeted concessions and exploring mutually beneficial trade-offs to bridge the gap between our positions.",
      "timestamp": 1755507352.541567
    },
    {
      "phase": "reflection",
      "round": 2,
      "from": "claude_4_sonnet_2",
      "content": "My direct approach of proposing specific allocations hasn't gained traction, suggesting others may have strong preferences or different valuation priorities. I should shift to information gathering - asking others about their preferences and constraints to identify potential win-win trades rather than continuing to make unilateral proposals.",
      "timestamp": 1755507356.4897249
    },
    {
      "phase": "discussion",
      "round": 3,
      "from": "llama_3_1_405b_1",
      "content": "I have a strong interest in acquiring Item_2 and Item_5, as they hold significant value to me. I'd be open to negotiating a deal where I obtain one of these items in exchange for a concession on another item of lesser importance to me, such as Item_0. Perhaps a trade involving Item_2 and Item_0 could be mutually beneficial.",
      "timestamp": 1755507359.206592,
      "speaker_order": 1,
      "total_speakers": 2
    },
    {
      "phase": "discussion",
      "round": 3,
      "from": "claude_4_sonnet_2",
      "content": "I'm particularly interested in Items 2, 4, and 5 - they align well with my priorities and I'd value them highly in any agreement. I'm open to exploring a deal where I focus on these items while you take the lead on Items 0, 1, and 3, though I'd want to understand what's most valuable to you first. What items are you most drawn to, and do you see potential for a mutually beneficial split?",
      "timestamp": 1755507363.536603,
      "speaker_order": 2,
      "total_speakers": 2
    },
    {
      "phase": "reflection",
      "round": 3,
      "from": "llama_3_1_405b_1",
      "content": "Upon reflection, I notice that actively listening to the counterpart's concerns and mirroring their language has helped build rapport and kept the conversation productive. However, I may need to adapt my concession strategy, as the current approach has yet to yield a mutually acceptable agreement.",
      "timestamp": 1755507393.881967
    },
    {
      "phase": "reflection",
      "round": 3,
      "from": "claude_4_sonnet_2",