{
  "run_index": 8,
  "experiment_config": {
    "num_agents": 2,
    "num_items": 6,
    "max_rounds": 10,
    "competition_level": 0.95,
    "discount_factor": 0.9
  },
  "agents": [
    "llama_3_1_405b_1",
    "claude_4_sonnet_2"
  ],
  "agent_models": {
    "llama_3_1_405b_1": "meta-llama/llama-3.1-405b-instruct",
    "claude_4_sonnet_2": "anthropic/claude-sonnet-4"
  },
  "initial_preferences_matrix": [
    [
      2.4674531269999935,
      5.461597269327418,
      9.135958369112377,
      2.1623225293411052,
      1.5453801840844439,
      9.943817461676975
    ],
    [
      4.7558313312489835,
      7.046108570662772,
      8.440894586988588,
      4.880472283799532,
      1.986500546831659,
      7.351664854223302
    ]
  ],
  "initial_preferences_by_agent": {
    "llama_3_1_405b_1": {
      "item_0": 2.4674531269999935,
      "item_1": 5.461597269327418,
      "item_2": 9.135958369112377,
      "item_3": 2.1623225293411052,
      "item_4": 1.5453801840844439,
      "item_5": 9.943817461676975
    },
    "claude_4_sonnet_2": {
      "item_0": 4.7558313312489835,
      "item_1": 7.046108570662772,
      "item_2": 8.440894586988588,
      "item_3": 4.880472283799532,
      "item_4": 1.986500546831659,
      "item_5": 7.351664854223302
    }
  },
  "preference_cosine_similarities": {
    "agent_0_vs_agent_1": 0.9499999999999998
  },
  "negotiation_outcome": {
    "consensus_reached": true,
    "final_round": 3,
    "final_allocation": {
      "llama_3_1_405b_1": [
        0,
        1,
        3
      ],
      "claude_4_sonnet_2": [
        2,
        4,
        5
      ]
    },
    "final_utilities": {
      "llama_3_1_405b_1": 9.418295365369111,
      "claude_4_sonnet_2": 15.350689882298699
    },
    "utility_realized": null
  },
  "complete_conversation_log": [
    {
      "phase": "discussion",
      "round": 1,
      "from": "llama_3_1_405b_1",
      "content": "I am most interested in Item_0 and Item_3. I would be open to trading Item_1 and Item_4 if it meant securing my top choices. However, I may also have some flexibility with Item_5 depending on the offers presented.",
      "timestamp": 1755507569.7364218,
      "speaker_order": 1,
      "total_speakers": 2
    },
    {
      "phase": "discussion",
      "round": 1,
      "from": "claude_4_sonnet_2",
      "content": "I'm quite interested in Items 2, 4, and 5 - they seem to have good potential value for my needs. I'd be willing to consider trading Items 0, 1, and 3 if we can find a mutually beneficial arrangement. What items are you most drawn to, and do you see any natural complementary interests where we might both benefit?",
      "timestamp": 1755507573.277167,
      "speaker_order": 2,
      "total_speakers": 2
    },
    {
      "phase": "reflection",
      "round": 1,
      "from": "llama_3_1_405b_1",
      "content": "Upon reflection, I realize that actively listening to the counterpart's needs and concerns has been effective in building rapport and fostering a collaborative atmosphere. However, I may need to try differently by being more direct and assertive in expressing my own interests and limitations to avoid being overly accommodating and to drive the negotiation forward.",
      "timestamp": 1755507595.628114
    },
    {
      "phase": "reflection",
      "round": 1,
      "from": "claude_4_sonnet_2",
      "content": "I need more context about what negotiation took place in Round 1 to provide meaningful reflection. Without knowing the specific positions, offers, or dynamics that occurred, I cannot assess what strategies worked or suggest different approaches for future rounds.\n\nCould you provide details about what happened in Round 1 - the key positions, offers made, and points of disagreement?",
      "timestamp": 1755507607.3004758
    },
    {
      "phase": "discussion",
      "round": 2,
      "from": "llama_3_1_405b_1",
      "content": "I have a strong interest in Item_2 and Item_5, as I believe they hold significant value. I'd be willing to consider a trade involving Item_1 or Item_3 in exchange for one of these items. A potential deal could be Item_1 and Item_3 in exchange for Item_2, but I'm open to negotiations.",
      "timestamp": 1755507612.226356,
      "speaker_order": 1,
      "total_speakers": 2
    },
    {
      "phase": "discussion",
      "round": 2,
      "from": "claude_4_sonnet_2",
      "content": "I'm particularly interested in Items 2, 4, and 5 as they align well with my strategic objectives. I'd be open to a deal where I focus on those items while you take priority on Items 0, 1, and 3 - this could create a mutually beneficial arrangement where we each get our preferred items. What are your thoughts on this division, and which items are most valuable to you?",
      "timestamp": 1755507616.1766698,
      "speaker_order": 2,
      "total_speakers": 2
    },
    {
      "phase": "reflection",
      "round": 2,
      "from": "llama_3_1_405b_1",
      "content": "The strategies of active listening, asking clarifying questions, and finding common ground seem to be working well. To make further progress, I should try to be more direct in proposing specific compromises and solutions, while still aiming to understand and address the other side's key concerns.",
      "timestamp": 1755507644.295507
    },
    {
      "phase": "reflection",
      "round": 2,
      "from": "claude_4_sonnet_2",
      "content": "My direct, value-focused approach in Round 1 established clear priorities but may have come across as inflexible. I should explore more collaborative framing and show willingness to find creative solutions while still protecting my core interests in the high-value items.",
      "timestamp": 1755507647.334283
    },
    {
      "phase": "discussion",
      "round": 3,
      "from": "llama_3_1_405b_1",
      "content": "I'm particularly interested in Item_2 and Item_5, as I believe they hold significant value. I'd be willing to consider a trade involving Item_1 or Item_3 in exchange for one of these items. A potential deal could be Item_1 and Item_3 for Item_2, or Item_1 and Item_4 for Item_5.",
      "timestamp": 1755507649.704406,
      "speaker_order": 1,
      "total_speakers": 2
    },
    {
      "phase": "discussion",
      "round": 3,
      "from": "claude_4_sonnet_2",
      "content": "I'm particularly interested in Items 2, 4, and 5 - they align well with my priorities and would create significant value for me. I'd be willing to consider a split where I focus on these items while you take Items 0, 1, and 3, though I'm open to discussing variations if you have strong preferences for any of the items I mentioned.",
      "timestamp": 1755507653.891627,
      "speaker_order": 2,
      "total_speakers": 2
    }
  ],
  "all_proposals": [],
  "all_votes": [],
  "round_summaries": [],
  "timestamp": "2025-08-18T02:01:17.277510",
  "duration_seconds": 109.85439777374268,
  "metrics": {
    "mean_utility": 12.384492623833905,
    "max_utility": 15.350689882298699,
    "min_utility": 9.418295365369111,
    "utility_spread": 5.9323945169295875
  }
}