{
  "run_index": 9,
  "experiment_config": {
    "num_agents": 2,
    "num_items": 6,
    "max_rounds": 10,
    "competition_level": 0.95,
    "discount_factor": 0.9
  },
  "agents": [
    "llama_3_1_405b_1",
    "claude_4_sonnet_2"
  ],
  "agent_models": {
    "llama_3_1_405b_1": "meta-llama/llama-3.1-405b-instruct",
    "claude_4_sonnet_2": "anthropic/claude-sonnet-4"
  },
  "initial_preferences_matrix": [
    [
      6.543939430943456,
      6.798185225602639,
      2.537401199666701,
      4.116043002959682,
      0.7456406105988067,
      3.9376843227401084
    ],
    [
      6.245374062336927,
      5.719716086009388,
      4.182760147265052,
      3.0903512975995753,
      3.5371319775820114,
      4.147663526787886
    ]
  ],
  "initial_preferences_by_agent": {
    "llama_3_1_405b_1": {
      "item_0": 6.543939430943456,
      "item_1": 6.798185225602639,
      "item_2": 2.537401199666701,
      "item_3": 4.116043002959682,
      "item_4": 0.7456406105988067,
      "item_5": 3.9376843227401084
    },
    "claude_4_sonnet_2": {
      "item_0": 6.245374062336927,
      "item_1": 5.719716086009388,
      "item_2": 4.182760147265052,
      "item_3": 3.0903512975995753,
      "item_4": 3.5371319775820114,
      "item_5": 4.147663526787886
    }
  },
  "preference_cosine_similarities": {
    "agent_0_vs_agent_1": 0.95
  },
  "negotiation_outcome": {
    "consensus_reached": true,
    "final_round": 3,
    "final_allocation": {
      "llama_3_1_405b_1": [
        0,
        1,
        2
      ],
      "claude_4_sonnet_2": [
        3,
        4,
        5
      ]
    },
    "final_utilities": {
      "llama_3_1_405b_1": 10.65261656491621,
      "claude_4_sonnet_2": 12.472438218180327
    },
    "utility_realized": null
  },
  "complete_conversation_log": [
    {
      "phase": "discussion",
      "round": 1,
      "from": "llama_3_1_405b_1",
      "content": "I'm particularly interested in Item_2 and Item_5, as I believe they hold significant value. I'd be open to negotiating a bundle deal for these two items, potentially offering concessions on Item_0 or Item_1 in exchange. A trade involving Item_3 could also be considered, depending on the terms.",
      "timestamp": 1755507680.411906,
      "speaker_order": 1,
      "total_speakers": 2
    },
    {
      "phase": "discussion",
      "round": 1,
      "from": "claude_4_sonnet_2",
      "content": "I'm particularly interested in Items 2, 4, and 5, as they align well with my priorities and would provide significant value to me. I'd be open to exploring a deal where I focus on those items while you take the lead on Items 0, 1, and 3 - though I'm flexible and curious to hear what items are most important to you. What are your initial thoughts on the items that caught your attention?",
      "timestamp": 1755507684.7904031,
      "speaker_order": 2,
      "total_speakers": 2
    },
    {
      "phase": "reflection",
      "round": 1,
      "from": "llama_3_1_405b_1",
      "content": "The strategies of active listening, asking clarifying questions, and finding common ground seem to be working well. In the next round, I should focus more on clearly articulating my key interests and priorities while exploring creative solutions that could satisfy both parties.",
      "timestamp": 1755507709.143894
    },
    {
      "phase": "reflection",
      "round": 1,
      "from": "claude_4_sonnet_2",
      "content": "I notice this appears to be mid-negotiation, but I don't have context about what we're negotiating, what positions have been taken, or what specific issues are at stake. To provide meaningful strategic reflection, I'd need to understand the negotiation topic, the parties involved, what's been discussed so far, and what the key points of disagreement are.\n\nCould you provide more context about the negotiation so I can offer relevant strategic insights?",
      "timestamp": 1755507713.432199
    },
    {
      "phase": "discussion",
      "round": 2,
      "from": "llama_3_1_405b_1",
      "content": "I am quite interested in Item_2 and Item_3. I would be open to a trade involving those items, perhaps in exchange for Item_0 or Item_1 which are less of a priority for me. Let me know if any of that aligns with your preferences.",
      "timestamp": 1755507715.845685,
      "speaker_order": 1,
      "total_speakers": 2
    },
    {
      "phase": "discussion",
      "round": 2,
      "from": "claude_4_sonnet_2",
      "content": "I'm particularly interested in Items 2, 4, and 5, as they align well with my priorities for this negotiation. I'd be willing to consider a deal where I focus on those items while potentially offering you favorable terms on Items 0, 1, and 3. What items are you most drawn to, and do you see any potential for a mutually beneficial arrangement?",
      "timestamp": 1755507719.1029818,
      "speaker_order": 2,
      "total_speakers": 2
    },
    {
      "phase": "reflection",
      "round": 2,
      "from": "llama_3_1_405b_1",
      "content": "The strategies of active listening, asking clarifying questions, and proposing creative solutions seem to be working well. To make further progress, I should focus more on finding common ground and shared interests between the parties.",
      "timestamp": 1755507739.483288
    },
    {
      "phase": "reflection",
      "round": 2,
      "from": "claude_4_sonnet_2",
      "content": "I notice I haven't received information about Round 1 or the specific negotiation context, so I'm missing crucial details about what strategies were attempted and how other parties responded. Without knowing the negotiation topic, parties involved, or what happened in previous rounds, I should ask for this context before providing strategic advice.\n\nCould you share details about the negotiation - what we're discussing, who the parties are, and what approaches were tried in the previous rounds?",
      "timestamp": 1755507743.651018
    },
    {
      "phase": "discussion",
      "round": 3,
      "from": "llama_3_1_405b_1",
      "content": "I'm particularly interested in acquiring Item_2 and Item_5, as I believe they hold significant value. I'd be open to negotiating a bundle deal for these two items, potentially offering Item_1 or Item_3 in exchange. A trade involving Item_2 and Item_4 could also be a viable option, depending on the terms.",
      "timestamp": 1755507746.534512,
      "speaker_order": 1,
      "total_speakers": 2
    },
    {
      "phase": "discussion",
      "round": 3,
      "from": "claude_4_sonnet_2",
      "content": "I'm particularly interested in Items 2, 4, and 5 - they align well with my strategic objectives. I'd be willing to consider a deal where I take those three items while you get Items 0, 1, and 3, which seems like it could create mutual value. What are your thoughts on this division, and which items are most important to your goals?",
      "timestamp": 1755507750.232099,
      "speaker_order": 2,
      "total_speakers": 2
    }
  ],
  "all_proposals": [],
  "all_votes": [],
  "round_summaries": [],
  "timestamp": "2025-08-18T02:02:56.072299",
  "duration_seconds": 98.79198789596558,
  "metrics": {
    "mean_utility": 11.562527391548269,
    "max_utility": 12.472438218180327,
    "min_utility": 10.65261656491621,
    "utility_spread": 1.8198216532641176
  }
}