{
  "run_index": 3,
  "experiment_config": {
    "num_agents": 2,
    "num_items": 6,
    "max_rounds": 10,
    "competition_level": 0.95,
    "discount_factor": 0.9
  },
  "agents": [
    "llama_3_1_405b_1",
    "claude_4_sonnet_2"
  ],
  "agent_models": {
    "llama_3_1_405b_1": "meta-llama/llama-3.1-405b-instruct",
    "claude_4_sonnet_2": "anthropic/claude-sonnet-4"
  },
  "initial_preferences_matrix": [
    [
      2.1525562036382717,
      5.761132220675693,
      1.1346629895632443,
      0.5347243087362341,
      2.424281528551652,
      2.3793115216070895
    ],
    [
      2.434693789648807,
      4.7391263142488365,
      0.7040326578515601,
      1.6153492090974833,
      3.9730348609774175,
      1.9127791241386956
    ]
  ],
  "initial_preferences_by_agent": {
    "llama_3_1_405b_1": {
      "item_0": 2.1525562036382717,
      "item_1": 5.761132220675693,
      "item_2": 1.1346629895632443,
      "item_3": 0.5347243087362341,
      "item_4": 2.424281528551652,
      "item_5": 2.3793115216070895
    },
    "claude_4_sonnet_2": {
      "item_0": 2.434693789648807,
      "item_1": 4.7391263142488365,
      "item_2": 0.7040326578515601,
      "item_3": 1.6153492090974833,
      "item_4": 3.9730348609774175,
      "item_5": 1.9127791241386956
    }
  },
  "preference_cosine_similarities": {
    "agent_0_vs_agent_1": 0.9500000000000001
  },
  "negotiation_outcome": {
    "consensus_reached": true,
    "final_round": 7,
    "final_allocation": {
      "llama_3_1_405b_1": [
        0,
        2,
        4
      ],
      "claude_4_sonnet_2": [
        1,
        3,
        5
      ]
    },
    "final_utilities": {
      "llama_3_1_405b_1": 7.580581612599375,
      "claude_4_sonnet_2": 9.518586753284174
    },
    "utility_realized": null
  },
  "complete_conversation_log": [
    {
      "phase": "discussion",
      "round": 1,
      "from": "llama_3_1_405b_1",
      "content": "I am most interested in Item_2 and Item_4. I would be open to trading Item_0 or Item_1 in exchange for either of those items. However, Item_3 and Item_5 are also of some value to me.",
      "timestamp": 1755506725.798521,
      "speaker_order": 1,
      "total_speakers": 2
    },
    {
      "phase": "discussion",
      "round": 1,
      "from": "claude_4_sonnet_2",
      "content": "I'm particularly interested in Items 2, 4, and 5 - they seem to align well with my priorities for this negotiation. I'd be willing to consider trading some of the lower-numbered items if you have strong preferences for any of those. What items are you most focused on securing?",
      "timestamp": 1755506729.289023,
      "speaker_order": 2,
      "total_speakers": 2
    },
    {
      "phase": "reflection",
      "round": 1,
      "from": "llama_3_1_405b_1",
      "content": "So far, both sides have presented their perspectives, but we haven't found common ground yet. I should focus more on finding areas of agreement and shared interests to build a collaborative solution.",
      "timestamp": 1755506756.389983
    },
    {
      "phase": "reflection",
      "round": 1,
      "from": "claude_4_sonnet_2",
      "content": "I need more context about what negotiation is taking place, what positions were taken in Round 1, and what the specific issues or stakes are. Without knowing the subject matter, participants, or outcomes of the first round, I cannot provide meaningful strategic reflection on what's working or what should be adjusted.\n\nCould you provide details about the negotiation scenario, the parties involved, and what happened in Round 1?",
      "timestamp": 1755506760.109826
    },
    {
      "phase": "discussion",
      "round": 2,
      "from": "llama_3_1_405b_1",
      "content": "I have a strong interest in Item_2 and Item_5, as I believe they hold significant value. I'd be willing to negotiate a deal that involves trading Item_1 or Item_3 in exchange for one of these items. A potential bundle deal involving Item_2 and Item_4 could also be a viable option for me.",
      "timestamp": 1755506762.2553868,
      "speaker_order": 1,
      "total_speakers": 2
    },
    {
      "phase": "discussion",
      "round": 2,
      "from": "claude_4_sonnet_2",
      "content": "I'm particularly interested in Items 2, 4, and 5 - they align well with my strategic priorities. I'd be open to a deal where I focus on those three while you take Items 0, 1, and 3, though I'm flexible on the specifics depending on what matters most to you. What items are you most drawn to?",
      "timestamp": 1755506765.8265119,
      "speaker_order": 2,
      "total_speakers": 2
    },
    {
      "phase": "reflection",
      "round": 2,
      "from": "llama_3_1_405b_1",
      "content": "Upon reflection, I notice that actively listening to and acknowledging the counterparty's concerns has been effective in building trust and keeping the conversation engaged. To move closer to a consensus, I should try differently by making more targeted concessions and creative offers that address specific needs and interests, rather than solely relying on persuasion or arguments.",
      "timestamp": 1755506792.584971
    },
    {
      "phase": "reflection",
      "round": 2,
      "from": "claude_4_sonnet_2",
      "content": "I need to see what specific proposals were made and how others responded to assess what's working. Without knowing the actual positions and counteroffers from Round 2, I should focus on building coalitions and finding creative solutions that address multiple parties' core interests rather than just positional bargaining.",
      "timestamp": 1755506796.352549
    },
    {
      "phase": "discussion",
      "round": 3,
      "from": "llama_3_1_405b_1",
      "content": "I'm particularly interested in Item_2 and Item_5, as I believe they hold significant value. I'd be willing to consider a trade involving Item_1 or Item_3 in exchange for one of these items. A bundle deal involving Item_2 and Item_4 could also be a possibility, but I'd need to discuss the specifics further.",
      "timestamp": 1755506798.580566,
      "speaker_order": 1,
      "total_speakers": 2
    },
    {
      "phase": "discussion",
      "round": 3,
      "from": "claude_4_sonnet_2",
      "content": "I'm particularly interested in Items 2, 4, and 5 - they align well with my current priorities and would provide significant value to me. I'd be willing to consider a split where I focus on these three while you take Items 0, 1, and 3, though I'm open to discussing alternative arrangements if you have strong preferences for any of the items I mentioned.",
      "timestamp": 1755506802.5043252,
      "speaker_order": 2,
      "total_speakers": 2
    },
    {
      "phase": "reflection",
      "round": 3,
      "from": "llama_3_1_405b_1",
      "content": "Upon reflection, I notice that actively listening to and acknowledging the counterparty's concerns has helped build trust and facilitated open communication, but we have yet to find mutually beneficial common ground. To move forward, I should try to explore creative solutions that address both parties' needs and interests more explicitly, rather than just focusing on position-based bargaining.",
      "timestamp": 1755506830.931828
    },
    {
      "phase": "reflection",
      "round": 3,
      "from": "claude_4_sonnet_2",
      "content": "My direct approach and clear reasoning about mutual benefits seem to be making progress, but I need to be more flexible on the specific split while maintaining focus on the core principle that equal division maximizes joint utility. I should explore slight variations around 50-50 that might address any unstated concerns while emphasizing our shared interest in reaching an agreement.",
      "timestamp": 1755506834.8973382
    },
    {
      "phase": "discussion",
      "round": 4,
      "from": "llama_3_1_405b_1",