{
  "run_index": 6,
  "experiment_config": {
    "num_agents": 2,
    "num_items": 6,
    "max_rounds": 10,
    "competition_level": 0.95,
    "discount_factor": 0.9
  },
  "agents": [
    "claude_4_sonnet_1",
    "qwen_3_235b_a22b_2507_2"
  ],
  "agent_models": {
    "claude_4_sonnet_1": "anthropic/claude-sonnet-4",
    "qwen_3_235b_a22b_2507_2": "qwen/qwen3-235b-a22b-2507"
  },
  "initial_preferences_matrix": [
    [
      7.8496778567707945,
      6.068700998900387,
      9.353945794726632,
      8.7718397410957,
      0.16886418561940286,
      2.121774712033002
    ],
    [
      8.333487654605518,
      7.537147398818013,
      7.269977890843743,
      7.515566461247528,
      4.0763001452981165,
      3.900044056517198
    ]
  ],
  "initial_preferences_by_agent": {
    "claude_4_sonnet_1": {
      "item_0": 7.8496778567707945,
      "item_1": 6.068700998900387,
      "item_2": 9.353945794726632,
      "item_3": 8.7718397410957,
      "item_4": 0.16886418561940286,
      "item_5": 2.121774712033002
    },
    "qwen_3_235b_a22b_2507_2": {
      "item_0": 8.333487654605518,
      "item_1": 7.537147398818013,
      "item_2": 7.269977890843743,
      "item_3": 7.515566461247528,
      "item_4": 4.0763001452981165,
      "item_5": 3.900044056517198
    }
  },
  "preference_cosine_similarities": {
    "agent_0_vs_agent_1": 0.9500000000000001
  },
  "negotiation_outcome": {
    "consensus_reached": true,
    "final_round": 2,
    "final_allocation": {
      "claude_4_sonnet_1": [
        0,
        1,
        2
      ],
      "qwen_3_235b_a22b_2507_2": [
        3,
        4,
        5
      ]
    },
    "final_utilities": {
      "claude_4_sonnet_1": 15.417123712961798,
      "qwen_3_235b_a22b_2507_2": 11.886119258983221
    },
    "utility_realized": null
  },
  "complete_conversation_log": [
    {
      "phase": "discussion",
      "round": 1,
      "from": "claude_4_sonnet_1",
      "content": "I'm particularly interested in Items 2, 4, and 5, as they align well with my strategic objectives. I'd be open to trading away Items 0 and 1 if we can find mutually beneficial arrangements, and Item 3 could be negotiable depending on what you're offering in return. What items are you most drawn to, and do you see any potential for complementary interests where we both get high-value items?",
      "timestamp": 1755503530.573697,
      "speaker_order": 1,
      "total_speakers": 2
    },
    {
      "phase": "discussion",
      "round": 1,
      "from": "qwen_3_235b_a22b_2507_2",
      "content": "I'm particularly interested in Item_0 and Item_3\u2014they're my top priorities. I'm open to deals where I get one of these in exchange for up to two lower-ranked items, depending on the package.",
      "timestamp": 1755503531.4784708,
      "speaker_order": 2,
      "total_speakers": 2
    },
    {
      "phase": "reflection",
      "round": 1,
      "from": "claude_4_sonnet_1",
      "content": "I notice I don't have context about what negotiation just occurred or what positions were taken in Round 1. Without knowing the specific issues, parties involved, or what was discussed, I can't meaningfully assess what strategies worked or what to try differently.\n\nCould you provide some background on the negotiation - what's being negotiated, who the parties are, and what happened in Round 1?",
      "timestamp": 1755503555.020871
    },
    {
      "phase": "reflection",
      "round": 1,
      "from": "qwen_3_235b_a22b_2507_2",
      "content": "The collaborative framing and active listening are building trust, but progress is slow due to misaligned priorities. I should introduce a prioritization matrix to clarify trade-offs and uncover hidden synergies.",
      "timestamp": 1755503556.479661
    },
    {
      "phase": "discussion",
      "round": 2,
      "from": "claude_4_sonnet_1",
      "content": "I'm particularly interested in Items 1, 3, and 5 as they align well with my core objectives. I'd be open to trading away Items 0, 2, and 4 if we can find a mutually beneficial arrangement. Perhaps we could explore a split where I focus on the odd-numbered items while you take the even-numbered ones?",
      "timestamp": 1755503559.966763,
      "speaker_order": 1,
      "total_speakers": 2
    },
    {
      "phase": "discussion",
      "round": 2,
      "from": "qwen_3_235b_a22b_2507_2",
      "content": "I'm particularly interested in Item_0 and Item_2\u2014they're high priority for me. That said, I could be flexible on Item_1 or Item_3 if we can find a balanced exchange that gives both of us something valuable. Maybe we can pair items in a way that maximizes our mutual gains?",
      "timestamp": 1755503561.072885,
      "speaker_order": 2,
      "total_speakers": 2
    }
  ],
  "all_proposals": [],
  "all_votes": [],
  "round_summaries": [],
  "timestamp": "2025-08-18T00:53:05.742746",
  "duration_seconds": 60.03045415878296,
  "metrics": {
    "mean_utility": 13.651621485972509,
    "max_utility": 15.417123712961798,
    "min_utility": 11.886119258983221,
    "utility_spread": 3.5310044539785768
  }
}