{
  "run_index": 5,
  "experiment_config": {
    "num_agents": 2,
    "num_items": 6,
    "max_rounds": 10,
    "competition_level": 0.95,
    "discount_factor": 0.9
  },
  "agents": [
    "claude_4_sonnet_1",
    "qwen_3_235b_a22b_2507_2"
  ],
  "agent_models": {
    "claude_4_sonnet_1": "anthropic/claude-sonnet-4",
    "qwen_3_235b_a22b_2507_2": "qwen/qwen3-235b-a22b-2507"
  },
  "initial_preferences_matrix": [
    [
      0.4056811707281316,
      4.86874685614623,
      1.7023411824765522,
      8.423367285176067,
      1.1695629716643763,
      9.612230259827703
    ],
    [
      0.4931225326266299,
      5.513028139707856,
      4.562717984738846,
      6.228788861449164,
      3.554468408610156,
      9.412550256902117
    ]
  ],
  "initial_preferences_by_agent": {
    "claude_4_sonnet_1": {
      "item_0": 0.4056811707281316,
      "item_1": 4.86874685614623,
      "item_2": 1.7023411824765522,
      "item_3": 8.423367285176067,
      "item_4": 1.1695629716643763,
      "item_5": 9.612230259827703
    },
    "qwen_3_235b_a22b_2507_2": {
      "item_0": 0.4931225326266299,
      "item_1": 5.513028139707856,
      "item_2": 4.562717984738846,
      "item_3": 6.228788861449164,
      "item_4": 3.554468408610156,
      "item_5": 9.412550256902117
    }
  },
  "preference_cosine_similarities": {
    "agent_0_vs_agent_1": 0.9500000000000002
  },
  "negotiation_outcome": {
    "consensus_reached": true,
    "final_round": 3,
    "final_allocation": {
      "claude_4_sonnet_1": [
        0,
        1,
        2
      ],
      "qwen_3_235b_a22b_2507_2": [
        3,
        4,
        5
      ]
    },
    "final_utilities": {
      "claude_4_sonnet_1": 11.98076619462953,
      "qwen_3_235b_a22b_2507_2": 14.263148895294446
    },
    "utility_realized": null
  },
  "complete_conversation_log": [
    {
      "phase": "discussion",
      "round": 1,
      "from": "claude_4_sonnet_1",
      "content": "I'm particularly interested in Items 1, 3, and 5, as they align well with my core objectives. I'd be open to trading away Items 0, 2, and 4 if you have strong preferences for those, as long as we can find a mutually beneficial arrangement. What items are you most drawn to, and do you see potential for us to each focus on different subsets?",
      "timestamp": 1755503401.20963,
      "speaker_order": 1,
      "total_speakers": 2
    },
    {
      "phase": "discussion",
      "round": 1,
      "from": "qwen_3_235b_a22b_2507_2",
      "content": "I'm particularly interested in Item_0 and Item_3\u2014they\u2019re high priority for me. That said, I\u2019m open to creative deals; maybe we can find a win-win where you get items you value more in exchange for securing my key priorities.",
      "timestamp": 1755503402.7121558,
      "speaker_order": 2,
      "total_speakers": 2
    },
    {
      "phase": "reflection",
      "round": 1,
      "from": "claude_4_sonnet_1",
      "content": "I need more context about what negotiation is taking place and what positions were taken in Round 1 to provide meaningful strategic reflection. Without knowing the specific issues, parties involved, or what approaches were attempted, I cannot assess what strategies are working or suggest different tactics.\n\nCould you provide details about the negotiation scenario, the parties' initial positions, and what occurred in Round 1?",
      "timestamp": 1755503448.0061498
    },
    {
      "phase": "reflection",
      "round": 1,
      "from": "qwen_3_235b_a22b_2507_2",
      "content": "So far, collaborative framing and active listening have helped build rapport, but rigid positions on key terms are stalling progress. I should explore interest-based concessions and propose creative trade-offs to unlock value and move beyond positional deadlock.",
      "timestamp": 1755503448.935858
    },
    {
      "phase": "discussion",
      "round": 2,
      "from": "claude_4_sonnet_1",
      "content": "I'm particularly interested in Items 1, 3, and 5 - they align well with my priorities and would create significant value for me. I'd be open to trading Items 0, 2, and 4 if you have strong preferences for any of those, as I see potential for a mutually beneficial arrangement where we each focus on our highest-value items.",
      "timestamp": 1755503453.401907,
      "speaker_order": 1,
      "total_speakers": 2
    },
    {
      "phase": "discussion",
      "round": 2,
      "from": "qwen_3_235b_a22b_2507_2",
      "content": "I'm particularly interested in Item_0 and Item_3\u2014they hold the highest value for me. A deal where I receive Item_0 in exchange for Item_2 or Item_5 could work well, especially if it aligns with your priorities.",
      "timestamp": 1755503454.388174,
      "speaker_order": 2,
      "total_speakers": 2
    },
    {
      "phase": "reflection",
      "round": 2,
      "from": "claude_4_sonnet_1",
      "content": "My strategy of proposing a balanced split while emphasizing fairness and mutual benefit seems reasonable, but I need more information about the other party's position and concerns to make progress. I should focus on understanding their priorities and finding creative solutions that address both our interests rather than just restating my position.",
      "timestamp": 1755503486.7310688
    },
    {
      "phase": "reflection",
      "round": 2,
      "from": "qwen_3_235b_a22b_2507_2",
      "content": "The collaborative framing and active listening have helped maintain constructive dialogue, but greater progress requires more targeted trade-offs and clarifying each party\u2019s underlying interests. I should shift toward integrative bargaining by proposing creative options that expand value before conceding on lower-priority items.",
      "timestamp": 1755503489.076603
    },
    {
      "phase": "discussion",
      "round": 3,
      "from": "claude_4_sonnet_1",
      "content": "I'm particularly interested in Items 2, 4, and 5 - they align well with my priorities and would create significant value for me. I'd be willing to consider a trade where I focus on those items while you take Items 0, 1, and 3, though I'm open to discussing different combinations if you have strong preferences for any of the items I mentioned.",
      "timestamp": 1755503493.1058471,
      "speaker_order": 1,
      "total_speakers": 2
    },
    {
      "phase": "discussion",
      "round": 3,
      "from": "qwen_3_235b_a22b_2507_2",
      "content": "I'm particularly interested in Item_0 and Item_3\u2014they're high priority for me. That said, I could see a deal where I take those in exchange for giving up Item_1 and Item_4, unless someone really values Item_3; just putting that out there.",
      "timestamp": 1755503495.539663,
      "speaker_order": 2,
      "total_speakers": 2
    }
  ],
  "all_proposals": [],
  "all_votes": [],
  "round_summaries": [],
  "timestamp": "2025-08-18T00:52:05.707547",
  "duration_seconds": 128.32290816307068,
  "metrics": {
    "mean_utility": 13.121957544961987,
    "max_utility": 14.263148895294446,
    "min_utility": 11.98076619462953,
    "utility_spread": 2.2823827006649164
  }
}