{
  "run_index": 7,
  "experiment_config": {
    "num_agents": 2,
    "num_items": 6,
    "max_rounds": 10,
    "competition_level": 0.95,
    "discount_factor": 0.9
  },
  "agents": [
    "llama_3_1_405b_1",
    "qwen_3_235b_a22b_2507_2"
  ],
  "agent_models": {
    "llama_3_1_405b_1": "meta-llama/llama-3.1-405b-instruct",
    "qwen_3_235b_a22b_2507_2": "qwen/qwen3-235b-a22b-2507"
  },
  "initial_preferences_matrix": [
    [
      9.396844134571781,
      2.9015200211590964,
      3.0856935952712226,
      3.3264338002769565,
      2.728231163241058,
      7.1004164012416044
    ],
    [
      7.512561451176855,
      5.072883040034013,
      2.547109115233487,
      3.7463378001942176,
      5.609103877164538,
      6.403728859561543
    ]
  ],
  "initial_preferences_by_agent": {
    "llama_3_1_405b_1": {
      "item_0": 9.396844134571781,
      "item_1": 2.9015200211590964,
      "item_2": 3.0856935952712226,
      "item_3": 3.3264338002769565,
      "item_4": 2.728231163241058,
      "item_5": 7.1004164012416044
    },
    "qwen_3_235b_a22b_2507_2": {
      "item_0": 7.512561451176855,
      "item_1": 5.072883040034013,
      "item_2": 2.547109115233487,
      "item_3": 3.7463378001942176,
      "item_4": 5.609103877164538,
      "item_5": 6.403728859561543
    }
  },
  "preference_cosine_similarities": {
    "agent_0_vs_agent_1": 0.95
  },
  "negotiation_outcome": {
    "consensus_reached": true,
    "final_round": 2,
    "final_allocation": {
      "llama_3_1_405b_1": [
        0,
        1,
        2
      ],
      "qwen_3_235b_a22b_2507_2": [
        3,
        4,
        5
      ]
    },
    "final_utilities": {
      "llama_3_1_405b_1": 16.037765401571143,
      "qwen_3_235b_a22b_2507_2": 17.069680922252967
    },
    "utility_realized": null
  },
  "complete_conversation_log": [
    {
      "phase": "discussion",
      "round": 1,
      "from": "llama_3_1_405b_1",
      "content": "I am most interested in Item_2 and Item_4. I would be open to trading Item_0 or Item_1 in exchange for either of those. What items are you most keen on acquiring?",
      "timestamp": 1755507040.634242,
      "speaker_order": 1,
      "total_speakers": 2
    },
    {
      "phase": "discussion",
      "round": 1,
      "from": "qwen_3_235b_a22b_2507_2",
      "content": "I'm particularly interested in Item_0 and Item_3\u2014they\u2019re high priority for me. That said, I\u2019m open to creative deals; maybe we can find a bundle that works if you\u2019re willing to include those in a package with less critical items.",
      "timestamp": 1755507041.6176178,
      "speaker_order": 2,
      "total_speakers": 2
    },
    {
      "phase": "reflection",
      "round": 1,
      "from": "llama_3_1_405b_1",
      "content": "Upon reflection, I realize that active listening and asking clarifying questions have been effective in understanding the counterpart's needs and concerns. However, I could improve by being more explicit about my own goals and limitations, and potentially using more creative and flexible proposals to bridge the gap between our positions.",
      "timestamp": 1755507060.2498
    },
    {
      "phase": "reflection",
      "round": 1,
      "from": "qwen_3_235b_a22b_2507_2",
      "content": "So far, collaborative framing and active listening have helped maintain constructive dialogue, but more assertive agenda-setting may be needed to advance stalled points. I should balance rapport-building with clearer prioritization of key interests to drive progress.",
      "timestamp": 1755507061.471385
    },
    {
      "phase": "discussion",
      "round": 2,
      "from": "llama_3_1_405b_1",
      "content": "I am particularly interested in Item_2 and Item_5. I would be open to a deal involving trading Item_0 and Item_3 in exchange for those two items. However, Item_4 also intrigues me, so I may consider offers that include it.",
      "timestamp": 1755507063.968926,
      "speaker_order": 1,
      "total_speakers": 2
    },
    {
      "phase": "discussion",
      "round": 2,
      "from": "qwen_3_235b_a22b_2507_2",
      "content": "I'm particularly interested in Item_0 and Item_3\u2014they\u2019re high priority for me. That said, I could be flexible on Item_1 or Item_5 if it means reaching a quick agreement. A deal that gives me Item_0 and Item_3 in exchange for Item_1 and Item_5 might work, but I'm open to alternatives.",
      "timestamp": 1755507065.550472,
      "speaker_order": 2,
      "total_speakers": 2
    }
  ],
  "all_proposals": [],
  "all_votes": [],
  "round_summaries": [],
  "timestamp": "2025-08-18T01:51:24.089769",
  "duration_seconds": 45.40828895568848,
  "metrics": {
    "mean_utility": 16.553723161912053,
    "max_utility": 17.069680922252967,
    "min_utility": 16.037765401571143,
    "utility_spread": 1.0319155206818245
  }
}