{
  "run_index": 3,
  "experiment_config": {
    "num_agents": 2,
    "num_items": 6,
    "max_rounds": 10,
    "competition_level": 0.95,
    "discount_factor": 0.9
  },
  "agents": [
    "llama_3_1_405b_1",
    "qwen_3_235b_a22b_2507_2"
  ],
  "agent_models": {
    "llama_3_1_405b_1": "meta-llama/llama-3.1-405b-instruct",
    "qwen_3_235b_a22b_2507_2": "qwen/qwen3-235b-a22b-2507"
  },
  "initial_preferences_matrix": [
    [
      5.750123166813715,
      7.70969164090099,
      3.603790309472709,
      1.5625972289783185,
      1.0972186913556048,
      6.560852002503457
    ],
    [
      4.970976114443034,
      6.355335228501893,
      6.022991874684861,
      3.844216567440643,
      2.0362534777748413,
      5.646175202623876
    ]
  ],
  "initial_preferences_by_agent": {
    "llama_3_1_405b_1": {
      "item_0": 5.750123166813715,
      "item_1": 7.70969164090099,
      "item_2": 3.603790309472709,
      "item_3": 1.5625972289783185,
      "item_4": 1.0972186913556048,
      "item_5": 6.560852002503457
    },
    "qwen_3_235b_a22b_2507_2": {
      "item_0": 4.970976114443034,
      "item_1": 6.355335228501893,
      "item_2": 6.022991874684861,
      "item_3": 3.844216567440643,
      "item_4": 2.0362534777748413,
      "item_5": 5.646175202623876
    }
  },
  "preference_cosine_similarities": {
    "agent_0_vs_agent_1": 0.95
  },
  "negotiation_outcome": {
    "consensus_reached": true,
    "final_round": 3,
    "final_allocation": {
      "llama_3_1_405b_1": [
        0,
        1,
        2
      ],
      "qwen_3_235b_a22b_2507_2": [
        3,
        4,
        5
      ]
    },
    "final_utilities": {
      "llama_3_1_405b_1": 12.76038297720231,
      "qwen_3_235b_a22b_2507_2": 14.359798140290229
    },
    "utility_realized": null
  },
  "complete_conversation_log": [
    {
      "phase": "discussion",
      "round": 1,
      "from": "llama_3_1_405b_1",
      "content": "I have a strong interest in acquiring Item_2 and Item_5, as I believe they hold significant value. I'd be open to negotiating a package deal involving these two items, perhaps offering concessions on Item_0 or Item_1 in exchange. A potential trade could be Item_0 and Item_1 for Item_2 and Item_5.",
      "timestamp": 1755506886.076114,
      "speaker_order": 1,
      "total_speakers": 2
    },
    {
      "phase": "discussion",
      "round": 1,
      "from": "qwen_3_235b_a22b_2507_2",
      "content": "I'm particularly interested in Item_0 and Item_3\u2014they\u2019re high priority for me. That said, I\u2019m open to creative deals; maybe we can find a bundle that works for both of us, especially if you\u2019re willing to trade off on items I value less, like Item_2 or Item_5.",
      "timestamp": 1755506888.14797,
      "speaker_order": 2,
      "total_speakers": 2
    },
    {
      "phase": "reflection",
      "round": 1,
      "from": "llama_3_1_405b_1",
      "content": "In Round 1, active listening and asking clarifying questions seemed to work well in understanding the other party's interests and concerns, but a clear consensus was not reached. To move forward, I should try to employ more creative and flexible proposals that better meet the needs of both parties, while also being more explicit about my own goals and limits.",
      "timestamp": 1755506905.6982841
    },
    {
      "phase": "reflection",
      "round": 1,
      "from": "qwen_3_235b_a22b_2507_2",
      "content": "The collaborative framing and active listening are building trust, but progress is slow due to misaligned priorities. I should shift toward interest-based bargaining, probing deeper into underlying needs to uncover integrative solutions.",
      "timestamp": 1755506908.180085
    },
    {
      "phase": "discussion",
      "round": 2,
      "from": "llama_3_1_405b_1",
      "content": "I'm particularly interested in Item_2 and Item_5, as I believe they hold significant value. I'd be open to a deal involving Item_1 or Item_3 in exchange for one of these preferred items. A potential trade could be Item_1 and Item_3 for Item_2, or Item_1 for Item_5.",
      "timestamp": 1755506910.569896,
      "speaker_order": 1,
      "total_speakers": 2
    },
    {
      "phase": "discussion",
      "round": 2,
      "from": "qwen_3_235b_a22b_2507_2",
      "content": "I'm particularly interested in Item_0 and Item_3\u2014they're high priority for me. That said, I could be flexible on Item_1 if you're open to giving up Item_0. Let\u2019s explore trades where I get one of my top two in exchange for something of moderate value to me.",
      "timestamp": 1755506913.756727,
      "speaker_order": 2,
      "total_speakers": 2
    },
    {
      "phase": "reflection",
      "round": 2,
      "from": "llama_3_1_405b_1",
      "content": "Upon reflection, I notice that actively listening to and acknowledging the counterpart's concerns has helped build trust and facilitated open discussion, but we still haven't converged on a mutually acceptable solution. To move forward, I should try to more explicitly seek creative options that address both parties' key interests and be more assertive in exploring compromises that could break the impasse.",
      "timestamp": 1755506930.8407931
    },
    {
      "phase": "reflection",
      "round": 2,
      "from": "qwen_3_235b_a22b_2507_2",
      "content": "So far, active listening and clarifying each party\u2019s underlying interests have helped build mutual understanding, but rigid positions on key trade-offs are stalling progress. To advance, I should introduce a conditional trade-off proposal that links high-priority items for each side, creating value through integrative bargaining.",
      "timestamp": 1755506932.084499
    },
    {
      "phase": "discussion",
      "round": 3,
      "from": "llama_3_1_405b_1",
      "content": "I'm particularly interested in Item_2 and Item_5, as I believe they hold significant value. I'd be open to a deal involving Item_2 and Item_3, but I'd need something substantial in return for Item_5. Perhaps a combination of Item_0 and Item_1 could be a good starting point for negotiations.",
      "timestamp": 1755506936.271672,
      "speaker_order": 1,
      "total_speakers": 2
    },
    {
      "phase": "discussion",
      "round": 3,
      "from": "qwen_3_235b_a22b_2507_2",
      "content": "I'm particularly interested in Item_0 and Item_3\u2014they align best with my current priorities. A deal involving Item_0 and Item_2 for Item_5 could work, but I\u2019m open to creative proposals that include Item_3.",
      "timestamp": 1755506937.007118,
      "speaker_order": 2,
      "total_speakers": 2
    }
  ],
  "all_proposals": [],
  "all_votes": [],
  "round_summaries": [],
  "timestamp": "2025-08-18T01:49:20.845939",
  "duration_seconds": 80.41797399520874,
  "metrics": {
    "mean_utility": 13.56009055874627,
    "max_utility": 14.359798140290229,
    "min_utility": 12.76038297720231,
    "utility_spread": 1.5994151630879188
  }
}