{
  "run_index": 5,
  "experiment_config": {
    "num_agents": 2,
    "num_items": 6,
    "max_rounds": 10,
    "competition_level": 0.95,
    "discount_factor": 0.9
  },
  "agents": [
    "claude_4_sonnet_1",
    "gemini_pro_2"
  ],
  "agent_models": {
    "claude_4_sonnet_1": "anthropic/claude-sonnet-4",
    "gemini_pro_2": "google/gemini-2.5-pro"
  },
  "initial_preferences_matrix": [
    [
      3.0852823092175763,
      1.0831909120066652,
      4.865007621455875,
      9.950273785012074,
      7.269886310622763,
      9.745714214962746
    ],
    [
      3.567227842420483,
      2.2315681729257135,
      5.844721000452458,
      9.887276585246152,
      10.0,
      5.52076889393818
    ]
  ],
  "initial_preferences_by_agent": {
    "claude_4_sonnet_1": {
      "item_0": 3.0852823092175763,
      "item_1": 1.0831909120066652,
      "item_2": 4.865007621455875,
      "item_3": 9.950273785012074,
      "item_4": 7.269886310622763,
      "item_5": 9.745714214962746
    },
    "gemini_pro_2": {
      "item_0": 3.567227842420483,
      "item_1": 2.2315681729257135,
      "item_2": 5.844721000452458,
      "item_3": 9.887276585246152,
      "item_4": 10.0,
      "item_5": 5.52076889393818
    }
  },
  "preference_cosine_similarities": {
    "agent_0_vs_agent_1": 0.9504410547027771
  },
  "negotiation_outcome": {
    "consensus_reached": true,
    "final_round": 1,
    "final_allocation": {
      "gemini_pro_2": [
        0,
        2,
        4
      ],
      "claude_4_sonnet_1": [
        1,
        3,
        5
      ]
    },
    "final_utilities": {
      "gemini_pro_2": 16.52961813254129,
      "claude_4_sonnet_1": 5.874783489737563
    },
    "utility_realized": null
  },
  "complete_conversation_log": [
    {
      "phase": "discussion",
      "round": 1,
      "from": "claude_4_sonnet_1",
      "content": "I'm particularly interested in Items 2, 4, and 5, as they align well with my current priorities and would provide significant value to me. I'm open to discussing various arrangements - perhaps we could explore a split where I focus on those items while you take the lead on Items 0, 1, and 3? I'm curious to hear what items are most important to you so we can find a mutually beneficial arrangement.",
      "timestamp": 1755503048.058378,
      "speaker_order": 1,
      "total_speakers": 2
    },
    {
      "phase": "discussion",
      "round": 1,
      "from": "gemini_pro_2",
      "content": "Hello! All the items have some potential, but I'm initially drawn to Item_0 and Item_5. I'm open to finding a deal that works for both of us, so I'm curious to hear what you have your eye on.",
      "timestamp": 1755503061.8336341,
      "speaker_order": 2,
      "total_speakers": 2
    }
  ],
  "all_proposals": [],
  "all_votes": [],
  "round_summaries": [],
  "timestamp": "2025-08-18T00:44:57.378415",
  "duration_seconds": 53.35982584953308,
  "metrics": {
    "mean_utility": 11.202200811139427,
    "max_utility": 16.52961813254129,
    "min_utility": 5.874783489737563,
    "utility_spread": 10.654834642803728
  }
}