{
  "run_index": 8,
  "experiment_config": {
    "num_agents": 2,
    "num_items": 6,
    "max_rounds": 10,
    "competition_level": 0.95,
    "discount_factor": 0.9
  },
  "agents": [
    "claude_4_sonnet_1",
    "gemini_pro_2"
  ],
  "agent_models": {
    "claude_4_sonnet_1": "anthropic/claude-sonnet-4",
    "gemini_pro_2": "google/gemini-2.5-pro"
  },
  "initial_preferences_matrix": [
    [
      0.6093757262892996,
      0.7831508599177917,
      1.6381142624176315,
      1.1845605877340404,
      9.014136150601388,
      5.909523030819589
    ],
    [
      1.9639934355784305,
      2.903276408154773,
      3.5977564220960936,
      1.7975353348152356,
      7.778340728612959,
      5.681947377537913
    ]
  ],
  "initial_preferences_by_agent": {
    "claude_4_sonnet_1": {
      "item_0": 0.6093757262892996,
      "item_1": 0.7831508599177917,
      "item_2": 1.6381142624176315,
      "item_3": 1.1845605877340404,
      "item_4": 9.014136150601388,
      "item_5": 5.909523030819589
    },
    "gemini_pro_2": {
      "item_0": 1.9639934355784305,
      "item_1": 2.903276408154773,
      "item_2": 3.5977564220960936,
      "item_3": 1.7975353348152356,
      "item_4": 7.778340728612959,
      "item_5": 5.681947377537913
    }
  },
  "preference_cosine_similarities": {
    "agent_0_vs_agent_1": 0.9499999999999997
  },
  "negotiation_outcome": {
    "consensus_reached": true,
    "final_round": 3,
    "final_allocation": {
      "gemini_pro_2": [
        0,
        2,
        3
      ],
      "claude_4_sonnet_1": [
        1,
        4,
        5
      ]
    },
    "final_utilities": {
      "gemini_pro_2": 15.803306309172344,
      "claude_4_sonnet_1": 13.381317286497383
    },
    "utility_realized": null
  },
  "complete_conversation_log": [
    {
      "phase": "discussion",
      "round": 1,
      "from": "claude_4_sonnet_1",
      "content": "I'm particularly interested in Items 1, 3, and 5, as they align well with my strategic objectives. I'd be open to trading away Items 0, 2, and 4 if we can find mutually beneficial arrangements. What items are you most drawn to, and do you see any potential for us to create value through complementary preferences?",
      "timestamp": 1755503212.4024808,
      "speaker_order": 1,
      "total_speakers": 2
    },
    {
      "phase": "discussion",
      "round": 1,
      "from": "gemini_pro_2",
      "content": "Hello! I'm interested in a few items, particularly Item_1, Item_3, and Item_5. I'm open to any arrangement that is fair, and I think a deal where we each get three items could be a good starting point for our discussion. What are your thoughts on that?",
      "timestamp": 1755503222.849049,
      "speaker_order": 2,
      "total_speakers": 2
    },
    {
      "phase": "reflection",
      "round": 1,
      "from": "claude_4_sonnet_1",
      "content": "I notice I don't have context about what negotiation just occurred or what positions were taken in Round 1. Without knowing the specific issues, participants, or outcomes from the first round, I cannot meaningfully assess which strategies worked or recommend different approaches.\n\nCould you provide details about the negotiation topic, the parties involved, and what happened in Round 1 so I can offer strategic reflection and recommendations?",
      "timestamp": 1755503262.786088
    },
    {
      "phase": "reflection",
      "round": 1,
      "from": "gemini_pro_2",
      "content": "Establishing our initial position has effectively identified the primary areas of contention. To break the impasse, I will now shift from defending our position to exploring the underlying interests behind theirs, seeking a mutually beneficial path forward.",
      "timestamp": 1755503276.7545831
    },
    {
      "phase": "discussion",
      "round": 2,
      "from": "claude_4_sonnet_1",
      "content": "I'm particularly interested in Items 2, 4, and 5, as they align well with my current needs and priorities. I'd be open to trading away Items 0 and 1, which have less value to me, in exchange for securing at least two of my preferred items. Perhaps we could explore a deal where I get Items 2 and 4, while you take Items 0, 1, and 5, with Item 3 being negotiable based on what matters most to you?",
      "timestamp": 1755503281.104306,
      "speaker_order": 1,
      "total_speakers": 2
    },
    {
      "phase": "discussion",
      "round": 2,
      "from": "gemini_pro_2",
      "content": "To be honest, I'm still evaluating all the items, but I see some potential value in Item_0 and Item_3. I'm open to many different arrangements, so I'm most curious to hear what you are prioritizing.",
      "timestamp": 1755503295.266449,
      "speaker_order": 2,
      "total_speakers": 2
    },
    {
      "phase": "reflection",
      "round": 2,
      "from": "claude_4_sonnet_1",
      "content": "My direct appeals to fairness and equal distribution haven't gained traction, suggesting the other parties may be prioritizing their individual gains over collective equity. I should pivot to exploring potential trade-offs and coalition-building opportunities while being more strategic about when and how I advocate for my interests.",
      "timestamp": 1755503350.4929469
    },
    {
      "phase": "reflection",
      "round": 2,
      "from": "gemini_pro_2",
      "content": "My strategy of clearly defining our position has successfully revealed their priorities, but to break the impasse, I will now pivot to exploring their underlying interests to craft a more creative, integrative proposal.",
      "timestamp": 1755503363.976626
    },
    {
      "phase": "discussion",
      "round": 3,
      "from": "claude_4_sonnet_1",
      "content": "I'm particularly interested in Items 1, 3, and 5, as they align well with my strategic objectives. I'd be open to a deal where I take those three items while you get Items 0, 2, and 4 - this seems like it could create mutual value if our preferences complement each other. What items are you most drawn to, and do you see potential for a trade that benefits us both?",
      "timestamp": 1755503367.583118,
      "speaker_order": 1,
      "total_speakers": 2
    },
    {
      "phase": "discussion",
      "round": 3,
      "from": "gemini_pro_2",
      "content": "My main interests are clustering around Item_0 and Item_1 right now. How about this for a proposal: you take Item_2 and Item_5, and I'll take the remaining four items. This seems like a balanced way to start, what are your thoughts?",
      "timestamp": 1755503387.708595,
      "speaker_order": 2,
      "total_speakers": 2
    }
  ],
  "all_proposals": [],
  "all_votes": [],
  "round_summaries": [],
  "timestamp": "2025-08-18T00:50:34.914891",
  "duration_seconds": 226.23551392555237,
  "metrics": {
    "mean_utility": 14.592311797834864,
    "max_utility": 15.803306309172344,
    "min_utility": 13.381317286497383,
    "utility_spread": 2.4219890226749605
  }
}