{
  "run_index": 9,
  "experiment_config": {
    "num_agents": 2,
    "num_items": 6,
    "max_rounds": 10,
    "competition_level": 0.95,
    "discount_factor": 0.9
  },
  "agents": [
    "claude_4_sonnet_1",
    "gemini_pro_2"
  ],
  "agent_models": {
    "claude_4_sonnet_1": "anthropic/claude-sonnet-4",
    "gemini_pro_2": "google/gemini-2.5-pro"
  },
  "initial_preferences_matrix": [
    [
      1.8669886441059447,
      7.478958681588881,
      6.674857567659821,
      5.41145883224217,
      6.6722305456509545,
      7.453103710130438
    ],
    [
      5.396952441883354,
      5.074296997232521,
      7.9875561253025795,
      6.483570960054728,
      5.585013989649579,
      6.43582030346019
    ]
  ],
  "initial_preferences_by_agent": {
    "claude_4_sonnet_1": {
      "item_0": 1.8669886441059447,
      "item_1": 7.478958681588881,
      "item_2": 6.674857567659821,
      "item_3": 5.41145883224217,
      "item_4": 6.6722305456509545,
      "item_5": 7.453103710130438
    },
    "gemini_pro_2": {
      "item_0": 5.396952441883354,
      "item_1": 5.074296997232521,
      "item_2": 7.9875561253025795,
      "item_3": 6.483570960054728,
      "item_4": 5.585013989649579,
      "item_5": 6.43582030346019
    }
  },
  "preference_cosine_similarities": {
    "agent_0_vs_agent_1": 0.9499999999999998
  },
  "negotiation_outcome": {
    "consensus_reached": true,
    "final_round": 1,
    "final_allocation": {
      "gemini_pro_2": [
        0,
        1,
        2
      ],
      "claude_4_sonnet_1": [
        3,
        4,
        5
      ]
    },
    "final_utilities": {
      "gemini_pro_2": 10.593798599308467,
      "claude_4_sonnet_1": 26.06203171128211
    },
    "utility_realized": null
  },
  "complete_conversation_log": [
    {
      "phase": "discussion",
      "round": 1,
      "from": "claude_4_sonnet_1",
      "content": "I'm particularly interested in Items 1, 3, and 5, as they align well with my strategic objectives. I'd be open to exploring a deal where I focus on these items while you prioritize the others, though I'm curious to hear which items you value most highly. Perhaps we can find a mutually beneficial arrangement that maximizes both our utilities.",
      "timestamp": 1755503438.7087228,
      "speaker_order": 1,
      "total_speakers": 2
    },
    {
      "phase": "discussion",
      "round": 1,
      "from": "gemini_pro_2",
      "content": "Hello, it's a pleasure to negotiate with you. Looking at the available items, I have a strong interest in Item_4 and Item_2. I believe a fair split of all the items could be a good foundation for a successful deal.",
      "timestamp": 1755503449.45198,
      "speaker_order": 2,
      "total_speakers": 2
    }
  ],
  "all_proposals": [],
  "all_votes": [],
  "round_summaries": [],
  "timestamp": "2025-08-18T00:51:37.574010",
  "duration_seconds": 62.657166957855225,
  "metrics": {
    "mean_utility": 18.327915155295287,
    "max_utility": 26.06203171128211,
    "min_utility": 10.593798599308467,
    "utility_spread": 15.468233111973642
  }
}