{
  "run_index": 0,
  "experiment_config": {
    "num_agents": 2,
    "num_items": 6,
    "max_rounds": 10,
    "competition_level": 0.95,
    "discount_factor": 0.9
  },
  "agents": [
    "claude_4_sonnet_1",
    "gemini_pro_2"
  ],
  "agent_models": {
    "claude_4_sonnet_1": "anthropic/claude-sonnet-4",
    "gemini_pro_2": "google/gemini-2.5-pro"
  },
  "initial_preferences_matrix": [
    [
      6.970699324084534,
      7.896517615870815,
      1.9407751979036358,
      3.430501714019192,
      0.20972119075084783,
      6.351824081973287
    ],
    [
      7.486483226304801,
      7.733992771883303,
      3.2938815145713343,
      3.0654201406423813,
      3.439062253741913,
      4.351386158494034
    ]
  ],
  "initial_preferences_by_agent": {
    "claude_4_sonnet_1": {
      "item_0": 6.970699324084534,
      "item_1": 7.896517615870815,
      "item_2": 1.9407751979036358,
      "item_3": 3.430501714019192,
      "item_4": 0.20972119075084783,
      "item_5": 6.351824081973287
    },
    "gemini_pro_2": {
      "item_0": 7.486483226304801,
      "item_1": 7.733992771883303,
      "item_2": 3.2938815145713343,
      "item_3": 3.0654201406423813,
      "item_4": 3.439062253741913,
      "item_5": 4.351386158494034
    }
  },
  "preference_cosine_similarities": {
    "agent_0_vs_agent_1": 0.9500000000000002
  },
  "negotiation_outcome": {
    "consensus_reached": true,
    "final_round": 1,
    "final_allocation": {
      "gemini_pro_2": [
        0,
        1,
        2
      ],
      "claude_4_sonnet_1": [
        3,
        4,
        5
      ]
    },
    "final_utilities": {
      "gemini_pro_2": 17.63052936876657,
      "claude_4_sonnet_1": 18.553113421270346
    },
    "utility_realized": null
  },
  "complete_conversation_log": [
    {
      "phase": "discussion",
      "round": 1,
      "from": "claude_4_sonnet_1",
      "content": "I'm particularly interested in Items 2, 4, and 5, as they align well with my core objectives. I'd be open to exploring a deal where I focus on these higher-priority items while potentially trading away Items 0, 1, and 3 if you find them valuable. What items are you most drawn to, and do you see any potential for a mutually beneficial arrangement?",
      "timestamp": 1755502410.622698,
      "speaker_order": 1,
      "total_speakers": 2
    },
    {
      "phase": "discussion",
      "round": 1,
      "from": "gemini_pro_2",
      "content": "Hello! I'm looking at the items and see a few that are interesting to me, primarily Item_1 and Item_3. I'm open to finding a fair trade that benefits us both, so I'm curious to hear what you have your eye on.",
      "timestamp": 1755502419.803714,
      "speaker_order": 2,
      "total_speakers": 2
    }
  ],
  "all_proposals": [],
  "all_votes": [],
  "round_summaries": [],
  "timestamp": "2025-08-18T00:34:11.835031",
  "duration_seconds": 45.018908977508545,
  "metrics": {
    "mean_utility": 18.091821395018457,
    "max_utility": 18.553113421270346,
    "min_utility": 17.63052936876657,
    "utility_spread": 0.9225840525037761
  }
}