{
  "run_index": 5,
  "experiment_config": {
    "num_agents": 2,
    "num_items": 6,
    "max_rounds": 10,
    "competition_level": 0.95,
    "discount_factor": 0.9
  },
  "agents": [
    "llama_3_1_405b_1",
    "llama_3_1_405b_2"
  ],
  "agent_models": {
    "llama_3_1_405b_1": "meta-llama/llama-3.1-405b-instruct",
    "llama_3_1_405b_2": "meta-llama/llama-3.1-405b-instruct"
  },
  "initial_preferences_matrix": [
    [
      4.679388312060551,
      1.6304590111306394,
      4.544673218064866,
      6.208878115993617,
      8.769585938421711,
      9.326227440793373
    ],
    [
      5.638342586580805,
      5.150972872031695,
      2.986915090496251,
      6.728080435193,
      5.89326687497197,
      10.0
    ]
  ],
  "initial_preferences_by_agent": {
    "llama_3_1_405b_1": {
      "item_0": 4.679388312060551,
      "item_1": 1.6304590111306394,
      "item_2": 4.544673218064866,
      "item_3": 6.208878115993617,
      "item_4": 8.769585938421711,
      "item_5": 9.326227440793373
    },
    "llama_3_1_405b_2": {
      "item_0": 5.638342586580805,
      "item_1": 5.150972872031695,
      "item_2": 2.986915090496251,
      "item_3": 6.728080435193,
      "item_4": 5.89326687497197,
      "item_5": 10.0
    }
  },
  "preference_cosine_similarities": {
    "agent_0_vs_agent_1": 0.9500151363097878
  },
  "negotiation_outcome": {
    "consensus_reached": true,
    "final_round": 3,
    "final_allocation": {
      "llama_3_1_405b_1": [
        0,
        3,
        5
      ],
      "llama_3_1_405b_2": [
        1,
        2,
        4
      ]
    },
    "final_utilities": {
      "llama_3_1_405b_1": 18.400721660463507,
      "llama_3_1_405b_2": 12.360517542283567
    },
    "utility_realized": null
  },
  "complete_conversation_log": [
    {
      "phase": "discussion",
      "round": 1,
      "from": "llama_3_1_405b_1",
      "content": "I have a strong interest in Item_2 and Item_5, as they hold significant value for me. I'm open to negotiating a deal that involves trading Item_0 or Item_1 in exchange for one of these items. A potential package deal involving Item_2 and another item could also be a viable option for me.",
      "timestamp": 1755506751.940694,
      "speaker_order": 1,
      "total_speakers": 2
    },
    {
      "phase": "discussion",
      "round": 1,
      "from": "llama_3_1_405b_2",
      "content": "I'm particularly interested in acquiring Item_2 and Item_5, as I believe they hold significant value. I'd be open to negotiating a trade involving Item_1 or Item_3 in exchange for one of these items. Perhaps a bundle deal involving Item_0 and Item_4 could also be a viable option for discussion.",
      "timestamp": 1755506754.704412,
      "speaker_order": 2,
      "total_speakers": 2
    },
    {
      "phase": "reflection",
      "round": 1,
      "from": "llama_3_1_405b_1",
      "content": "The strategies of active listening, asking clarifying questions, and proposing creative solutions seem to be working well. To further the negotiation, I should focus more on finding common ground and shared interests between the parties.",
      "timestamp": 1755506772.190645
    },
    {
      "phase": "reflection",
      "round": 1,
      "from": "llama_3_1_405b_2",
      "content": "Upon reflection, I notice that active listening and clarifying questions have been effective in understanding the other party's concerns and interests. However, I may need to adapt my approach to be more flexible and creative in generating solutions that meet both parties' needs, rather than simply advocating for a single position.",
      "timestamp": 1755506774.611287
    },
    {
      "phase": "discussion",
      "round": 2,
      "from": "llama_3_1_405b_1",
      "content": "I'm particularly interested in Item_2 and Item_5, as I believe they hold significant value. I'd be willing to make a deal involving Item_1 or Item_3 in exchange for one of my desired items. A bundle deal involving Item_2 and Item_5 could also be a possibility, but it would require a substantial offer.",
      "timestamp": 1755506777.283966,
      "speaker_order": 1,
      "total_speakers": 2
    },
    {
      "phase": "discussion",
      "round": 2,
      "from": "llama_3_1_405b_2",
      "content": "I have a strong interest in Item_2 and Item_5, as they hold significant value for me. I'd be open to a deal involving Item_2 and one of the lower-value items, such as Item_0 or Item_1. Perhaps a bundle deal where I receive Item_2 and Item_0 in exchange for concessions on Item_4 would be a good starting point for discussion.",
      "timestamp": 1755506780.550897,
      "speaker_order": 2,
      "total_speakers": 2
    },
    {
      "phase": "reflection",
      "round": 2,
      "from": "llama_3_1_405b_1",
      "content": "*Reflects on negotiation*\n\nThe human is highly analytical and skeptical of sweeping claims, so providing specific examples and data to back up arguments seems to be resonating. However, the human also values efficiency, so I should focus on communicating key points more concisely.",
      "timestamp": 1755506797.4401448
    },
    {
      "phase": "reflection",
      "round": 2,
      "from": "llama_3_1_405b_2",
      "content": "The strategies of active listening, asking clarifying questions, and finding common ground seem to be working well. To make further progress, I should focus more on creatively exploring potential compromises and trade-offs that could satisfy both parties' key interests.",
      "timestamp": 1755506799.684374
    },
    {
      "phase": "discussion",
      "round": 3,
      "from": "llama_3_1_405b_1",
      "content": "I am most interested in Item_2 and Item_4. I would be willing to make a deal involving trading Item_0 or Item_1 in exchange for either of those two items. However, Item_5 is also of some interest to me.",
      "timestamp": 1755506801.8639638,
      "speaker_order": 1,
      "total_speakers": 2
    },
    {
      "phase": "discussion",
      "round": 3,
      "from": "llama_3_1_405b_2",
      "content": "I'm particularly interested in Item_2 and Item_5, as I believe they hold significant value. I'd be open to negotiating a bundle deal for these two items, potentially offering concessions on Item_0 or Item_1 in exchange. A fair trade for either Item_2 or Item_5 alone would also be considered.",
      "timestamp": 1755506803.9730089,
      "speaker_order": 2,
      "total_speakers": 2
    }
  ],
  "all_proposals": [],
  "all_votes": [],
  "round_summaries": [],
  "timestamp": "2025-08-18T01:46:56.374262",
  "duration_seconds": 66.88948583602905,
  "metrics": {
    "mean_utility": 15.380619601373537,
    "max_utility": 18.400721660463507,
    "min_utility": 12.360517542283567,
    "utility_spread": 6.04020411817994
  }
}