{
  "run_index": 2,
  "experiment_config": {
    "num_agents": 2,
    "num_items": 6,
    "max_rounds": 10,
    "competition_level": 0.95,
    "discount_factor": 0.9
  },
  "agents": [
    "claude_4_sonnet_1",
    "claude_4_sonnet_2"
  ],
  "agent_models": {
    "claude_4_sonnet_1": "anthropic/claude-sonnet-4",
    "claude_4_sonnet_2": "anthropic/claude-sonnet-4"
  },
  "initial_preferences_matrix": [
    [
      6.359345567919501,
      5.691377265376452,
      3.1901698422194977,
      9.804784537323313,
      1.047252274868753,
      3.72669777198968
    ],
    [
      4.2270309247681945,
      6.374631431696878,
      4.454267009653918,
      8.342180560703369,
      3.5967892352385813,
      5.766798769963454
    ]
  ],
  "initial_preferences_by_agent": {
    "claude_4_sonnet_1": {
      "item_0": 6.359345567919501,
      "item_1": 5.691377265376452,
      "item_2": 3.1901698422194977,
      "item_3": 9.804784537323313,
      "item_4": 1.047252274868753,
      "item_5": 3.72669777198968
    },
    "claude_4_sonnet_2": {
      "item_0": 4.2270309247681945,
      "item_1": 6.374631431696878,
      "item_2": 4.454267009653918,
      "item_3": 8.342180560703369,
      "item_4": 3.5967892352385813,
      "item_5": 5.766798769963454
    }
  },
  "preference_cosine_similarities": {
    "agent_0_vs_agent_1": 0.95
  },
  "negotiation_outcome": {
    "consensus_reached": true,
    "final_round": 2,
    "final_allocation": {
      "claude_4_sonnet_1": [
        0,
        1,
        3
      ],
      "claude_4_sonnet_2": [
        2,
        4,
        5
      ]
    },
    "final_utilities": {
      "claude_4_sonnet_1": 8.445112849103104,
      "claude_4_sonnet_2": 12.368831332455743
    },
    "utility_realized": null
  },
  "complete_conversation_log": [
    {
      "phase": "discussion",
      "round": 1,
      "from": "claude_4_sonnet_1",
      "content": "I'm particularly interested in Items 1, 3, and 5 as they align well with my priorities, though I'm open to creative arrangements. I'd be willing to consider trading some of my lower-priority items (like Items 0, 2, and 4) if we can find a mutually beneficial split. What items are you most drawn to, and do you see any potential for us to each focus on different subsets?",
      "timestamp": 1755506797.146302,
      "speaker_order": 1,
      "total_speakers": 2
    },
    {
      "phase": "discussion",
      "round": 1,
      "from": "claude_4_sonnet_2",
      "content": "I'm particularly interested in Items 2, 4, and 5, as they align well with my priorities for this negotiation. I'd be willing to consider trading Items 0, 1, and 3 if we can find a mutually beneficial arrangement. What items are you most focused on securing?",
      "timestamp": 1755506800.102369,
      "speaker_order": 2,
      "total_speakers": 2
    },
    {
      "phase": "reflection",
      "round": 1,
      "from": "claude_4_sonnet_1",
      "content": "I need more information about what happened in Round 1 to provide a meaningful reflection. Without knowing the negotiation context, positions taken, or specific outcomes, I can't assess which strategies worked or suggest improvements. Could you share details about the negotiation topic, my position, the other party's stance, and what occurred in Round 1?",
      "timestamp": 1755506833.3501499
    },
    {
      "phase": "reflection",
      "round": 1,
      "from": "claude_4_sonnet_2",
      "content": "I need more context about what negotiation is taking place and what positions were taken in Round 1 to provide meaningful strategic reflection. Without knowing the subject matter, participants, or initial proposals, I can only offer that successful negotiations typically require understanding all parties' underlying interests and finding creative solutions that create mutual value rather than just competing over fixed resources.",
      "timestamp": 1755506837.543634
    },
    {
      "phase": "discussion",
      "round": 2,
      "from": "claude_4_sonnet_1",
      "content": "I'm particularly interested in Items 1, 3, and 5, as they align well with my current priorities and would provide significant value to me. I'd be open to a deal where I focus on these items while you take the lead on Items 0, 2, and 4 - this could create a mutually beneficial arrangement where we each get our preferred items. What are your thoughts on this division, and which items are most important to you?",
      "timestamp": 1755506842.481434,
      "speaker_order": 1,
      "total_speakers": 2
    },
    {
      "phase": "discussion",
      "round": 2,
      "from": "claude_4_sonnet_2",
      "content": "I'm particularly interested in Items 1, 3, and 5 - they align well with my core objectives. I'd be open to a deal where I take those three items while you get Items 0, 2, and 4, which seem like they might complement your needs better. What are your thoughts on this split, and which items are you most drawn to?",
      "timestamp": 1755506846.2777631,
      "speaker_order": 2,
      "total_speakers": 2
    }
  ],
  "all_proposals": [],
  "all_votes": [],
  "round_summaries": [],
  "timestamp": "2025-08-18T01:47:59.768431",
  "duration_seconds": 87.03436183929443,
  "metrics": {
    "mean_utility": 10.406972090779423,
    "max_utility": 12.368831332455743,
    "min_utility": 8.445112849103104,
    "utility_spread": 3.923718483352639
  }
}