{
  "run_index": 9,
  "experiment_config": {
    "num_agents": 2,
    "num_items": 6,
    "max_rounds": 10,
    "competition_level": 0.95,
    "discount_factor": 0.9
  },
  "agents": [
    "claude_4_sonnet_1",
    "claude_4_sonnet_2"
  ],
  "agent_models": {
    "claude_4_sonnet_1": "anthropic/claude-sonnet-4",
    "claude_4_sonnet_2": "anthropic/claude-sonnet-4"
  },
  "initial_preferences_matrix": [
    [
      8.946477515475632,
      2.3403256140567352,
      7.6913487727475305,
      8.743131668593914,
      7.388769947674784,
      8.790056502020963
    ],
    [
      4.739195108707953,
      1.461187343834359,
      7.526506177907257,
      10.0,
      5.041368728806796,
      10.0
    ]
  ],
  "initial_preferences_by_agent": {
    "claude_4_sonnet_1": {
      "item_0": 8.946477515475632,
      "item_1": 2.3403256140567352,
      "item_2": 7.6913487727475305,
      "item_3": 8.743131668593914,
      "item_4": 7.388769947674784,
      "item_5": 8.790056502020963
    },
    "claude_4_sonnet_2": {
      "item_0": 4.739195108707953,
      "item_1": 1.461187343834359,
      "item_2": 7.526506177907257,
      "item_3": 10.0,
      "item_4": 5.041368728806796,
      "item_5": 10.0
    }
  },
  "preference_cosine_similarities": {
    "agent_0_vs_agent_1": 0.9613571462869657
  },
  "negotiation_outcome": {
    "consensus_reached": true,
    "final_round": 2,
    "final_allocation": {
      "claude_4_sonnet_1": [
        0,
        1,
        2,
        3
      ],
      "claude_4_sonnet_2": [
        4,
        5
      ]
    },
    "final_utilities": {
      "claude_4_sonnet_1": 13.914979388451208,
      "claude_4_sonnet_2": 10.18474635389717
    },
    "utility_realized": null
  },
  "complete_conversation_log": [
    {
      "phase": "discussion",
      "round": 1,
      "from": "claude_4_sonnet_1",
      "content": "I'm quite interested in Items 2, 4, and 5 - they seem to align well with my priorities. I'd be open to trading away Items 0 and 1 if you have strong preferences for those, and Item 3 could be negotiable depending on what you're looking for. What items are you most drawn to, and do you see any potential trades that could work for both of us?",
      "timestamp": 1755507269.830936,
      "speaker_order": 1,
      "total_speakers": 2
    },
    {
      "phase": "discussion",
      "round": 1,
      "from": "claude_4_sonnet_2",
      "content": "I'm particularly interested in Items 2, 4, and 5, as they align well with my strategic objectives. I'd be open to trading Items 0 and 1, which have less value to me, in exchange for securing my priority items. Perhaps we could explore a deal where I take 2-3 of my preferred items while you get the remainder plus the items I'm willing to trade?",
      "timestamp": 1755507274.152391,
      "speaker_order": 2,
      "total_speakers": 2
    },
    {
      "phase": "reflection",
      "round": 1,
      "from": "claude_4_sonnet_1",
      "content": "I notice I don't have context about what negotiation just occurred or what positions were taken in Round 1. Without knowing the specific issues, parties involved, or outcomes from the first round, I cannot meaningfully assess what strategies worked or recommend changes.\n\nCould you provide details about the negotiation topic, the parties' positions, and what happened in Round 1 so I can offer strategic insights for moving forward?",
      "timestamp": 1755507306.91304
    },
    {
      "phase": "reflection",
      "round": 1,
      "from": "claude_4_sonnet_2",
      "content": "I notice I don't have context about what negotiation just occurred or what positions were taken in Round 1. Without knowing the specific issues, stakeholders, or proposals discussed, I can't meaningfully assess what strategies worked or suggest different approaches.\n\nCould you provide details about the negotiation topic, the parties involved, and what happened in Round 1? This would allow me to give you strategic advice for moving forward.",
      "timestamp": 1755507310.5593789
    },
    {
      "phase": "discussion",
      "round": 2,
      "from": "claude_4_sonnet_1",
      "content": "I'm particularly interested in Items 2, 4, and 5, as they align well with my strategic objectives. I'd be open to a deal where I take those three items while you get Items 0, 1, and 3 - this could create a balanced split that works for both of us. What items are you most drawn to, and do you see potential for a mutually beneficial arrangement?",
      "timestamp": 1755507314.175714,
      "speaker_order": 1,
      "total_speakers": 2
    },
    {
      "phase": "discussion",
      "round": 2,
      "from": "claude_4_sonnet_2",
      "content": "I'm particularly interested in Items 2, 4, and 5 - they align well with my current priorities and would provide significant value to me. I'd be willing to consider trading Items 0, 1, and 3 if you have strong preferences for those, as I see potential for a mutually beneficial arrangement. What items are you most drawn to, and do you see any overlap or complementary interests we could build on?",
      "timestamp": 1755507318.7728121,
      "speaker_order": 2,
      "total_speakers": 2
    }
  ],
  "all_proposals": [],
  "all_votes": [],
  "round_summaries": [],
  "timestamp": "2025-08-18T01:55:50.582900",
  "duration_seconds": 84.82924199104309,
  "metrics": {
    "mean_utility": 12.049862871174188,
    "max_utility": 13.914979388451208,
    "min_utility": 10.18474635389717,
    "utility_spread": 3.730233034554038
  }
}