{
  "run_index": 8,
  "experiment_config": {
    "num_agents": 2,
    "num_items": 6,
    "max_rounds": 10,
    "competition_level": 0.95,
    "discount_factor": 0.9
  },
  "agents": [
    "claude_4_sonnet_1",
    "claude_4_sonnet_2"
  ],
  "agent_models": {
    "claude_4_sonnet_1": "anthropic/claude-sonnet-4",
    "claude_4_sonnet_2": "anthropic/claude-sonnet-4"
  },
  "initial_preferences_matrix": [
    [
      8.689958184304432,
      6.01810925068266,
      3.342876659964192,
      4.257842808111806,
      9.34955622413447,
      8.093625440231442
    ],
    [
      9.78834274493636,
      5.939237096490733,
      3.6070476899346597,
      4.6295147442384526,
      10.0,
      3.041975337718908
    ]
  ],
  "initial_preferences_by_agent": {
    "claude_4_sonnet_1": {
      "item_0": 8.689958184304432,
      "item_1": 6.01810925068266,
      "item_2": 3.342876659964192,
      "item_3": 4.257842808111806,
      "item_4": 9.34955622413447,
      "item_5": 8.093625440231442
    },
    "claude_4_sonnet_2": {
      "item_0": 9.78834274493636,
      "item_1": 5.939237096490733,
      "item_2": 3.6070476899346597,
      "item_3": 4.6295147442384526,
      "item_4": 10.0,
      "item_5": 3.041975337718908
    }
  },
  "preference_cosine_similarities": {
    "agent_0_vs_agent_1": 0.9524302153843617
  },
  "negotiation_outcome": {
    "consensus_reached": true,
    "final_round": 2,
    "final_allocation": {
      "claude_4_sonnet_1": [
        0,
        1,
        2,
        3
      ],
      "claude_4_sonnet_2": [
        4,
        5
      ]
    },
    "final_utilities": {
      "claude_4_sonnet_1": 20.195193713900064,
      "claude_4_sonnet_2": 4.439331250827301
    },
    "utility_realized": null
  },
  "complete_conversation_log": [
    {
      "phase": "discussion",
      "round": 1,
      "from": "claude_4_sonnet_1",
      "content": "I'm particularly interested in Items 2, 4, and 5, as they align well with my strategic objectives. I'd be open to exploring a deal where I focus on these items while potentially trading away Items 0, 1, and 3 if you have strong preferences for those. What items are you most drawn to, and do you see any potential for mutually beneficial exchanges?",
      "timestamp": 1755507181.68049,
      "speaker_order": 1,
      "total_speakers": 2
    },
    {
      "phase": "discussion",
      "round": 1,
      "from": "claude_4_sonnet_2",
      "content": "I'm particularly interested in Items 2, 4, and 5, as they align well with my priorities for this negotiation. I'd be willing to consider trading Items 0, 1, and 3 if we can find a mutually beneficial arrangement. What items are you most focused on securing?",
      "timestamp": 1755507184.833067,
      "speaker_order": 2,
      "total_speakers": 2
    },
    {
      "phase": "reflection",
      "round": 1,
      "from": "claude_4_sonnet_1",
      "content": "I notice this appears to be mid-negotiation, but I don't have context about the specific negotiation topic, participants, positions, or what happened in Round 1. Without knowing what we're negotiating about, who the other parties are, or what strategies were attempted, I can't meaningfully reflect on what's working or what to change.\n\nCould you provide the negotiation context and details from Round 1 so I can offer strategic analysis?",
      "timestamp": 1755507222.15637
    },
    {
      "phase": "reflection",
      "round": 1,
      "from": "claude_4_sonnet_2",
      "content": "I need more context about what negotiation took place in Round 1 to provide meaningful reflection. Without knowing the specific positions, proposals, or dynamics that occurred, I cannot assess what strategies worked or suggest different approaches for future rounds.\n\nCould you provide details about what was discussed, proposed, or the positions taken by each party in Round 1?",
      "timestamp": 1755507225.4484239
    },
    {
      "phase": "discussion",
      "round": 2,
      "from": "claude_4_sonnet_1",
      "content": "I'm particularly interested in Items 2, 4, and 5, as they align well with my strategic objectives. I'd be willing to consider trading Items 0 and 1, which seem less critical to my goals, in exchange for securing at least two of my preferred items. What items are you most focused on obtaining?",
      "timestamp": 1755507228.984575,
      "speaker_order": 1,
      "total_speakers": 2
    },
    {
      "phase": "discussion",
      "round": 2,
      "from": "claude_4_sonnet_2",
      "content": "I'm particularly interested in Items 2, 4, and 5 - they align well with my priorities for this negotiation. I'd be willing to consider a trade where I focus on these items while potentially offering you favorable terms on Items 0, 1, and 3. What items are you most drawn to, and do you see potential for a mutually beneficial arrangement?",
      "timestamp": 1755507232.622283,
      "speaker_order": 2,
      "total_speakers": 2
    }
  ],
  "all_proposals": [],
  "all_votes": [],
  "round_summaries": [],
  "timestamp": "2025-08-18T01:54:25.750858",
  "duration_seconds": 87.82758092880249,
  "metrics": {
    "mean_utility": 12.317262482363683,
    "max_utility": 20.195193713900064,
    "min_utility": 4.439331250827301,
    "utility_spread": 15.755862463072763
  }
}