{
  "run_index": 7,
  "experiment_config": {
    "num_agents": 2,
    "num_items": 6,
    "max_rounds": 10,
    "competition_level": 0.95,
    "discount_factor": 0.9
  },
  "agents": [
    "qwen_3_235b_a22b_2507_1",
    "claude_4_sonnet_2"
  ],
  "agent_models": {
    "qwen_3_235b_a22b_2507_1": "qwen/qwen3-235b-a22b-2507",
    "claude_4_sonnet_2": "anthropic/claude-sonnet-4"
  },
  "initial_preferences_matrix": [
    [
      4.826677037389258,
      0.687198019080737,
      5.706275500560766,
      2.39758824693486,
      5.70805707451205,
      9.850553465998697
    ],
    [
      4.052411967116527,
      2.252895227392551,
      5.179207261920783,
      2.8001288366807686,
      8.898962199043002,
      7.506021831998467
    ]
  ],
  "initial_preferences_by_agent": {
    "qwen_3_235b_a22b_2507_1": {
      "item_0": 4.826677037389258,
      "item_1": 0.687198019080737,
      "item_2": 5.706275500560766,
      "item_3": 2.39758824693486,
      "item_4": 5.70805707451205,
      "item_5": 9.850553465998697
    },
    "claude_4_sonnet_2": {
      "item_0": 4.052411967116527,
      "item_1": 2.252895227392551,
      "item_2": 5.179207261920783,
      "item_3": 2.8001288366807686,
      "item_4": 8.898962199043002,
      "item_5": 7.506021831998467
    }
  },
  "preference_cosine_similarities": {
    "agent_0_vs_agent_1": 0.95
  },
  "negotiation_outcome": {
    "consensus_reached": true,
    "final_round": 1,
    "final_allocation": {
      "qwen_3_235b_a22b_2507_1": [
        0,
        1,
        2
      ],
      "claude_4_sonnet_2": [
        3,
        4,
        5
      ]
    },
    "final_utilities": {
      "qwen_3_235b_a22b_2507_1": 7.365547092196039,
      "claude_4_sonnet_2": 16.963881587483616
    },
    "utility_realized": null
  },
  "complete_conversation_log": [
    {
      "phase": "discussion",
      "round": 1,
      "from": "qwen_3_235b_a22b_2507_1",
      "content": "I\u2019m particularly interested in Item_0 and Item_3\u2014they\u2019re my top priorities. I could be open to trading one of them if I get Item_1 in return, depending on the structure of the deal.",
      "timestamp": 1755502886.3079622,
      "speaker_order": 1,
      "total_speakers": 2
    },
    {
      "phase": "discussion",
      "round": 1,
      "from": "claude_4_sonnet_2",
      "content": "I'm particularly interested in Items 2, 4, and 5, as they align well with my priorities. I'd be open to exploring a deal where I focus on those items while you take the lead on Items 0, 1, and 3 - though I'm flexible and curious to hear what matters most to you. What items are you most drawn to, and do you see any natural complementary interests between us?",
      "timestamp": 1755502890.9326458,
      "speaker_order": 2,
      "total_speakers": 2
    }
  ],
  "all_proposals": [],
  "all_votes": [],
  "round_summaries": [],
  "timestamp": "2025-08-18T00:41:57.234358",
  "duration_seconds": 33.50348997116089,
  "metrics": {
    "mean_utility": 12.164714339839827,
    "max_utility": 16.963881587483616,
    "min_utility": 7.365547092196039,
    "utility_spread": 9.598334495287578
  }
}