{
  "run_index": 0,
  "experiment_config": {
    "num_agents": 2,
    "num_items": 6,
    "max_rounds": 10,
    "competition_level": 0.95,
    "discount_factor": 0.9
  },
  "agents": [
    "qwen_3_235b_a22b_2507_1",
    "claude_4_sonnet_2"
  ],
  "agent_models": {
    "qwen_3_235b_a22b_2507_1": "qwen/qwen3-235b-a22b-2507",
    "claude_4_sonnet_2": "anthropic/claude-sonnet-4"
  },
  "initial_preferences_matrix": [
    [
      4.664806622933559,
      1.9510583334416332,
      5.7549648500449315,
      8.567571571153726,
      1.1746243196435124,
      3.503469639828377
    ],
    [
      4.058958137059212,
      4.193165089557856,
      4.4885283308271715,
      8.167701896130918,
      3.8729210158183425,
      3.135037742882237
    ]
  ],
  "initial_preferences_by_agent": {
    "qwen_3_235b_a22b_2507_1": {
      "item_0": 4.664806622933559,
      "item_1": 1.9510583334416332,
      "item_2": 5.7549648500449315,
      "item_3": 8.567571571153726,
      "item_4": 1.1746243196435124,
      "item_5": 3.503469639828377
    },
    "claude_4_sonnet_2": {
      "item_0": 4.058958137059212,
      "item_1": 4.193165089557856,
      "item_2": 4.4885283308271715,
      "item_3": 8.167701896130918,
      "item_4": 3.8729210158183425,
      "item_5": 3.135037742882237
    }
  },
  "preference_cosine_similarities": {
    "agent_0_vs_agent_1": 0.9500000000000001
  },
  "negotiation_outcome": {
    "consensus_reached": true,
    "final_round": 1,
    "final_allocation": {
      "qwen_3_235b_a22b_2507_1": [
        0,
        1,
        2
      ],
      "claude_4_sonnet_2": [
        3,
        4,
        5
      ]
    },
    "final_utilities": {
      "qwen_3_235b_a22b_2507_1": 17.577028460559788,
      "claude_4_sonnet_2": 19.337692375096893
    },
    "utility_realized": null
  },
  "complete_conversation_log": [
    {
      "phase": "discussion",
      "round": 1,
      "from": "qwen_3_235b_a22b_2507_1",
      "content": "I'm particularly interested in Item_0 and Item_3\u2014they're my top priorities. That said, I could be flexible on Item_1 or Item_5 if we can arrange a deal that gives me control over one of my preferred items.",
      "timestamp": 1755502202.240096,
      "speaker_order": 1,
      "total_speakers": 2
    },
    {
      "phase": "discussion",
      "round": 1,
      "from": "claude_4_sonnet_2",
      "content": "I'm particularly interested in Items 2, 4, and 5, as they align well with my strategic priorities. I'd be open to exploring a deal where I focus on these items while you take the lead on Items 0, 1, and 3 - though I'm flexible and curious to hear what items you value most highly. Perhaps we can find a mutually beneficial arrangement that plays to both our strengths.",
      "timestamp": 1755502206.302457,
      "speaker_order": 2,
      "total_speakers": 2
    }
  ],
  "all_proposals": [],
  "all_votes": [],
  "round_summaries": [],
  "timestamp": "2025-08-18T00:30:28.120010",
  "duration_seconds": 27.491727113723755,
  "metrics": {
    "mean_utility": 18.45736041782834,
    "max_utility": 19.337692375096893,
    "min_utility": 17.577028460559788,
    "utility_spread": 1.7606639145371048
  }
}