{
  "run_index": 6,
  "experiment_config": {
    "num_agents": 2,
    "num_items": 6,
    "max_rounds": 10,
    "competition_level": 0.95,
    "discount_factor": 0.9
  },
  "agents": [
    "qwen_3_235b_a22b_2507_1",
    "claude_4_sonnet_2"
  ],
  "agent_models": {
    "qwen_3_235b_a22b_2507_1": "qwen/qwen3-235b-a22b-2507",
    "claude_4_sonnet_2": "anthropic/claude-sonnet-4"
  },
  "initial_preferences_matrix": [
    [
      9.031804416113175,
      4.933626538388664,
      6.519094891899479,
      6.187701015972573,
      0.9387275757933489,
      0.5150955404578872
    ],
    [
      8.897882750512817,
      6.840367298994344,
      3.5692604028985717,
      6.018717323934359,
      2.9791651223612523,
      2.0109678462822265
    ]
  ],
  "initial_preferences_by_agent": {
    "qwen_3_235b_a22b_2507_1": {
      "item_0": 9.031804416113175,
      "item_1": 4.933626538388664,
      "item_2": 6.519094891899479,
      "item_3": 6.187701015972573,
      "item_4": 0.9387275757933489,
      "item_5": 0.5150955404578872
    },
    "claude_4_sonnet_2": {
      "item_0": 8.897882750512817,
      "item_1": 6.840367298994344,
      "item_2": 3.5692604028985717,
      "item_3": 6.018717323934359,
      "item_4": 2.9791651223612523,
      "item_5": 2.0109678462822265
    }
  },
  "preference_cosine_similarities": {
    "agent_0_vs_agent_1": 0.9499999999999998
  },
  "negotiation_outcome": {
    "consensus_reached": true,
    "final_round": 1,
    "final_allocation": {
      "qwen_3_235b_a22b_2507_1": [
        0,
        1,
        2
      ],
      "claude_4_sonnet_2": [
        3,
        4,
        5
      ]
    },
    "final_utilities": {
      "qwen_3_235b_a22b_2507_1": 13.791404198907964,
      "claude_4_sonnet_2": 11.9475043091013
    },
    "utility_realized": null
  },
  "complete_conversation_log": [
    {
      "phase": "discussion",
      "round": 1,
      "from": "qwen_3_235b_a22b_2507_1",
      "content": "I'm particularly interested in Item_0 and Item_3\u2014they\u2019re high priority for me. That said, I could see a deal where I take those in exchange for giving up Item_1 and Item_4, if that aligns with others' preferences. Open to creative bundles that reflect relative values.",
      "timestamp": 1755502857.922573,
      "speaker_order": 1,
      "total_speakers": 2
    },
    {
      "phase": "discussion",
      "round": 1,
      "from": "claude_4_sonnet_2",
      "content": "I'm particularly interested in Items 2, 4, and 5, as they align well with my strategic objectives. I'd be open to exploring a deal where I focus on these items while you prioritize the others, though I'm curious to hear which items are most valuable to you before we start structuring any specific proposals.",
      "timestamp": 1755502861.495084,
      "speaker_order": 2,
      "total_speakers": 2
    }
  ],
  "all_proposals": [],
  "all_votes": [],
  "round_summaries": [],
  "timestamp": "2025-08-18T00:41:23.729352",
  "duration_seconds": 28.447880029678345,
  "metrics": {
    "mean_utility": 12.869454254004632,
    "max_utility": 13.791404198907964,
    "min_utility": 11.9475043091013,
    "utility_spread": 1.8438998898066643
  }
}