{
  "run_index": 8,
  "experiment_config": {
    "num_agents": 2,
    "num_items": 6,
    "max_rounds": 10,
    "competition_level": 0.95,
    "discount_factor": 0.9
  },
  "agents": [
    "qwen_3_235b_a22b_2507_1",
    "claude_4_sonnet_2"
  ],
  "agent_models": {
    "qwen_3_235b_a22b_2507_1": "qwen/qwen3-235b-a22b-2507",
    "claude_4_sonnet_2": "anthropic/claude-sonnet-4"
  },
  "initial_preferences_matrix": [
    [
      7.985600019036493,
      9.619790144672365,
      5.169499476330782,
      4.610162268098997,
      9.847888722606285,
      9.434083411147606
    ],
    [
      8.091411517866241,
      9.624714646095688,
      2.7897373813796196,
      8.557067236259035,
      10.0,
      5.392764114105097
    ]
  ],
  "initial_preferences_by_agent": {
    "qwen_3_235b_a22b_2507_1": {
      "item_0": 7.985600019036493,
      "item_1": 9.619790144672365,
      "item_2": 5.169499476330782,
      "item_3": 4.610162268098997,
      "item_4": 9.847888722606285,
      "item_5": 9.434083411147606
    },
    "claude_4_sonnet_2": {
      "item_0": 8.091411517866241,
      "item_1": 9.624714646095688,
      "item_2": 2.7897373813796196,
      "item_3": 8.557067236259035,
      "item_4": 10.0,
      "item_5": 5.392764114105097
    }
  },
  "preference_cosine_similarities": {
    "agent_0_vs_agent_1": 0.9508185195166388
  },
  "negotiation_outcome": {
    "consensus_reached": true,
    "final_round": 1,
    "final_allocation": {
      "qwen_3_235b_a22b_2507_1": [
        0,
        1,
        2
      ],
      "claude_4_sonnet_2": [
        3,
        4,
        5
      ]
    },
    "final_utilities": {
      "qwen_3_235b_a22b_2507_1": 18.356350633147944,
      "claude_4_sonnet_2": 12.036265407600972
    },
    "utility_realized": null
  },
  "complete_conversation_log": [
    {
      "phase": "discussion",
      "round": 1,
      "from": "qwen_3_235b_a22b_2507_1",
      "content": "I'm particularly interested in Item_0 and Item_3\u2014they\u2019re high priority for me. That said, I\u2019m open to trades; maybe we can find a deal where I get one of my top picks in exchange for something you value more, like Item_1 or Item_4. Let\u2019s explore options that create mutual gains.",
      "timestamp": 1755502918.6996999,
      "speaker_order": 1,
      "total_speakers": 2
    },
    {
      "phase": "discussion",
      "round": 1,
      "from": "claude_4_sonnet_2",
      "content": "I'm particularly interested in Items 0, 2, and 4 - they seem to align well with my priorities. I'd be open to exploring a deal where I focus on those items while you take the lead on Items 1, 3, and 5, though I'm flexible depending on what matters most to you. What items are you most drawn to?",
      "timestamp": 1755502921.527651,
      "speaker_order": 2,
      "total_speakers": 2
    }
  ],
  "all_proposals": [],
  "all_votes": [],
  "round_summaries": [],
  "timestamp": "2025-08-18T00:42:22.561508",
  "duration_seconds": 25.325077056884766,
  "metrics": {
    "mean_utility": 15.196308020374458,
    "max_utility": 18.356350633147944,
    "min_utility": 12.036265407600972,
    "utility_spread": 6.320085225546972
  }
}