{
  "run_index": 5,
  "experiment_config": {
    "num_agents": 2,
    "num_items": 6,
    "max_rounds": 10,
    "competition_level": 0.95,
    "discount_factor": 0.9
  },
  "agents": [
    "gemini_pro_1",
    "llama_3_1_405b_2"
  ],
  "agent_models": {
    "gemini_pro_1": "google/gemini-2.5-pro",
    "llama_3_1_405b_2": "meta-llama/llama-3.1-405b-instruct"
  },
  "initial_preferences_matrix": [
    [
      6.127161689239168,
      9.238394643649093,
      6.151299834041271,
      5.379851928709805,
      6.268078526450383,
      5.674672621349116
    ],
    [
      4.32324218845574,
      9.489954908091267,
      3.6593969926033103,
      2.78832243024731,
      9.181368826424485,
      6.851929007604935
    ]
  ],
  "initial_preferences_by_agent": {
    "gemini_pro_1": {
      "item_0": 6.127161689239168,
      "item_1": 9.238394643649093,
      "item_2": 6.151299834041271,
      "item_3": 5.379851928709805,
      "item_4": 6.268078526450383,
      "item_5": 5.674672621349116
    },
    "llama_3_1_405b_2": {
      "item_0": 4.32324218845574,
      "item_1": 9.489954908091267,
      "item_2": 3.6593969926033103,
      "item_3": 2.78832243024731,
      "item_4": 9.181368826424485,
      "item_5": 6.851929007604935
    }
  },
  "preference_cosine_similarities": {
    "agent_0_vs_agent_1": 0.9500000000000001
  },
  "negotiation_outcome": {
    "consensus_reached": true,
    "final_round": 4,
    "final_allocation": {
      "gemini_pro_1": [
        0,
        1,
        2
      ],
      "llama_3_1_405b_2": [
        3,
        4,
        5
      ]
    },
    "final_utilities": {
      "gemini_pro_1": 13.557317371573525,
      "llama_3_1_405b_2": 12.261723907301988
    },
    "utility_realized": null
  },
  "complete_conversation_log": [
    {
      "phase": "discussion",
      "round": 1,
      "from": "gemini_pro_1",
      "content": "Hello! I'm confident we can find a mutually beneficial arrangement. I'm primarily interested in Item_4 and Item_5, but my priorities are flexible. I'm curious to hear what you are focused on so we can find a good starting point.",
      "timestamp": 1755508320.2633479,
      "speaker_order": 1,
      "total_speakers": 2
    },
    {
      "phase": "discussion",
      "round": 1,
      "from": "llama_3_1_405b_2",
      "content": "I am most interested in Item_2 and Item_5. I would be open to a deal involving trading away some of the other items in exchange for those two. However, I am also quite fond of Item_3 and would consider deals that include it.",
      "timestamp": 1755508322.4951801,
      "speaker_order": 2,
      "total_speakers": 2
    },
    {
      "phase": "reflection",
      "round": 1,
      "from": "gemini_pro_1",
      "content": "Establishing our initial positions was productive, but to break the impasse, I will now shift from defending my stance to exploring the underlying interests behind our requests to find creative, win-win solutions.",
      "timestamp": 1755508358.737515
    },
    {
      "phase": "reflection",
      "round": 1,
      "from": "llama_3_1_405b_2",
      "content": "Upon reflection, I realize that my initial approach of presenting facts and logical arguments has helped to establish a foundation for discussion, but has not yet led to a consensus, suggesting that I may need to incorporate more emotional and relational elements into my negotiation strategy. In the next round, I may try to build more rapport with the counterparty, using active listening and open-ended questions to better understand their concerns and interests.",
      "timestamp": 1755508361.884958
    },
    {
      "phase": "discussion",
      "round": 2,
      "from": "gemini_pro_1",
      "content": "I'm primarily interested in Item_0 and Item_4 at the moment. To help us find some common ground, what are the key items you're hoping to secure?",
      "timestamp": 1755508375.199199,
      "speaker_order": 1,
      "total_speakers": 2
    },
    {
      "phase": "discussion",
      "round": 2,
      "from": "llama_3_1_405b_2",
      "content": "I have a strong preference for Item_2 and Item_4. I would be willing to make a deal involving trading away some of the other items in exchange for those two. What items are you most interested in?",
      "timestamp": 1755508377.490187,
      "speaker_order": 2,
      "total_speakers": 2
    },
    {
      "phase": "reflection",
      "round": 2,
      "from": "gemini_pro_1",
      "content": "My strategy of clearly defining our positions has been useful for understanding the gap between us, but it has not created movement. I will now pivot to asking more questions to uncover their underlying interests, which may reveal new, more creative paths to a solution.",
      "timestamp": 1755508426.64739
    },
    {
      "phase": "reflection",
      "round": 2,
      "from": "llama_3_1_405b_2",
      "content": "Upon reflection, I notice that active listening and mirroring my counterpart's concerns have helped build trust and keep the conversation productive, but we still haven't converged on a mutually acceptable solution. To break the impasse, I should try injecting more creative options and open-ended questions to uncover hidden interests and stimulate out-of-the-box thinking.",
      "timestamp": 1755508429.407184
    },
    {
      "phase": "discussion",
      "round": 3,
      "from": "gemini_pro_1",
      "content": "I'm finding that Item_2 and Item_0 are the most compelling for my needs at the moment. I'm open to a deal that splits the items evenly, perhaps with each of us getting three. What are your thoughts on that kind of arrangement?",
      "timestamp": 1755508443.275776,
      "speaker_order": 1,
      "total_speakers": 2
    },
    {
      "phase": "discussion",
      "round": 3,
      "from": "llama_3_1_405b_2",
      "content": "I'm particularly interested in Item_2 and Item_5, as I believe they hold significant value. I'd be open to negotiating a deal that involves trading Item_1 or Item_3 for one of these items. A bundle deal involving Item_2 and Item_4 could also be a possibility, depending on the terms.",
      "timestamp": 1755508445.6625469,
      "speaker_order": 2,
      "total_speakers": 2
    },
    {
      "phase": "reflection",
      "round": 3,
      "from": "gemini_pro_1",
      "content": "My analytical approach has effectively clarified our positions, but it has created a deadlock. I will pivot from defending a fixed stance to exploring underlying interests and introducing creative, integrative solutions to break the impasse.",
      "timestamp": 1755508501.390589
    },
    {
      "phase": "reflection",
      "round": 3,
      "from": "llama_3_1_405b_2",
      "content": "Upon reflection, I notice that active listening and clarifying questions have been effective in understanding the counterpart's concerns and needs, but I haven't yet found a mutually beneficial solution. To move forward, I should try to make more creative and concrete proposals that address specific pain points and interests of the other party to create a sense of momentum and progress.",
      "timestamp": 1755508503.915458
    },
    {
      "phase": "discussion",
      "round": 4,
      "from": "gemini_pro_1",
      "content": "My main interests are focused on Item_3 and Item_5, as they are crucial for my objectives. I'm open to a deal where I receive those two items, and you can have the other four. What are your thoughts on that arrangement?",
      "timestamp": 1755508519.447776,
      "speaker_order": 1,
      "total_speakers": 2
    },
    {
      "phase": "discussion",
      "round": 4,
      "from": "llama_3_1_405b_2",
      "content": "I have a strong interest in Item_2 and Item_5, as they hold significant value to me. I'd be willing to consider a trade involving Item_1 or Item_3 in exchange for one of these items. A bundle deal involving Item_2 and Item_4 could also be a possibility, depending on the terms.",
      "timestamp": 1755508521.722493,