{
  "run_index": 0,
  "experiment_config": {
    "num_agents": 2,
    "num_items": 6,
    "max_rounds": 10,
    "competition_level": 0.95,
    "discount_factor": 0.9
  },
  "agents": [
    "gemini_pro_1",
    "llama_3_1_405b_2"
  ],
  "agent_models": {
    "gemini_pro_1": "google/gemini-2.5-pro",
    "llama_3_1_405b_2": "meta-llama/llama-3.1-405b-instruct"
  },
  "initial_preferences_matrix": [
    [
      9.617767593930942,
      6.032664012277012,
      3.948140539394468,
      7.440670007930859,
      0.6954860000696428,
      1.2461036487117394
    ],
    [
      10.0,
      4.794572711819825,
      4.166019571564253,
      4.383338051875347,
      2.8661872215757973,
      2.566563285217597
    ]
  ],
  "initial_preferences_by_agent": {
    "gemini_pro_1": {
      "item_0": 9.617767593930942,
      "item_1": 6.032664012277012,
      "item_2": 3.948140539394468,
      "item_3": 7.440670007930859,
      "item_4": 0.6954860000696428,
      "item_5": 1.2461036487117394
    },
    "llama_3_1_405b_2": {
      "item_0": 10.0,
      "item_1": 4.794572711819825,
      "item_2": 4.166019571564253,
      "item_3": 4.383338051875347,
      "item_4": 2.8661872215757973,
      "item_5": 2.566563285217597
    }
  },
  "preference_cosine_similarities": {
    "agent_0_vs_agent_1": 0.9559707730497606
  },
  "negotiation_outcome": {
    "consensus_reached": true,
    "final_round": 1,
    "final_allocation": {
      "gemini_pro_1": [
        0,
        2,
        4
      ],
      "llama_3_1_405b_2": [
        1,
        3,
        5
      ]
    },
    "final_utilities": {
      "gemini_pro_1": 19.604775740927703,
      "llama_3_1_405b_2": 16.54692027073606
    },
    "utility_realized": null
  },
  "complete_conversation_log": [
    {
      "phase": "discussion",
      "round": 1,
      "from": "gemini_pro_1",
      "content": "Hello. I'm currently evaluating the potential of all the items, but I see some initial value in Item_2 and Item_4. Ultimately, my goal is to find a package deal that is beneficial for both of us, and I am open to discussing any combination of items.",
      "timestamp": 1755506626.095683,
      "speaker_order": 1,
      "total_speakers": 2
    },
    {
      "phase": "discussion",
      "round": 1,
      "from": "llama_3_1_405b_2",
      "content": "I am most interested in Item_2 and Item_5. I would be willing to make a deal involving trading away some of the other items in exchange for those two. However, I am open to other creative trade proposals as well.",
      "timestamp": 1755506628.237715,
      "speaker_order": 2,
      "total_speakers": 2
    }
  ],
  "all_proposals": [],
  "all_votes": [],
  "round_summaries": [],
  "timestamp": "2025-08-18T01:44:48.815912",
  "duration_seconds": 74.59027767181396,
  "metrics": {
    "mean_utility": 18.07584800583188,
    "max_utility": 19.604775740927703,
    "min_utility": 16.54692027073606,
    "utility_spread": 3.057855470191644
  }
}