{
  "run_index": 1,
  "experiment_config": {
    "num_agents": 2,
    "num_items": 6,
    "max_rounds": 10,
    "competition_level": 0.95,
    "discount_factor": 0.9
  },
  "agents": [
    "gemini_pro_1",
    "llama_3_1_405b_2"
  ],
  "agent_models": {
    "gemini_pro_1": "google/gemini-2.5-pro",
    "llama_3_1_405b_2": "meta-llama/llama-3.1-405b-instruct"
  },
  "initial_preferences_matrix": [
    [
      5.780556220499209,
      4.615486895244485,
      8.813417032733469,
      7.3712605379073945,
      0.4695117321333986,
      5.116608810141139
    ],
    [
      4.330796171226273,
      6.199293124935829,
      7.053103597969702,
      7.122843644076318,
      3.9493090603636225,
      6.313812910613618
    ]
  ],
  "initial_preferences_by_agent": {
    "gemini_pro_1": {
      "item_0": 5.780556220499209,
      "item_1": 4.615486895244485,
      "item_2": 8.813417032733469,
      "item_3": 7.3712605379073945,
      "item_4": 0.4695117321333986,
      "item_5": 5.116608810141139
    },
    "llama_3_1_405b_2": {
      "item_0": 4.330796171226273,
      "item_1": 6.199293124935829,
      "item_2": 7.053103597969702,
      "item_3": 7.122843644076318,
      "item_4": 3.9493090603636225,
      "item_5": 6.313812910613618
    }
  },
  "preference_cosine_similarities": {
    "agent_0_vs_agent_1": 0.9499999999999997
  },
  "negotiation_outcome": {
    "consensus_reached": false,
    "final_round": 10,
    "final_allocation": null,
    "final_utilities": null,
    "utility_realized": null
  },
  "complete_conversation_log": [
    {
      "phase": "discussion",
      "round": 1,
      "from": "gemini_pro_1",
      "content": "I'm keeping an open mind at this early stage, but Item_5 and Item_1 have definitely caught my eye. I'm curious which items you are most interested in. Perhaps we can find a simple split that works for both of us.",
      "timestamp": 1755506699.322019,
      "speaker_order": 1,
      "total_speakers": 2
    },
    {
      "phase": "discussion",
      "round": 1,
      "from": "llama_3_1_405b_2",
      "content": "I am most interested in Item_2 and Item_4. I would be open to a deal involving trading Item_1 or Item_3 in exchange for one of my preferred items. However, Item_5 is non-negotiable for me.",
      "timestamp": 1755506702.304544,
      "speaker_order": 2,
      "total_speakers": 2
    },
    {
      "phase": "reflection",
      "round": 1,
      "from": "gemini_pro_1",
      "content": "My initial approach successfully revealed their core priorities, so now I must shift from defending my position to proposing a new option that directly addresses their stated interests to build momentum.",
      "timestamp": 1755506743.62931
    },
    {
      "phase": "reflection",
      "round": 1,
      "from": "llama_3_1_405b_2",
      "content": "Upon reflection, it appears that active listening and open-ended questioning strategies have been effective in encouraging the counterpart to share their interests and concerns. However, I may need to adapt my approach to be more assertive in articulating my own interests and creative solutions to bridge the gap and find mutually beneficial agreements.",
      "timestamp": 1755506745.561005
    },
    {
      "phase": "discussion",
      "round": 2,
      "from": "gemini_pro_1",
      "content": "Item_2 is definitely a priority for me, and Item_5 is also looking quite good. I'm open to different combinations, and I think a deal where we each end up with three items could be a fair outcome for both of us.",
      "timestamp": 1755506757.687894,
      "speaker_order": 1,
      "total_speakers": 2
    },
    {
      "phase": "discussion",
      "round": 2,
      "from": "llama_3_1_405b_2",
      "content": "I am particularly interested in Item_2 and Item_5. I would be open to a deal involving trading Item_0 and Item_3 in exchange for those two items. However, I am flexible and willing to consider alternative proposals that could be mutually beneficial.",
      "timestamp": 1755506759.93738,
      "speaker_order": 2,
      "total_speakers": 2
    },
    {
      "phase": "reflection",
      "round": 2,
      "from": "gemini_pro_1",
      "content": "We have successfully anchored the negotiation and gathered intelligence on their core priorities, but our positional approach has reached its limit. I will now pivot to exploring their underlying interests to create new trade-offs and break the impasse.",
      "timestamp": 1755506799.847421
    },
    {
      "phase": "reflection",
      "round": 2,
      "from": "llama_3_1_405b_2",
      "content": "Upon reflection, I notice that active listening and clarifying questions have been effective in understanding the counterpart's needs and concerns, but I haven't yet found a mutually beneficial solution. To move forward, I should try to explore creative options and alternative solutions that address both parties' interests, rather than just focusing on finding a middle ground.",
      "timestamp": 1755506801.992956
    },
    {
      "phase": "discussion",
      "round": 3,
      "from": "gemini_pro_1",
      "content": "My primary interests are Item_2 and Item_5, as I see a good pairing between them. I'm willing to be quite flexible with the other items to secure that pair. Perhaps a deal where you take the other four items could work for both of us.",
      "timestamp": 1755506817.7006059,
      "speaker_order": 1,
      "total_speakers": 2
    },
    {
      "phase": "discussion",
      "round": 3,
      "from": "llama_3_1_405b_2",
      "content": "I have a strong interest in Item_2 and Item_5, as they hold significant value to me. I'm open to negotiating a deal that involves trading Item_0 or Item_3 in exchange for one of these items. A potential package deal involving Item_2 and Item_4 could also be intriguing, depending on the terms.",
      "timestamp": 1755506819.963682,
      "speaker_order": 2,
      "total_speakers": 2
    },
    {
      "phase": "reflection",
      "round": 3,
      "from": "gemini_pro_1",
      "content": "My strategy of anchoring on data and finding common ground has kept the negotiation productive, but it has not been enough to close the gap. I will now pivot to introducing a new, non-monetary variable to the deal, creating a multi-faceted offer that addresses their underlying interests in a new way.",
      "timestamp": 1755506867.960141
    },
    {
      "phase": "reflection",
      "round": 3,
      "from": "llama_3_1_405b_2",
      "content": "Upon reflection, I notice that actively listening to the counterparty's concerns and responding with empathetic acknowledgments has helped to build rapport and keep the conversation constructive. To move towards a consensus, I should try to introduce more creative and flexible solutions that address the underlying interests and needs of both parties, rather than just focusing on positions.",
      "timestamp": 1755506870.0775769
    },
    {
      "phase": "discussion",
      "round": 4,
      "from": "gemini_pro_1",
      "content": "My main interests lie with Item_1 and Item_5, as they hold the most value for my objectives. I would be willing to offer you the other four items in exchange for just those two. This seems like a fair trade, giving you a significant majority of the items.",
      "timestamp": 1755506883.593643,
      "speaker_order": 1,
      "total_speakers": 2
    },
    {
      "phase": "discussion",
      "round": 4,
      "from": "llama_3_1_405b_2",
      "content": "I'm particularly interested in Item_2 and Item_5, as I believe they hold significant value. I'd be willing to consider a trade involving Item_1 or Item_3 in exchange for one of these items. A bundle deal involving Item_2 and Item_4 could also be a possibility, depending on the terms.",
      "timestamp": 1755506886.0454981,
      "speaker_order": 2,
      "total_speakers": 2
    },
    {
      "phase": "reflection",
      "round": 4,
      "from": "gemini_pro_1",