{
  "run_index": 9,
  "experiment_config": {
    "num_agents": 2,
    "num_items": 6,
    "max_rounds": 10,
    "competition_level": 0.95,
    "discount_factor": 0.9
  },
  "agents": [
    "gemini_pro_1",
    "llama_3_1_405b_2"
  ],
  "agent_models": {
    "gemini_pro_1": "google/gemini-2.5-pro",
    "llama_3_1_405b_2": "meta-llama/llama-3.1-405b-instruct"
  },
  "initial_preferences_matrix": [
    [
      7.299424196016645,
      5.308704296347662,
      7.05409127082587,
      8.394186947140419,
      9.553675911484152,
      7.259214977211172
    ],
    [
      5.870805934540247,
      8.780239990724516,
      9.230973397738968,
      8.366828459262994,
      5.604346630767996,
      6.890070569822046
    ]
  ],
  "initial_preferences_by_agent": {
    "gemini_pro_1": {
      "item_0": 7.299424196016645,
      "item_1": 5.308704296347662,
      "item_2": 7.05409127082587,
      "item_3": 8.394186947140419,
      "item_4": 9.553675911484152,
      "item_5": 7.259214977211172
    },
    "llama_3_1_405b_2": {
      "item_0": 5.870805934540247,
      "item_1": 8.780239990724516,
      "item_2": 9.230973397738968,
      "item_3": 8.366828459262994,
      "item_4": 5.604346630767996,
      "item_5": 6.890070569822046
    }
  },
  "preference_cosine_similarities": {
    "agent_0_vs_agent_1": 0.9499999999999998
  },
  "negotiation_outcome": {
    "consensus_reached": true,
    "final_round": 6,
    "final_allocation": {
      "gemini_pro_1": [
        1,
        3,
        5
      ],
      "llama_3_1_405b_2": [
        0,
        2,
        4
      ]
    },
    "final_utilities": {
      "gemini_pro_1": 10.037226525685647,
      "llama_3_1_405b_2": 9.018744994278382
    },
    "utility_realized": null
  },
  "complete_conversation_log": [
    {
      "phase": "discussion",
      "round": 1,
      "from": "gemini_pro_1",
      "content": "Hello there. I'm keeping an open mind, but Item_1 and Item_5 have initially caught my attention. I'm ultimately aiming for a fair distribution, so I'm sure we can find a split that works for both of us. What items are you most interested in?",
      "timestamp": 1755510455.103307,
      "speaker_order": 1,
      "total_speakers": 2
    },
    {
      "phase": "discussion",
      "round": 1,
      "from": "llama_3_1_405b_2",
      "content": "I am quite interested in Item_2 and Item_3, but I would consider trading them for the right offer. What items are you most drawn to? Perhaps we can find a mutually beneficial arrangement.",
      "timestamp": 1755510457.5871072,
      "speaker_order": 2,
      "total_speakers": 2
    },
    {
      "phase": "reflection",
      "round": 1,
      "from": "gemini_pro_1",
      "content": "My focus on understanding their core interests has established a solid foundation, but to break the impasse, I must now pivot from defending my position to proposing more creative, integrative solutions that address both our needs.",
      "timestamp": 1755510500.544637
    },
    {
      "phase": "reflection",
      "round": 1,
      "from": "llama_3_1_405b_2",
      "content": "The strategies of active listening, asking clarifying questions, and finding common ground seem to be working well. To make further progress, I should focus more on addressing underlying needs and interests rather than just positions, and explore creative win-win solutions.",
      "timestamp": 1755510505.307353
    },
    {
      "phase": "discussion",
      "round": 2,
      "from": "gemini_pro_1",
      "content": "I'm most interested in Item_1 and Item_4, as they are crucial for my objectives. I'm open to a deal where I get those two items, and you can have any three of the remaining four.",
      "timestamp": 1755510522.659874,
      "speaker_order": 1,
      "total_speakers": 2
    },
    {
      "phase": "discussion",
      "round": 2,
      "from": "llama_3_1_405b_2",
      "content": "I am particularly interested in Item_2 and Item_5. I would be open to a trade involving Item_0 or Item_3 in exchange for either of those. What items are you most keen on?",
      "timestamp": 1755510524.7089028,
      "speaker_order": 2,
      "total_speakers": 2
    },
    {
      "phase": "reflection",
      "round": 2,
      "from": "gemini_pro_1",
      "content": "My focus on finding a logical, data-driven solution has kept us at the table, but it hasn't been enough to bridge the gap. I need to shift from defending my position to asking more open-ended questions to better understand your priorities and demonstrate more flexibility.",
      "timestamp": 1755510589.585006
    },
    {
      "phase": "reflection",
      "round": 2,
      "from": "llama_3_1_405b_2",
      "content": "Upon reflection, I notice that active listening and acknowledging the other party's concerns have been effective in building trust and fostering open communication. However, I may need to adapt my approach to be more flexible and creative in finding mutually beneficial solutions, rather than relying solely on logical and rational arguments.",
      "timestamp": 1755510591.149292
    },
    {
      "phase": "discussion",
      "round": 3,
      "from": "gemini_pro_1",
      "content": "My focus is starting to narrow on a few key pieces, specifically Item_4 and Item_1. I see them as essential for the package I'm trying to build. I'm willing to be flexible with the other items to make a deal for those two happen.",
      "timestamp": 1755510610.950484,
      "speaker_order": 1,
      "total_speakers": 2
    },
    {
      "phase": "discussion",
      "round": 3,
      "from": "llama_3_1_405b_2",
      "content": "I'm particularly keen on acquiring Item_2 and Item_5, as I believe they hold significant value. I might be willing to consider a trade involving Item_1 or Item_3 in exchange for one of these items. A bundle deal involving Item_2 and Item_4 could also be of interest to me.",
      "timestamp": 1755510613.046358,
      "speaker_order": 2,
      "total_speakers": 2
    },
    {
      "phase": "reflection",
      "round": 3,
      "from": "gemini_pro_1",
      "content": "My strategy of seeking to understand your underlying interests has been productive, but we are now at an impasse on our stated positions. To move forward, I will shift from single-issue negotiation to proposing a creative package solution that offers new forms of value.",
      "timestamp": 1755510663.449918
    },
    {
      "phase": "reflection",
      "round": 3,
      "from": "llama_3_1_405b_2",
      "content": "Upon reflection, I notice that active listening and asking clarifying questions have been effective in building trust and understanding the counterparty's interests, but we still haven't converged on a mutually acceptable agreement. To break the impasse, I should try differently by making more creative and flexible proposals that address the counterparty's concerns while still meeting my own goals.",
      "timestamp": 1755510665.672535
    },
    {
      "phase": "discussion",
      "round": 4,
      "from": "gemini_pro_1",
      "content": "My main interests lie with Item_2 and Item_1. I believe we could reach a fair agreement if I were to take those two items. In exchange, you could have a larger share, perhaps Item_5 and Item_0.",
      "timestamp": 1755510677.980223,
      "speaker_order": 1,
      "total_speakers": 2
    },
    {
      "phase": "discussion",
      "round": 4,
      "from": "llama_3_1_405b_2",
      "content": "I'm particularly interested in acquiring Item_2 and Item_5, as I believe they hold significant value. I'd be willing to consider a trade involving Item_1 or Item_3 in exchange for one of these items. A bundle deal involving Item_2 and Item_5 could also be a possibility, but I'd need a compelling offer.",
      "timestamp": 1755510680.223114,
      "speaker_order": 2,
      "total_speakers": 2
    },
    {
      "phase": "reflection",
      "round": 4,
      "from": "gemini_pro_1",