{
  "run_index": 2,
  "experiment_config": {
    "num_agents": 2,
    "num_items": 6,
    "max_rounds": 10,
    "competition_level": 0.95,
    "discount_factor": 0.9
  },
  "agents": [
    "gemini_pro_1",
    "llama_3_1_405b_2"
  ],
  "agent_models": {
    "gemini_pro_1": "google/gemini-2.5-pro",
    "llama_3_1_405b_2": "meta-llama/llama-3.1-405b-instruct"
  },
  "initial_preferences_matrix": [
    [
      3.683550617822541,
      8.956736637389849,
      6.316295729096567,
      5.676337395136827,
      6.219942773596947,
      1.2437062962154344
    ],
    [
      6.366376012446169,
      7.640585776708285,
      7.236187449682921,
      5.525819625123981,
      3.659751873359592,
      3.307929580647327
    ]
  ],
  "initial_preferences_by_agent": {
    "gemini_pro_1": {
      "item_0": 3.683550617822541,
      "item_1": 8.956736637389849,
      "item_2": 6.316295729096567,
      "item_3": 5.676337395136827,
      "item_4": 6.219942773596947,
      "item_5": 1.2437062962154344
    },
    "llama_3_1_405b_2": {
      "item_0": 6.366376012446169,
      "item_1": 7.640585776708285,
      "item_2": 7.236187449682921,
      "item_3": 5.525819625123981,
      "item_4": 3.659751873359592,
      "item_5": 3.307929580647327
    }
  },
  "preference_cosine_similarities": {
    "agent_0_vs_agent_1": 0.9499999999999998
  },
  "negotiation_outcome": {
    "consensus_reached": true,
    "final_round": 1,
    "final_allocation": {
      "gemini_pro_1": [
        0,
        1,
        2
      ],
      "llama_3_1_405b_2": [
        3,
        4,
        5
      ]
    },
    "final_utilities": {
      "gemini_pro_1": 9.734428810762118,
      "llama_3_1_405b_2": 12.659097147036679
    },
    "utility_realized": null
  },
  "complete_conversation_log": [
    {
      "phase": "discussion",
      "round": 1,
      "from": "gemini_pro_1",
      "content": "Hello, I'm interested in a few items, primarily Item_0, Item_1, and Item_5. I believe we can find a deal that benefits us both, so I'm curious to hear what items are most important to you.",
      "timestamp": 1755507436.907019,
      "speaker_order": 1,
      "total_speakers": 2
    },
    {
      "phase": "discussion",
      "round": 1,
      "from": "llama_3_1_405b_2",
      "content": "I have a strong interest in Item_2 and Item_5, and I'd be willing to consider a trade that involves one or both of these items. Item_0 is also somewhat appealing, but I'd need a compelling offer to prioritize it. Perhaps a bundle deal involving Item_2 and Item_0 could be mutually beneficial.",
      "timestamp": 1755507439.417462,
      "speaker_order": 2,
      "total_speakers": 2
    }
  ],
  "all_proposals": [],
  "all_votes": [],
  "round_summaries": [],
  "timestamp": "2025-08-18T01:57:43.640097",
  "duration_seconds": 43.02307891845703,
  "metrics": {
    "mean_utility": 11.196762978899399,
    "max_utility": 12.659097147036679,
    "min_utility": 9.734428810762118,
    "utility_spread": 2.9246683362745607
  }
}