{
  "run_index": 8,
  "experiment_config": {
    "num_agents": 2,
    "num_items": 6,
    "max_rounds": 10,
    "competition_level": 0.95,
    "discount_factor": 0.9
  },
  "agents": [
    "gemini_pro_1",
    "llama_3_1_405b_2"
  ],
  "agent_models": {
    "gemini_pro_1": "google/gemini-2.5-pro",
    "llama_3_1_405b_2": "meta-llama/llama-3.1-405b-instruct"
  },
  "initial_preferences_matrix": [
    [
      1.1890106188616123,
      3.7398270873997053,
      2.477182846027394,
      9.493271193455977,
      4.037736683407378,
      6.964682735466202
    ],
    [
      0.45828103279361493,
      4.486317020321876,
      5.863779143722047,
      8.529948593814085,
      2.015360295273194,
      6.702696542417079
    ]
  ],
  "initial_preferences_by_agent": {
    "gemini_pro_1": {
      "item_0": 1.1890106188616123,
      "item_1": 3.7398270873997053,
      "item_2": 2.477182846027394,
      "item_3": 9.493271193455977,
      "item_4": 4.037736683407378,
      "item_5": 6.964682735466202
    },
    "llama_3_1_405b_2": {
      "item_0": 0.45828103279361493,
      "item_1": 4.486317020321876,
      "item_2": 5.863779143722047,
      "item_3": 8.529948593814085,
      "item_4": 2.015360295273194,
      "item_5": 6.702696542417079
    }
  },
  "preference_cosine_similarities": {
    "agent_0_vs_agent_1": 0.95
  },
  "negotiation_outcome": {
    "consensus_reached": false,
    "final_round": 10,
    "final_allocation": null,
    "final_utilities": null,
    "utility_realized": null
  },
  "complete_conversation_log": [
    {
      "phase": "discussion",
      "round": 1,
      "from": "gemini_pro_1",
      "content": "I have my eye on a few items, but Item_5 and Item_3 stand out to me initially. I'm open to any deal that feels balanced, so I'm curious to hear what you are prioritizing. What items are you most interested in?",
      "timestamp": 1755509622.391608,
      "speaker_order": 1,
      "total_speakers": 2
    },
    {
      "phase": "discussion",
      "round": 1,
      "from": "llama_3_1_405b_2",
      "content": "I'm particularly keen on acquiring Item_2 and Item_5, as I believe they hold significant value. I'd be open to negotiating a package deal for these two items, potentially offering concessions on Item_0 or Item_1 in exchange. A trade involving Item_3 could also be intriguing, depending on the terms.",
      "timestamp": 1755509624.523221,
      "speaker_order": 2,
      "total_speakers": 2
    },
    {
      "phase": "reflection",
      "round": 1,
      "from": "gemini_pro_1",
      "content": "Establishing our core priorities has created a clear foundation, but to break the impasse I must now shift from defending my position to exploring their underlying interests to identify potential trade-offs and creative solutions.",
      "timestamp": 1755509661.952846
    },
    {
      "phase": "reflection",
      "round": 1,
      "from": "llama_3_1_405b_2",
      "content": "Upon reflection, I notice that actively listening to the counterpart's concerns and mirroring their language has helped establish a rapport, but we haven't made significant progress on the issue at hand. In the next round, I should try to employ more open-ended questions to uncover underlying interests and introduce creative options to break the impasse.",
      "timestamp": 1755509664.7735949
    },
    {
      "phase": "discussion",
      "round": 2,
      "from": "gemini_pro_1",
      "content": "I have my eye on a few items, particularly Item_2 and Item_4, as they are most valuable to me. I'm also somewhat interested in Item_0. I'm open to any deal, but a simple split where we each end up with three items seems like a fair place to start.",
      "timestamp": 1755509675.845718,
      "speaker_order": 1,
      "total_speakers": 2
    },
    {
      "phase": "discussion",
      "round": 2,
      "from": "llama_3_1_405b_2",
      "content": "I'm particularly interested in Item_2 and Item_5, as I believe they hold significant value. I'd be willing to consider a trade involving Item_1 or Item_3 in exchange for one of these items. A bundle deal including Item_2 and Item_4 could also be a possibility, depending on the terms.",
      "timestamp": 1755509678.5499918,
      "speaker_order": 2,
      "total_speakers": 2
    },
    {
      "phase": "reflection",
      "round": 2,
      "from": "gemini_pro_1",
      "content": "My strategy of anchoring on my key priorities has successfully framed the discussion, but to break the impasse, I must now pivot to exploring their underlying interests to identify potential for creative, multi-issue trade-offs.",
      "timestamp": 1755509724.821504
    },
    {
      "phase": "reflection",
      "round": 2,
      "from": "llama_3_1_405b_2",
      "content": "Upon reflection, I notice that active listening and asking clarifying questions have been effective in building understanding and trust, but I haven't yet found a mutually beneficial solution. To move forward, I should try differently by exploring creative options and making more specific, concrete proposals to bridge the gap between our positions.",
      "timestamp": 1755509731.050598
    },
    {
      "phase": "discussion",
      "round": 3,
      "from": "gemini_pro_1",
      "content": "My primary focus is on acquiring Item_0 and Item_2, as they are the most critical for my objectives. I am open to discussing the remaining items and am willing to be flexible to ensure we both get something we value. What items are you targeting?",
      "timestamp": 1755509745.0875142,
      "speaker_order": 1,
      "total_speakers": 2
    },
    {
      "phase": "discussion",
      "round": 3,
      "from": "llama_3_1_405b_2",
      "content": "I'm particularly interested in acquiring Item_2 and Item_5, as I believe they hold significant value. I'd be willing to consider a trade involving Item_1 or Item_3 in exchange for one of these items. A potential deal could be Item_1 and Item_3 for Item_2, or perhaps Item_3 alone for Item_5.",
      "timestamp": 1755509747.207134,
      "speaker_order": 2,
      "total_speakers": 2
    },
    {
      "phase": "reflection",
      "round": 3,
      "from": "gemini_pro_1",
      "content": "My strategy of clearly articulating my core needs has been effective for establishing my position, but we are now at an impasse. To break the deadlock, I must shift from defending my stance to proposing a creative package deal that links our interests in a new way.",
      "timestamp": 1755509832.776761
    },
    {
      "phase": "reflection",
      "round": 3,
      "from": "llama_3_1_405b_2",
      "content": "The human has been open to considering my perspective, which is good. I should focus more on finding specific areas of agreement rather than debating broader principles.",
      "timestamp": 1755509834.31344
    },
    {
      "phase": "discussion",
      "round": 4,
      "from": "gemini_pro_1",
      "content": "My interest is growing in Item_3 and Item_0, as they seem to have the most potential. I'm open to a simple deal where we each take one of those two. What are your thoughts on that, or which items are you focused on?",
      "timestamp": 1755509857.195076,
      "speaker_order": 1,
      "total_speakers": 2
    },
    {
      "phase": "discussion",
      "round": 4,
      "from": "llama_3_1_405b_2",
      "content": "I'm particularly interested in Item_2 and Item_5, as I believe they hold significant value. I might be willing to make a deal involving Item_0 or Item_1 in exchange for one of these preferred items. A potential trade could be Item_0 and Item_1 for Item_5.",
      "timestamp": 1755509859.539231,
      "speaker_order": 2,
      "total_speakers": 2
    },
    {
      "phase": "reflection",
      "round": 4,
      "from": "gemini_pro_1",