{
  "run_index": 0,
  "experiment_config": {
    "num_agents": 2,
    "num_items": 6,
    "max_rounds": 10,
    "competition_level": 0.95,
    "discount_factor": 0.9
  },
  "agents": [
    "llama_3_1_405b_1",
    "claude_4_sonnet_2"
  ],
  "agent_models": {
    "llama_3_1_405b_1": "meta-llama/llama-3.1-405b-instruct",
    "claude_4_sonnet_2": "anthropic/claude-sonnet-4"
  },
  "initial_preferences_matrix": [
    [
      5.663247930801667,
      1.9068649713651553,
      6.835856766052747,
      2.087664232102633,
      1.394513942767519,
      1.1844478631387667
    ],
    [
      6.058378477416056,
      3.231426881638921,
      5.08810259951332,
      1.7117857452101042,
      2.4653557533758597,
      2.84610782217166
    ]
  ],
  "initial_preferences_by_agent": {
    "llama_3_1_405b_1": {
      "item_0": 5.663247930801667,
      "item_1": 1.9068649713651553,
      "item_2": 6.835856766052747,
      "item_3": 2.087664232102633,
      "item_4": 1.394513942767519,
      "item_5": 1.1844478631387667
    },
    "claude_4_sonnet_2": {
      "item_0": 6.058378477416056,
      "item_1": 3.231426881638921,
      "item_2": 5.08810259951332,
      "item_3": 1.7117857452101042,
      "item_4": 2.4653557533758597,
      "item_5": 2.84610782217166
    }
  },
  "preference_cosine_similarities": {
    "agent_0_vs_agent_1": 0.9499999999999997
  },
  "negotiation_outcome": {
    "consensus_reached": true,
    "final_round": 2,
    "final_allocation": {
      "llama_3_1_405b_1": [
        0,
        1,
        2
      ],
      "claude_4_sonnet_2": [
        3,
        4,
        5
      ]
    },
    "final_utilities": {
      "llama_3_1_405b_1": 4.94635845969489,
      "claude_4_sonnet_2": 17.623240169737734
    },
    "utility_realized": null
  },
  "complete_conversation_log": [
    {
      "phase": "discussion",
      "round": 1,
      "from": "llama_3_1_405b_1",
      "content": "I am most interested in Item_2 and Item_4. I would be open to trading Item_0 or Item_1 in exchange for either of those items. Alternatively, a package deal involving multiple items could also be worth considering.",
      "timestamp": 1755506519.736819,
      "speaker_order": 1,
      "total_speakers": 2
    },
    {
      "phase": "discussion",
      "round": 1,
      "from": "claude_4_sonnet_2",
      "content": "I'm particularly interested in Items 2, 4, and 5, as they align well with my current priorities and would provide significant value to me. I'd be open to trading Items 0, 1, and 3 if you have strong preferences for those, and I'm curious to hear which items are most important to you so we can explore mutually beneficial arrangements.",
      "timestamp": 1755506523.8288372,
      "speaker_order": 2,
      "total_speakers": 2
    },
    {
      "phase": "reflection",
      "round": 1,
      "from": "llama_3_1_405b_1",
      "content": "Upon reflection, I notice that active listening and asking clarifying questions have been effective in building rapport and understanding the counterparty's interests, but we have yet to find a mutually beneficial agreement. To move forward, I should try to pivot from simply gathering information to making more creative and ambitious proposals that might help break the impasse and create new opportunities for agreement.",
      "timestamp": 1755506549.0933068
    },
    {
      "phase": "reflection",
      "round": 1,
      "from": "claude_4_sonnet_2",
      "content": "I notice this appears to be referencing an ongoing negotiation, but I don't have context about what we've been discussing or what positions have been taken. Could you provide some background about the negotiation topic, the parties involved, and what happened in Round 1? This will help me give you more useful strategic reflection and suggestions for moving forward.",
      "timestamp": 1755506552.0942552
    },
    {
      "phase": "discussion",
      "round": 2,
      "from": "llama_3_1_405b_1",
      "content": "I have a strong interest in Item_2 and Item_5, as I believe they hold significant value. I'm open to negotiating a deal that involves trading Item_1 or Item_3 in exchange for one of these items. A potential package deal involving Item_2 and Item_4 could also be mutually beneficial.",
      "timestamp": 1755506554.147211,
      "speaker_order": 1,
      "total_speakers": 2
    },
    {
      "phase": "discussion",
      "round": 2,
      "from": "claude_4_sonnet_2",
      "content": "I'm particularly interested in Items 2, 4, and 5 - they align well with my priorities for this negotiation. I'd be willing to consider a split where I focus on those items while you take Items 0, 1, and 3, though I'm open to discussing alternatives if you have strong preferences for any of the items I mentioned.",
      "timestamp": 1755506558.166671,
      "speaker_order": 2,
      "total_speakers": 2
    }
  ],
  "all_proposals": [],
  "all_votes": [],
  "round_summaries": [],
  "timestamp": "2025-08-18T01:43:06.576013",
  "duration_seconds": 69.54491686820984,
  "metrics": {
    "mean_utility": 11.284799314716313,
    "max_utility": 17.623240169737734,
    "min_utility": 4.94635845969489,
    "utility_spread": 12.676881710042844
  }
}