{
  "run_index": 7,
  "experiment_config": {
    "num_agents": 2,
    "num_items": 6,
    "max_rounds": 10,
    "competition_level": 0.95,
    "discount_factor": 0.9
  },
  "agents": [
    "llama_3_1_405b_1",
    "claude_4_sonnet_2"
  ],
  "agent_models": {
    "llama_3_1_405b_1": "meta-llama/llama-3.1-405b-instruct",
    "claude_4_sonnet_2": "anthropic/claude-sonnet-4"
  },
  "initial_preferences_matrix": [
    [
      6.761337591875471,
      0.611573323460024,
      5.762790960527923,
      1.2844435386076802,
      4.066832027223573,
      6.790561464167174
    ],
    [
      6.839034027908995,
      1.5404914096675213,
      4.494601787829908,
      1.0859480683912979,
      6.9721622993774215,
      4.945991788382822
    ]
  ],
  "initial_preferences_by_agent": {
    "llama_3_1_405b_1": {
      "item_0": 6.761337591875471,
      "item_1": 0.611573323460024,
      "item_2": 5.762790960527923,
      "item_3": 1.2844435386076802,
      "item_4": 4.066832027223573,
      "item_5": 6.790561464167174
    },
    "claude_4_sonnet_2": {
      "item_0": 6.839034027908995,
      "item_1": 1.5404914096675213,
      "item_2": 4.494601787829908,
      "item_3": 1.0859480683912979,
      "item_4": 6.9721622993774215,
      "item_5": 4.945991788382822
    }
  },
  "preference_cosine_similarities": {
    "agent_0_vs_agent_1": 0.9499999999999997
  },
  "negotiation_outcome": {
    "consensus_reached": true,
    "final_round": 3,
    "final_allocation": {
      "llama_3_1_405b_1": [
        0,
        2,
        4
      ],
      "claude_4_sonnet_2": [
        1,
        3,
        5
      ]
    },
    "final_utilities": {
      "llama_3_1_405b_1": 9.944730298829427,
      "claude_4_sonnet_2": 12.531558349094645
    },
    "utility_realized": null
  },
  "complete_conversation_log": [
    {
      "phase": "discussion",
      "round": 1,
      "from": "llama_3_1_405b_1",
      "content": "I am quite intrigued by Item_2 and Item_5. I believe they could be of significant value to me. Perhaps we could explore a trade involving those?",
      "timestamp": 1755507469.228522,
      "speaker_order": 1,
      "total_speakers": 2
    },
    {
      "phase": "discussion",
      "round": 1,
      "from": "claude_4_sonnet_2",
      "content": "I'm particularly interested in Items 2, 4, and 5, as they align well with my priorities and would provide significant value to me. I'd be open to discussing a split where I focus on those items while you take Items 0, 1, and 3 - though I'm curious to hear what your preferences are first to see if we can find mutually beneficial arrangements. What items are you most drawn to?",
      "timestamp": 1755507473.076982,
      "speaker_order": 2,
      "total_speakers": 2
    },
    {
      "phase": "reflection",
      "round": 1,
      "from": "llama_3_1_405b_1",
      "content": "So far, I have focused on clearly stating my position and the reasons behind it. To make progress, I should actively listen to the counterarguments, find common ground, and explore creative solutions that address both sides' concerns.",
      "timestamp": 1755507495.34724
    },
    {
      "phase": "reflection",
      "round": 1,
      "from": "claude_4_sonnet_2",
      "content": "I notice I don't have any information about what happened in Round 1 - no details about the negotiation topic, participants, positions taken, or outcomes. Without knowing what strategies were attempted or how others responded, I cannot meaningfully assess what's working or what to change.\n\nCould you provide context about the negotiation situation and what occurred in Round 1?",
      "timestamp": 1755507498.813832
    },
    {
      "phase": "discussion",
      "round": 2,
      "from": "llama_3_1_405b_1",
      "content": "I'm quite interested in Item_2 and Item_5, as I believe they hold significant value. I'd be open to a trade involving Item_1 or Item_3 in exchange for one of these items. Perhaps a bundle deal involving Item_0 and Item_4 could also be a viable option for me.",
      "timestamp": 1755507500.993721,
      "speaker_order": 1,
      "total_speakers": 2
    },
    {
      "phase": "discussion",
      "round": 2,
      "from": "claude_4_sonnet_2",
      "content": "I'm particularly interested in Items 2, 4, and 5 - they align well with my priorities and would create significant value for me. I'd be willing to consider a trade where I focus on those items while you take the lead on Items 0, 1, and 3, though I'm open to discussing different combinations that work for both of us. What items are you most drawn to?",
      "timestamp": 1755507505.086129,
      "speaker_order": 2,
      "total_speakers": 2
    },
    {
      "phase": "reflection",
      "round": 2,
      "from": "llama_3_1_405b_1",
      "content": "The strategies of active listening, acknowledging concerns, and proposing creative solutions seem to be working well. To further the negotiation, I should focus more on finding common ground and building rapport with the other party.",
      "timestamp": 1755507534.368618
    },
    {
      "phase": "reflection",
      "round": 2,
      "from": "claude_4_sonnet_2",
      "content": "My collaborative approach and focus on mutual benefit seems to be building trust, but I may need to be more assertive about specific terms and deadlines to drive toward concrete agreement rather than just maintaining positive dialogue.\n\nI should balance relationship-building with more direct proposals and create urgency around key decision points to move from exploration to commitment.",
      "timestamp": 1755507538.015599
    },
    {
      "phase": "discussion",
      "round": 3,
      "from": "llama_3_1_405b_1",
      "content": "I have a strong interest in Item_2 and Item_5, as I believe they hold significant value. I'd be willing to consider a trade involving Item_1 or Item_3 in exchange for one of these items, but I'm open to creative proposals. Perhaps a bundle deal involving Item_0 and Item_4 could also pique my interest.",
      "timestamp": 1755507540.437307,
      "speaker_order": 1,
      "total_speakers": 2
    },
    {
      "phase": "discussion",
      "round": 3,
      "from": "claude_4_sonnet_2",
      "content": "I'm particularly interested in Items 2, 4, and 5 - they align well with my priorities and I'd value them highly in any final agreement. I'd be willing to consider trading Items 0, 1, and 3 if you have strong preferences for those, as I see potential for a mutually beneficial arrangement where we each focus on our top priorities. What items are you most drawn to?",
      "timestamp": 1755507544.749299,
      "speaker_order": 2,
      "total_speakers": 2
    }
  ],
  "all_proposals": [],
  "all_votes": [],
  "round_summaries": [],
  "timestamp": "2025-08-18T01:59:27.420334",
  "duration_seconds": 99.81802296638489,
  "metrics": {
    "mean_utility": 11.238144323962036,
    "max_utility": 12.531558349094645,
    "min_utility": 9.944730298829427,
    "utility_spread": 2.5868280502652183
  }
}