{
  "run_index": 2,
  "experiment_config": {
    "num_agents": 2,
    "num_items": 6,
    "max_rounds": 10,
    "competition_level": 0.95,
    "discount_factor": 0.9
  },
  "agents": [
    "llama_3_1_405b_1",
    "claude_4_sonnet_2"
  ],
  "agent_models": {
    "llama_3_1_405b_1": "meta-llama/llama-3.1-405b-instruct",
    "claude_4_sonnet_2": "anthropic/claude-sonnet-4"
  },
  "initial_preferences_matrix": [
    [
      5.269980786085409,
      0.13366407188810214,
      5.088266990418439,
      9.783442221607725,
      1.5779101623648972,
      5.375106086496252
    ],
    [
      5.047765418989013,
      0.9267534321979154,
      6.12157288392937,
      7.538081302937256,
      4.872937870032382,
      6.033048708849107
    ]
  ],
  "initial_preferences_by_agent": {
    "llama_3_1_405b_1": {
      "item_0": 5.269980786085409,
      "item_1": 0.13366407188810214,
      "item_2": 5.088266990418439,
      "item_3": 9.783442221607725,
      "item_4": 1.5779101623648972,
      "item_5": 5.375106086496252
    },
    "claude_4_sonnet_2": {
      "item_0": 5.047765418989013,
      "item_1": 0.9267534321979154,
      "item_2": 6.12157288392937,
      "item_3": 7.538081302937256,
      "item_4": 4.872937870032382,
      "item_5": 6.033048708849107
    }
  },
  "preference_cosine_similarities": {
    "agent_0_vs_agent_1": 0.9499999999999998
  },
  "negotiation_outcome": {
    "consensus_reached": true,
    "final_round": 3,
    "final_allocation": {
      "llama_3_1_405b_1": [
        0,
        1,
        2
      ],
      "claude_4_sonnet_2": [
        3,
        4,
        5
      ]
    },
    "final_utilities": {
      "llama_3_1_405b_1": 8.042583605767781,
      "claude_4_sonnet_2": 12.640544401444396
    },
    "utility_realized": null
  },
  "complete_conversation_log": [
    {
      "phase": "discussion",
      "round": 1,
      "from": "llama_3_1_405b_1",
      "content": "I'm particularly interested in Item_2 and Item_5, as I believe they hold significant value. I'd be open to negotiating a trade involving Item_1 or Item_3 in exchange for one of these preferred items. A bundle deal involving Item_2 and Item_5 could also be an attractive option, depending on the terms.",
      "timestamp": 1755506618.575572,
      "speaker_order": 1,
      "total_speakers": 2
    },
    {
      "phase": "discussion",
      "round": 1,
      "from": "claude_4_sonnet_2",
      "content": "I'm particularly interested in Items 1, 3, and 5 - they align well with my current priorities and would provide significant value to me. I'd be open to trading Items 0, 2, and 4 if you have strong preferences for any of those, as I see potential for mutually beneficial arrangements. What items are you most drawn to, and do you see any natural complementary interests between us?",
      "timestamp": 1755506623.23074,
      "speaker_order": 2,
      "total_speakers": 2
    },
    {
      "phase": "reflection",
      "round": 1,
      "from": "llama_3_1_405b_1",
      "content": "Upon reflection, I notice that active listening and asking clarifying questions have been effective in understanding the counterpart's needs and concerns, but I haven't yet found a mutually beneficial solution. To move forward, I should focus on generating creative options and making more specific, data-driven proposals to bridge the gap between our positions.",
      "timestamp": 1755506650.553791
    },
    {
      "phase": "reflection",
      "round": 1,
      "from": "claude_4_sonnet_2",
      "content": "I need more context about what negotiation is taking place and what positions were taken in Round 1 to provide meaningful strategic reflection. Without knowing the specifics of what was discussed, the parties involved, or the points of contention, I cannot assess what strategies worked or suggest different approaches.\n\nCould you provide details about:\n- What is being negotiated\n- Who the parties are\n- What positions/offers were made in Round 1\n- What the key sticking points seem to be\n\nThis would allow me to give you substantive strategic advice for Round 2.",
      "timestamp": 1755506656.010427
    },
    {
      "phase": "discussion",
      "round": 2,
      "from": "llama_3_1_405b_1",
      "content": "I have a strong interest in Item_2 and Item_5, as I believe they hold significant value. I'd be open to negotiating a deal that involves trading Item_1 or Item_3 in exchange for one of these items. Perhaps a bundle deal involving Item_0 and Item_4 could also be considered, but only if the terms are favorable.",
      "timestamp": 1755506658.309728,
      "speaker_order": 1,
      "total_speakers": 2
    },
    {
      "phase": "discussion",
      "round": 2,
      "from": "claude_4_sonnet_2",
      "content": "I'm particularly interested in Items 2, 4, and 5 - they align well with my priorities and would create significant value for me. I'd be willing to consider a trade where I focus on these items while you take the lead on Items 0, 1, and 3, though I'm open to discussing different combinations that could work for both of us. What items are you most drawn to?",
      "timestamp": 1755506662.627842,
      "speaker_order": 2,
      "total_speakers": 2
    },
    {
      "phase": "reflection",
      "round": 2,
      "from": "llama_3_1_405b_1",
      "content": "Upon reflection, I notice that actively listening to and acknowledging the counterparty's concerns has helped build trust and facilitated open communication. To move closer to a consensus, I should try to be more flexible and creative in my proposals, exploring mutually beneficial solutions that address both parties' key interests.",
      "timestamp": 1755506688.288215
    },
    {
      "phase": "reflection",
      "round": 2,
      "from": "claude_4_sonnet_2",
      "content": "My collaborative approach and detailed explanations seem to be engaging other participants, but I need to be more assertive about my core priorities while remaining flexible on implementation details. I should focus on building stronger coalitions around shared interests rather than trying to accommodate everyone equally.",
      "timestamp": 1755506691.610016
    },
    {
      "phase": "discussion",
      "round": 3,
      "from": "llama_3_1_405b_1",
      "content": "I am most interested in Item_2 and Item_4. I would be open to a deal involving trading away Item_0 or Item_3 if it meant securing one or both of my top choices.",
      "timestamp": 1755506693.912054,
      "speaker_order": 1,
      "total_speakers": 2
    },
    {
      "phase": "discussion",
      "round": 3,
      "from": "claude_4_sonnet_2",
      "content": "I'm particularly interested in Items 2, 4, and 5, as they align well with my strategic objectives. I'd be open to a deal where I take those three items while you get Items 0, 1, and 3 - this could create a mutually beneficial arrangement where we each focus on our priority areas. What are your thoughts on this potential split?",
      "timestamp": 1755506697.765595,
      "speaker_order": 2,
      "total_speakers": 2
    }
  ],
  "all_proposals": [],
  "all_votes": [],
  "round_summaries": [],
  "timestamp": "2025-08-18T01:45:23.164783",
  "duration_seconds": 106.82473802566528,
  "metrics": {
    "mean_utility": 10.341564003606088,
    "max_utility": 12.640544401444396,
    "min_utility": 8.042583605767781,
    "utility_spread": 4.597960795676615
  }
}