{
  "run_index": 1,
  "experiment_config": {
    "num_agents": 2,
    "num_items": 6,
    "max_rounds": 10,
    "competition_level": 0.95,
    "discount_factor": 0.9
  },
  "agents": [
    "claude_4_sonnet_1",
    "claude_4_sonnet_2"
  ],
  "agent_models": {
    "claude_4_sonnet_1": "anthropic/claude-sonnet-4",
    "claude_4_sonnet_2": "anthropic/claude-sonnet-4"
  },
  "initial_preferences_matrix": [
    [
      4.917794019269191,
      8.123098229579533,
      0.2716579759070614,
      9.700684072166482,
      5.143472202073073,
      5.224481160969324
    ],
    [
      3.903793818929119,
      9.125365083630541,
      4.53201757806492,
      8.900002141376039,
      3.4176296588609625,
      5.306193933722359
    ]
  ],
  "initial_preferences_by_agent": {
    "claude_4_sonnet_1": {
      "item_0": 4.917794019269191,
      "item_1": 8.123098229579533,
      "item_2": 0.2716579759070614,
      "item_3": 9.700684072166482,
      "item_4": 5.143472202073073,
      "item_5": 5.224481160969324
    },
    "claude_4_sonnet_2": {
      "item_0": 3.903793818929119,
      "item_1": 9.125365083630541,
      "item_2": 4.53201757806492,
      "item_3": 8.900002141376039,
      "item_4": 3.4176296588609625,
      "item_5": 5.306193933722359
    }
  },
  "preference_cosine_similarities": {
    "agent_0_vs_agent_1": 0.95
  },
  "negotiation_outcome": {
    "consensus_reached": true,
    "final_round": 1,
    "final_allocation": {
      "claude_4_sonnet_1": [
        0,
        2,
        4
      ],
      "claude_4_sonnet_2": [
        1,
        3,
        5
      ]
    },
    "final_utilities": {
      "claude_4_sonnet_1": 4.91219723045594,
      "claude_4_sonnet_2": 18.013549434726336
    },
    "utility_realized": null
  },
  "complete_conversation_log": [
    {
      "phase": "discussion",
      "round": 1,
      "from": "claude_4_sonnet_1",
      "content": "I'm particularly interested in Items 0, 2, and 4 as they align well with my core objectives. I'd be open to exploring a deal where I focus on those items while potentially trading away Items 1, 3, and 5 if you find them valuable. What items are you most drawn to, and do you see any potential for a mutually beneficial arrangement?",
      "timestamp": 1755506760.667011,
      "speaker_order": 1,
      "total_speakers": 2
    },
    {
      "phase": "discussion",
      "round": 1,
      "from": "claude_4_sonnet_2",
      "content": "I'm particularly interested in Items 2, 4, and 5, as they align well with my strategic objectives. I'd be open to exploring a deal where I focus on these items while you take priority on Items 0, 1, and 3 - this could create mutual value if our preferences don't completely overlap. What items are you most drawn to?",
      "timestamp": 1755506764.431376,
      "speaker_order": 2,
      "total_speakers": 2
    }
  ],
  "all_proposals": [],
  "all_votes": [],
  "round_summaries": [],
  "timestamp": "2025-08-18T01:46:32.732992",
  "duration_seconds": 35.675050020217896,
  "metrics": {
    "mean_utility": 11.462873332591137,
    "max_utility": 18.013549434726336,
    "min_utility": 4.91219723045594,
    "utility_spread": 13.101352204270396
  }
}