{
  "run_index": 5,
  "experiment_config": {
    "num_agents": 2,
    "num_items": 6,
    "max_rounds": 10,
    "competition_level": 0.95,
    "discount_factor": 0.9
  },
  "agents": [
    "claude_4_sonnet_1",
    "claude_4_sonnet_2"
  ],
  "agent_models": {
    "claude_4_sonnet_1": "anthropic/claude-sonnet-4",
    "claude_4_sonnet_2": "anthropic/claude-sonnet-4"
  },
  "initial_preferences_matrix": [
    [
      7.807573044385169,
      2.6728179460738333,
      5.896552170271292,
      0.9306635589172041,
      0.4929335855553829,
      0.8976486523779104
    ],
    [
      7.1341699606977516,
      3.962154629812785,
      4.952037924240734,
      1.0316443798104293,
      3.086447982744124,
      1.7544771806463788
    ]
  ],
  "initial_preferences_by_agent": {
    "claude_4_sonnet_1": {
      "item_0": 7.807573044385169,
      "item_1": 2.6728179460738333,
      "item_2": 5.896552170271292,
      "item_3": 0.9306635589172041,
      "item_4": 0.4929335855553829,
      "item_5": 0.8976486523779104
    },
    "claude_4_sonnet_2": {
      "item_0": 7.1341699606977516,
      "item_1": 3.962154629812785,
      "item_2": 4.952037924240734,
      "item_3": 1.0316443798104293,
      "item_4": 3.086447982744124,
      "item_5": 1.7544771806463788
    }
  },
  "preference_cosine_similarities": {
    "agent_0_vs_agent_1": 0.9500000000000001
  },
  "negotiation_outcome": {
    "consensus_reached": true,
    "final_round": 1,
    "final_allocation": {
      "claude_4_sonnet_1": [
        0,
        1,
        2
      ],
      "claude_4_sonnet_2": [
        3,
        4,
        5
      ]
    },
    "final_utilities": {
      "claude_4_sonnet_1": 14.326499388777414,
      "claude_4_sonnet_2": 23.655502319351285
    },
    "utility_realized": null
  },
  "complete_conversation_log": [
    {
      "phase": "discussion",
      "round": 1,
      "from": "claude_4_sonnet_1",
      "content": "I'm particularly interested in Items 2, 4, and 5, as they align well with my priorities and would provide significant value to me. I'd be willing to consider trading away Items 0, 1, and 3 if we can find a mutually beneficial arrangement. What items are you most drawn to, and do you see potential for us to each focus on different subsets?",
      "timestamp": 1755507064.873591,
      "speaker_order": 1,
      "total_speakers": 2
    },
    {
      "phase": "discussion",
      "round": 1,
      "from": "claude_4_sonnet_2",
      "content": "I'm particularly interested in Items 2, 4, and 5, as they align well with my strategic objectives. I'd be open to exploring a deal where I focus on those items while you take priority on Items 0, 1, and 3 - this could create mutual value if our preferences complement each other. What items are you most drawn to, and do you see potential for a mutually beneficial arrangement?",
      "timestamp": 1755507069.5412421,
      "speaker_order": 2,
      "total_speakers": 2
    }
  ],
  "all_proposals": [],
  "all_votes": [],
  "round_summaries": [],
  "timestamp": "2025-08-18T01:51:40.642675",
  "duration_seconds": 39.76718807220459,
  "metrics": {
    "mean_utility": 18.99100085406435,
    "max_utility": 23.655502319351285,
    "min_utility": 14.326499388777414,
    "utility_spread": 9.329002930573871
  }
}